2026-07-26 00:39:12 [scrapy.utils.log] INFO: Scrapy 2.17.0 started (bot: dealwheel_scraper)
2026-07-26 00:39:12 [scrapy.utils.log] INFO: Versions:
{'lxml': '6.1.1',
 'libxml2': '2.11.9',
 'cssselect': '1.4.0',
 'parsel': '1.11.0',
 'w3lib': '2.4.1',
 'Twisted': '26.4.0',
 'Python': '3.14.3 (tags/v3.14.3:323c59a, Feb  3 2026, 16:04:56) [MSC v.1944 '
           '64 bit (AMD64)]',
 'pyOpenSSL': '26.3.0 (OpenSSL 4.0.1 9 Jun 2026)',
 'cryptography': '49.0.0',
 'Platform': 'Windows-10-10.0.19045-SP0'}
2026-07-26 00:39:12 [scrapy.addons] INFO: Enabled addons:
[]
2026-07-26 00:39:12 [scrapy.extensions.telnet] INFO: Telnet Password: b2d3c209b616f17b
2026-07-26 00:39:12 [scrapy.middleware] INFO: Enabled extensions:
['scrapy.extensions.corestats.CoreStats',
 'scrapy.extensions.logcount.LogCount',
 'scrapy.extensions.telnet.TelnetConsole',
 'scrapy.extensions.logstats.LogStats',
 'scrapy.extensions.throttle.AutoThrottle']
2026-07-26 00:39:12 [scrapy.crawler] INFO: Overridden settings:
{'AUTOTHROTTLE_ENABLED': True,
 'AUTOTHROTTLE_MAX_DELAY': 30.0,
 'AUTOTHROTTLE_START_DELAY': 2.0,
 'AUTOTHROTTLE_TARGET_CONCURRENCY': 2.0,
 'BOT_NAME': 'dealwheel_scraper',
 'CONCURRENT_REQUESTS_PER_DOMAIN': 16,
 'FEED_EXPORT_ENCODING': 'utf-8',
 'LOG_FILE': 'logs/dealwheel_scraper.log',
 'LOG_LEVEL': 'INFO',
 'NEWSPIDER_MODULE': 'dealwheel_scraper.spiders',
 'RETRY_HTTP_CODES': [408, 429, 500, 502, 503, 504, 522, 524],
 'RETRY_TIMES': 5,
 'SPIDER_MODULES': ['dealwheel_scraper.spiders']}
2026-07-26 00:39:12 [scrapy.middleware] INFO: Enabled downloader middlewares:
['scrapy.downloadermiddlewares.offsite.OffsiteMiddleware',
 'scrapy.downloadermiddlewares.httpauth.HttpAuthMiddleware',
 'scrapy.downloadermiddlewares.downloadtimeout.DownloadTimeoutMiddleware',
 'scrapy.downloadermiddlewares.defaultheaders.DefaultHeadersMiddleware',
 'dealwheel_scraper.middlewares.RandomUserAgentMiddleware',
 'dealwheel_scraper.middlewares.ProxyMiddleware',
 'dealwheel_scraper.middlewares.RandomDelayMiddleware',
 'scrapy.downloadermiddlewares.retry.RetryMiddleware',
 'scrapy.downloadermiddlewares.redirect.MetaRefreshMiddleware',
 'scrapy.downloadermiddlewares.httpcompression.HttpCompressionMiddleware',
 'scrapy.downloadermiddlewares.redirect.RedirectMiddleware',
 'scrapy.downloadermiddlewares.cookies.CookiesMiddleware',
 'scrapy.downloadermiddlewares.httpproxy.HttpProxyMiddleware',
 'dealwheel_scraper.middlewares.BlockDetectionMiddleware',
 'scrapy.downloadermiddlewares.stats.DownloaderStats']
2026-07-26 00:39:12 [py.warnings] WARNING: C:\Users\Wamiq\AppData\Local\Python\pythoncore-3.14-64\Lib\site-packages\scrapy\core\downloader\middleware.py:46: ScrapyDeprecationWarning: RandomUserAgentMiddleware.process_request() requires a spider argument, this is deprecated and the argument will not be passed in future Scrapy versions. If you need to access the spider instance you can save the crawler instance passed to from_crawler() and use its spider attribute.
  self._check_mw_method_spider_arg(mw.process_request)

2026-07-26 00:39:12 [py.warnings] WARNING: C:\Users\Wamiq\AppData\Local\Python\pythoncore-3.14-64\Lib\site-packages\scrapy\core\downloader\middleware.py:46: ScrapyDeprecationWarning: ProxyMiddleware.process_request() requires a spider argument, this is deprecated and the argument will not be passed in future Scrapy versions. If you need to access the spider instance you can save the crawler instance passed to from_crawler() and use its spider attribute.
  self._check_mw_method_spider_arg(mw.process_request)

2026-07-26 00:39:12 [py.warnings] WARNING: C:\Users\Wamiq\AppData\Local\Python\pythoncore-3.14-64\Lib\site-packages\scrapy\core\downloader\middleware.py:46: ScrapyDeprecationWarning: RandomDelayMiddleware.process_request() requires a spider argument, this is deprecated and the argument will not be passed in future Scrapy versions. If you need to access the spider instance you can save the crawler instance passed to from_crawler() and use its spider attribute.
  self._check_mw_method_spider_arg(mw.process_request)

2026-07-26 00:39:12 [py.warnings] WARNING: C:\Users\Wamiq\AppData\Local\Python\pythoncore-3.14-64\Lib\site-packages\scrapy\core\downloader\middleware.py:49: ScrapyDeprecationWarning: BlockDetectionMiddleware.process_response() requires a spider argument, this is deprecated and the argument will not be passed in future Scrapy versions. If you need to access the spider instance you can save the crawler instance passed to from_crawler() and use its spider attribute.
  self._check_mw_method_spider_arg(mw.process_response)

2026-07-26 00:39:12 [scrapy.middleware] INFO: Enabled spider middlewares:
['scrapy.spidermiddlewares.start.StartSpiderMiddleware',
 'scrapy.spidermiddlewares.httperror.HttpErrorMiddleware',
 'scrapy.spidermiddlewares.referer.RefererMiddleware',
 'scrapy.spidermiddlewares.urllength.UrlLengthMiddleware',
 'scrapy.spidermiddlewares.depth.DepthMiddleware']
2026-07-26 00:39:12 [scrapy.middleware] INFO: Enabled item pipelines:
['dealwheel_scraper.pipelines.ValidationPipeline',
 'dealwheel_scraper.pipelines.CleaningPipeline',
 'dealwheel_scraper.pipelines.PostgresPipeline']
2026-07-26 00:39:12 [py.warnings] WARNING: C:\Users\Wamiq\AppData\Local\Python\pythoncore-3.14-64\Lib\site-packages\scrapy\pipelines\__init__.py:49: ScrapyDeprecationWarning: ValidationPipeline.process_item() requires a spider argument, this is deprecated and the argument will not be passed in future Scrapy versions. If you need to access the spider instance you can save the crawler instance passed to from_crawler() and use its spider attribute.
  self._check_mw_method_spider_arg(mw.process_item)

2026-07-26 00:39:12 [py.warnings] WARNING: C:\Users\Wamiq\AppData\Local\Python\pythoncore-3.14-64\Lib\site-packages\scrapy\pipelines\__init__.py:49: ScrapyDeprecationWarning: CleaningPipeline.process_item() requires a spider argument, this is deprecated and the argument will not be passed in future Scrapy versions. If you need to access the spider instance you can save the crawler instance passed to from_crawler() and use its spider attribute.
  self._check_mw_method_spider_arg(mw.process_item)

2026-07-26 00:39:12 [py.warnings] WARNING: C:\Users\Wamiq\AppData\Local\Python\pythoncore-3.14-64\Lib\site-packages\scrapy\pipelines\__init__.py:43: ScrapyDeprecationWarning: PostgresPipeline.open_spider() requires a spider argument, this is deprecated and the argument will not be passed in future Scrapy versions. If you need to access the spider instance you can save the crawler instance passed to from_crawler() and use its spider attribute.
  self._check_mw_method_spider_arg(mw.open_spider)

2026-07-26 00:39:12 [py.warnings] WARNING: C:\Users\Wamiq\AppData\Local\Python\pythoncore-3.14-64\Lib\site-packages\scrapy\pipelines\__init__.py:46: ScrapyDeprecationWarning: PostgresPipeline.close_spider() requires a spider argument, this is deprecated and the argument will not be passed in future Scrapy versions. If you need to access the spider instance you can save the crawler instance passed to from_crawler() and use its spider attribute.
  self._check_mw_method_spider_arg(mw.close_spider)

2026-07-26 00:39:12 [py.warnings] WARNING: C:\Users\Wamiq\AppData\Local\Python\pythoncore-3.14-64\Lib\site-packages\scrapy\pipelines\__init__.py:49: ScrapyDeprecationWarning: PostgresPipeline.process_item() requires a spider argument, this is deprecated and the argument will not be passed in future Scrapy versions. If you need to access the spider instance you can save the crawler instance passed to from_crawler() and use its spider attribute.
  self._check_mw_method_spider_arg(mw.process_item)

2026-07-26 00:39:12 [scrapy.core.engine] INFO: Spider opened
2026-07-26 00:39:12 [pakwheels_scrape_urls] INFO: PostgresPipeline ready (35 known feature columns).
2026-07-26 00:39:12 [scrapy.extensions.logstats] INFO: Crawled 0 pages (at 0 pages/min), scraped 0 items (at 0 items/min)
2026-07-26 00:39:12 [scrapy.extensions.telnet] INFO: Telnet console listening on 127.0.0.1:6023
2026-07-26 00:39:12 [pakwheels_scrape_urls] INFO: Loaded 65289 not-yet-scraped URL(s) from cars.discovered_urls.
2026-07-26 00:39:12 [py.warnings] WARNING: C:\Users\Wamiq\AppData\Local\Python\pythoncore-3.14-64\Lib\site-packages\scrapy\core\downloader\middleware.py:103: ScrapyDeprecationWarning: dealwheel_scraper.middlewares.RandomDelayMiddleware.process_request returned a Deferred, this is deprecated. Please refactor this function to return a coroutine.
  response = await ensure_awaitable(

2026-07-26 00:39:23 [py.warnings] WARNING: C:\Users\Wamiq\AppData\Local\Python\pythoncore-3.14-64\Lib\site-packages\scrapy\middleware.py:148: ScrapyDeprecationWarning: dealwheel_scraper.pipelines.PostgresPipeline.process_item returned a Deferred, this is deprecated. Please refactor this function to return a coroutine.
  obj = await ensure_awaitable(

2026-07-26 00:40:12 [scrapy.extensions.logstats] INFO: Crawled 93 pages (at 93 pages/min), scraped 93 items (at 93 items/min)
2026-07-26 00:41:12 [scrapy.extensions.logstats] INFO: Crawled 211 pages (at 118 pages/min), scraped 211 items (at 118 items/min)
2026-07-26 00:42:12 [scrapy.extensions.logstats] INFO: Crawled 330 pages (at 119 pages/min), scraped 330 items (at 119 items/min)
2026-07-26 00:43:12 [scrapy.extensions.logstats] INFO: Crawled 450 pages (at 120 pages/min), scraped 450 items (at 120 items/min)
2026-07-26 00:43:52 [dealwheel_scraper.extractors] WARNING: No usable JSON-LD found on https://www.pakwheels.com/used-cars/jaecoo-j7-2026-for-sale-in-bahawalpur-11690678 — falling back to spec-list/meta-description.
2026-07-26 00:44:12 [scrapy.extensions.logstats] INFO: Crawled 565 pages (at 115 pages/min), scraped 565 items (at 115 items/min)
2026-07-26 00:45:12 [scrapy.extensions.logstats] INFO: Crawled 684 pages (at 119 pages/min), scraped 684 items (at 119 items/min)
2026-07-26 00:46:12 [scrapy.extensions.logstats] INFO: Crawled 807 pages (at 123 pages/min), scraped 807 items (at 123 items/min)
2026-07-26 00:47:12 [scrapy.extensions.logstats] INFO: Crawled 927 pages (at 120 pages/min), scraped 927 items (at 120 items/min)
2026-07-26 00:48:12 [scrapy.extensions.logstats] INFO: Crawled 1046 pages (at 119 pages/min), scraped 1046 items (at 119 items/min)
2026-07-26 00:49:12 [scrapy.extensions.logstats] INFO: Crawled 1159 pages (at 113 pages/min), scraped 1159 items (at 113 items/min)
2026-07-26 00:49:40 [scrapy.crawler] INFO: Received SIGINT, shutting down gracefully. Send again to force 
2026-07-26 00:49:40 [scrapy.core.engine] INFO: Closing spider (shutdown)
2026-07-26 00:49:40 [scrapy.crawler] INFO: Received SIGINT twice, forcing unclean shutdown
2026-07-26 00:49:47 [scrapy.utils.log] INFO: Scrapy 2.17.0 started (bot: dealwheel_scraper)
2026-07-26 00:49:47 [scrapy.utils.log] INFO: Versions:
{'lxml': '6.1.1',
 'libxml2': '2.11.9',
 'cssselect': '1.4.0',
 'parsel': '1.11.0',
 'w3lib': '2.4.1',
 'Twisted': '26.4.0',
 'Python': '3.14.3 (tags/v3.14.3:323c59a, Feb  3 2026, 16:04:56) [MSC v.1944 '
           '64 bit (AMD64)]',
 'pyOpenSSL': '26.3.0 (OpenSSL 4.0.1 9 Jun 2026)',
 'cryptography': '49.0.0',
 'Platform': 'Windows-10-10.0.19045-SP0'}
2026-07-26 00:49:47 [scrapy.addons] INFO: Enabled addons:
[]
2026-07-26 00:49:47 [scrapy.extensions.telnet] INFO: Telnet Password: 0b073a95741fd639
2026-07-26 00:49:47 [scrapy.middleware] INFO: Enabled extensions:
['scrapy.extensions.corestats.CoreStats',
 'scrapy.extensions.logcount.LogCount',
 'scrapy.extensions.telnet.TelnetConsole',
 'scrapy.extensions.logstats.LogStats',
 'scrapy.extensions.throttle.AutoThrottle']
2026-07-26 00:49:47 [scrapy.crawler] INFO: Overridden settings:
{'AUTOTHROTTLE_ENABLED': True,
 'AUTOTHROTTLE_MAX_DELAY': 30.0,
 'AUTOTHROTTLE_START_DELAY': 2.0,
 'AUTOTHROTTLE_TARGET_CONCURRENCY': 2.0,
 'BOT_NAME': 'dealwheel_scraper',
 'CONCURRENT_REQUESTS_PER_DOMAIN': 16,
 'FEED_EXPORT_ENCODING': 'utf-8',
 'LOG_FILE': 'logs/dealwheel_scraper.log',
 'LOG_LEVEL': 'INFO',
 'NEWSPIDER_MODULE': 'dealwheel_scraper.spiders',
 'RETRY_HTTP_CODES': [408, 429, 500, 502, 503, 504, 522, 524],
 'RETRY_TIMES': 5,
 'SPIDER_MODULES': ['dealwheel_scraper.spiders']}
2026-07-26 00:49:48 [scrapy.middleware] INFO: Enabled downloader middlewares:
['scrapy.downloadermiddlewares.offsite.OffsiteMiddleware',
 'scrapy.downloadermiddlewares.httpauth.HttpAuthMiddleware',
 'scrapy.downloadermiddlewares.downloadtimeout.DownloadTimeoutMiddleware',
 'scrapy.downloadermiddlewares.defaultheaders.DefaultHeadersMiddleware',
 'dealwheel_scraper.middlewares.RandomUserAgentMiddleware',
 'dealwheel_scraper.middlewares.ProxyMiddleware',
 'dealwheel_scraper.middlewares.RandomDelayMiddleware',
 'scrapy.downloadermiddlewares.retry.RetryMiddleware',
 'scrapy.downloadermiddlewares.redirect.MetaRefreshMiddleware',
 'scrapy.downloadermiddlewares.httpcompression.HttpCompressionMiddleware',
 'scrapy.downloadermiddlewares.redirect.RedirectMiddleware',
 'scrapy.downloadermiddlewares.cookies.CookiesMiddleware',
 'scrapy.downloadermiddlewares.httpproxy.HttpProxyMiddleware',
 'dealwheel_scraper.middlewares.BlockDetectionMiddleware',
 'scrapy.downloadermiddlewares.stats.DownloaderStats']
2026-07-26 00:49:48 [py.warnings] WARNING: C:\Users\Wamiq\AppData\Local\Python\pythoncore-3.14-64\Lib\site-packages\scrapy\core\downloader\middleware.py:46: ScrapyDeprecationWarning: RandomUserAgentMiddleware.process_request() requires a spider argument, this is deprecated and the argument will not be passed in future Scrapy versions. If you need to access the spider instance you can save the crawler instance passed to from_crawler() and use its spider attribute.
  self._check_mw_method_spider_arg(mw.process_request)

2026-07-26 00:49:48 [py.warnings] WARNING: C:\Users\Wamiq\AppData\Local\Python\pythoncore-3.14-64\Lib\site-packages\scrapy\core\downloader\middleware.py:46: ScrapyDeprecationWarning: ProxyMiddleware.process_request() requires a spider argument, this is deprecated and the argument will not be passed in future Scrapy versions. If you need to access the spider instance you can save the crawler instance passed to from_crawler() and use its spider attribute.
  self._check_mw_method_spider_arg(mw.process_request)

2026-07-26 00:49:48 [py.warnings] WARNING: C:\Users\Wamiq\AppData\Local\Python\pythoncore-3.14-64\Lib\site-packages\scrapy\core\downloader\middleware.py:46: ScrapyDeprecationWarning: RandomDelayMiddleware.process_request() requires a spider argument, this is deprecated and the argument will not be passed in future Scrapy versions. If you need to access the spider instance you can save the crawler instance passed to from_crawler() and use its spider attribute.
  self._check_mw_method_spider_arg(mw.process_request)

2026-07-26 00:49:48 [py.warnings] WARNING: C:\Users\Wamiq\AppData\Local\Python\pythoncore-3.14-64\Lib\site-packages\scrapy\core\downloader\middleware.py:49: ScrapyDeprecationWarning: BlockDetectionMiddleware.process_response() requires a spider argument, this is deprecated and the argument will not be passed in future Scrapy versions. If you need to access the spider instance you can save the crawler instance passed to from_crawler() and use its spider attribute.
  self._check_mw_method_spider_arg(mw.process_response)

2026-07-26 00:49:48 [scrapy.middleware] INFO: Enabled spider middlewares:
['scrapy.spidermiddlewares.start.StartSpiderMiddleware',
 'scrapy.spidermiddlewares.httperror.HttpErrorMiddleware',
 'scrapy.spidermiddlewares.referer.RefererMiddleware',
 'scrapy.spidermiddlewares.urllength.UrlLengthMiddleware',
 'scrapy.spidermiddlewares.depth.DepthMiddleware']
2026-07-26 00:49:48 [scrapy.middleware] INFO: Enabled item pipelines:
['dealwheel_scraper.pipelines.ValidationPipeline',
 'dealwheel_scraper.pipelines.CleaningPipeline',
 'dealwheel_scraper.pipelines.PostgresPipeline']
2026-07-26 00:49:48 [py.warnings] WARNING: C:\Users\Wamiq\AppData\Local\Python\pythoncore-3.14-64\Lib\site-packages\scrapy\pipelines\__init__.py:49: ScrapyDeprecationWarning: ValidationPipeline.process_item() requires a spider argument, this is deprecated and the argument will not be passed in future Scrapy versions. If you need to access the spider instance you can save the crawler instance passed to from_crawler() and use its spider attribute.
  self._check_mw_method_spider_arg(mw.process_item)

2026-07-26 00:49:48 [py.warnings] WARNING: C:\Users\Wamiq\AppData\Local\Python\pythoncore-3.14-64\Lib\site-packages\scrapy\pipelines\__init__.py:49: ScrapyDeprecationWarning: CleaningPipeline.process_item() requires a spider argument, this is deprecated and the argument will not be passed in future Scrapy versions. If you need to access the spider instance you can save the crawler instance passed to from_crawler() and use its spider attribute.
  self._check_mw_method_spider_arg(mw.process_item)

2026-07-26 00:49:48 [py.warnings] WARNING: C:\Users\Wamiq\AppData\Local\Python\pythoncore-3.14-64\Lib\site-packages\scrapy\pipelines\__init__.py:43: ScrapyDeprecationWarning: PostgresPipeline.open_spider() requires a spider argument, this is deprecated and the argument will not be passed in future Scrapy versions. If you need to access the spider instance you can save the crawler instance passed to from_crawler() and use its spider attribute.
  self._check_mw_method_spider_arg(mw.open_spider)

2026-07-26 00:49:48 [py.warnings] WARNING: C:\Users\Wamiq\AppData\Local\Python\pythoncore-3.14-64\Lib\site-packages\scrapy\pipelines\__init__.py:46: ScrapyDeprecationWarning: PostgresPipeline.close_spider() requires a spider argument, this is deprecated and the argument will not be passed in future Scrapy versions. If you need to access the spider instance you can save the crawler instance passed to from_crawler() and use its spider attribute.
  self._check_mw_method_spider_arg(mw.close_spider)

2026-07-26 00:49:48 [py.warnings] WARNING: C:\Users\Wamiq\AppData\Local\Python\pythoncore-3.14-64\Lib\site-packages\scrapy\pipelines\__init__.py:49: ScrapyDeprecationWarning: PostgresPipeline.process_item() requires a spider argument, this is deprecated and the argument will not be passed in future Scrapy versions. If you need to access the spider instance you can save the crawler instance passed to from_crawler() and use its spider attribute.
  self._check_mw_method_spider_arg(mw.process_item)

2026-07-26 00:49:48 [scrapy.core.engine] INFO: Spider opened
2026-07-26 00:49:48 [pakwheels_full] INFO: PostgresPipeline ready (35 known feature columns).
2026-07-26 00:49:48 [scrapy.extensions.logstats] INFO: Crawled 0 pages (at 0 pages/min), scraped 0 items (at 0 items/min)
2026-07-26 00:49:48 [scrapy.extensions.telnet] INFO: Telnet console listening on 127.0.0.1:6023
2026-07-26 00:49:48 [py.warnings] WARNING: C:\Users\Wamiq\AppData\Local\Python\pythoncore-3.14-64\Lib\site-packages\scrapy\core\downloader\middleware.py:103: ScrapyDeprecationWarning: dealwheel_scraper.middlewares.RandomDelayMiddleware.process_request returned a Deferred, this is deprecated. Please refactor this function to return a coroutine.
  response = await ensure_awaitable(

2026-07-26 00:49:50 [pakwheels_full] INFO: Found 25 listings on https://www.pakwheels.com/used-cars/search/-/?sortby=model_year-desc
2026-07-26 00:49:52 [py.warnings] WARNING: C:\Users\Wamiq\AppData\Local\Python\pythoncore-3.14-64\Lib\site-packages\scrapy\middleware.py:148: ScrapyDeprecationWarning: dealwheel_scraper.pipelines.PostgresPipeline.process_item returned a Deferred, this is deprecated. Please refactor this function to return a coroutine.
  obj = await ensure_awaitable(

2026-07-26 00:50:00 [pakwheels_full] INFO: Found 25 listings on https://www.pakwheels.com/used-cars/search/-/?sortby=model_year-desc&page=2
2026-07-26 00:50:04 [pakwheels_full] INFO: Found 25 listings on https://www.pakwheels.com/used-cars/search/-/?sortby=model_year-desc&page=3
2026-07-26 00:50:13 [pakwheels_full] INFO: Found 25 listings on https://www.pakwheels.com/used-cars/search/-/?sortby=model_year-desc&page=4
2026-07-26 00:50:22 [pakwheels_full] INFO: Found 25 listings on https://www.pakwheels.com/used-cars/search/-/?sortby=model_year-desc&page=5
2026-07-26 00:50:30 [pakwheels_full] INFO: Found 25 listings on https://www.pakwheels.com/used-cars/search/-/?sortby=model_year-desc&page=6
2026-07-26 00:50:39 [pakwheels_full] INFO: Found 25 listings on https://www.pakwheels.com/used-cars/search/-/?sortby=model_year-desc&page=7
2026-07-26 00:50:47 [pakwheels_full] INFO: Found 25 listings on https://www.pakwheels.com/used-cars/search/-/?sortby=model_year-desc&page=8
2026-07-26 00:50:48 [scrapy.extensions.logstats] INFO: Crawled 119 pages (at 119 pages/min), scraped 111 items (at 111 items/min)
2026-07-26 00:50:56 [pakwheels_full] INFO: Found 25 listings on https://www.pakwheels.com/used-cars/search/-/?sortby=model_year-desc&page=9
2026-07-26 00:51:06 [pakwheels_full] INFO: Found 25 listings on https://www.pakwheels.com/used-cars/search/-/?sortby=model_year-desc&page=10
2026-07-26 00:51:14 [pakwheels_full] INFO: Found 25 listings on https://www.pakwheels.com/used-cars/search/-/?sortby=model_year-desc&page=11
2026-07-26 00:51:22 [pakwheels_full] INFO: Found 25 listings on https://www.pakwheels.com/used-cars/search/-/?sortby=model_year-desc&page=12
2026-07-26 00:51:30 [pakwheels_full] INFO: Found 25 listings on https://www.pakwheels.com/used-cars/search/-/?sortby=model_year-desc&page=13
2026-07-26 00:51:39 [pakwheels_full] INFO: Found 25 listings on https://www.pakwheels.com/used-cars/search/-/?sortby=model_year-desc&page=14
2026-07-26 00:51:48 [pakwheels_full] INFO: Found 25 listings on https://www.pakwheels.com/used-cars/search/-/?sortby=model_year-desc&page=15
2026-07-26 00:51:48 [scrapy.extensions.logstats] INFO: Crawled 247 pages (at 128 pages/min), scraped 232 items (at 121 items/min)
2026-07-26 00:51:57 [pakwheels_full] INFO: Found 25 listings on https://www.pakwheels.com/used-cars/search/-/?sortby=model_year-desc&page=16
2026-07-26 00:52:05 [pakwheels_full] INFO: Found 25 listings on https://www.pakwheels.com/used-cars/search/-/?sortby=model_year-desc&page=17
2026-07-26 00:52:14 [pakwheels_full] INFO: Found 25 listings on https://www.pakwheels.com/used-cars/search/-/?sortby=model_year-desc&page=18
2026-07-26 00:52:24 [pakwheels_full] INFO: Found 25 listings on https://www.pakwheels.com/used-cars/search/-/?sortby=model_year-desc&page=19
2026-07-26 00:52:33 [pakwheels_full] INFO: Found 25 listings on https://www.pakwheels.com/used-cars/search/-/?sortby=model_year-desc&page=20
2026-07-26 00:52:42 [pakwheels_full] INFO: Found 25 listings on https://www.pakwheels.com/used-cars/search/-/?sortby=model_year-desc&page=21
2026-07-26 00:52:48 [scrapy.extensions.logstats] INFO: Crawled 369 pages (at 122 pages/min), scraped 348 items (at 116 items/min)
2026-07-26 00:52:51 [pakwheels_full] INFO: Found 25 listings on https://www.pakwheels.com/used-cars/search/-/?sortby=model_year-desc&page=22
2026-07-26 00:53:00 [pakwheels_full] INFO: Found 25 listings on https://www.pakwheels.com/used-cars/search/-/?sortby=model_year-desc&page=23
2026-07-26 00:53:09 [pakwheels_full] INFO: Found 25 listings on https://www.pakwheels.com/used-cars/search/-/?sortby=model_year-desc&page=24
2026-07-26 00:53:17 [pakwheels_full] INFO: Found 25 listings on https://www.pakwheels.com/used-cars/search/-/?sortby=model_year-desc&page=25
2026-07-26 00:53:25 [pakwheels_full] INFO: Found 25 listings on https://www.pakwheels.com/used-cars/search/-/?sortby=model_year-desc&page=26
2026-07-26 00:53:33 [pakwheels_full] INFO: Found 25 listings on https://www.pakwheels.com/used-cars/search/-/?sortby=model_year-desc&page=27
2026-07-26 00:53:42 [pakwheels_full] INFO: Found 25 listings on https://www.pakwheels.com/used-cars/search/-/?sortby=model_year-desc&page=28
2026-07-26 00:53:48 [scrapy.extensions.logstats] INFO: Crawled 494 pages (at 125 pages/min), scraped 466 items (at 118 items/min)
2026-07-26 00:53:51 [pakwheels_full] INFO: Found 25 listings on https://www.pakwheels.com/used-cars/search/-/?sortby=model_year-desc&page=29
2026-07-26 00:53:59 [pakwheels_full] INFO: Found 25 listings on https://www.pakwheels.com/used-cars/search/-/?sortby=model_year-desc&page=30
2026-07-26 00:54:09 [pakwheels_full] INFO: Found 25 listings on https://www.pakwheels.com/used-cars/search/-/?sortby=model_year-desc&page=31
2026-07-26 00:54:19 [pakwheels_full] INFO: Found 25 listings on https://www.pakwheels.com/used-cars/search/-/?sortby=model_year-desc&page=32
2026-07-26 00:54:28 [pakwheels_full] INFO: Found 25 listings on https://www.pakwheels.com/used-cars/search/-/?sortby=model_year-desc&page=33
2026-07-26 00:54:37 [pakwheels_full] INFO: Found 25 listings on https://www.pakwheels.com/used-cars/search/-/?sortby=model_year-desc&page=34
2026-07-26 00:54:46 [pakwheels_full] INFO: Found 25 listings on https://www.pakwheels.com/used-cars/search/-/?sortby=model_year-desc&page=35
2026-07-26 00:54:48 [scrapy.extensions.logstats] INFO: Crawled 616 pages (at 122 pages/min), scraped 580 items (at 114 items/min)
2026-07-26 00:54:57 [pakwheels_full] INFO: Found 25 listings on https://www.pakwheels.com/used-cars/search/-/?sortby=model_year-desc&page=36
2026-07-26 00:55:04 [pakwheels_full] INFO: Found 25 listings on https://www.pakwheels.com/used-cars/search/-/?sortby=model_year-desc&page=37
2026-07-26 00:55:14 [pakwheels_full] INFO: Found 25 listings on https://www.pakwheels.com/used-cars/search/-/?sortby=model_year-desc&page=38
2026-07-26 00:55:24 [pakwheels_full] INFO: Found 25 listings on https://www.pakwheels.com/used-cars/search/-/?sortby=model_year-desc&page=39
2026-07-26 00:55:34 [pakwheels_full] INFO: Found 25 listings on https://www.pakwheels.com/used-cars/search/-/?sortby=model_year-desc&page=40
2026-07-26 00:55:43 [pakwheels_full] INFO: Found 25 listings on https://www.pakwheels.com/used-cars/search/-/?sortby=model_year-desc&page=41
2026-07-26 00:55:48 [scrapy.extensions.logstats] INFO: Crawled 732 pages (at 116 pages/min), scraped 691 items (at 111 items/min)
2026-07-26 00:55:53 [pakwheels_full] INFO: Found 25 listings on https://www.pakwheels.com/used-cars/search/-/?sortby=model_year-desc&page=42
2026-07-26 00:56:00 [pakwheels_full] INFO: Found 25 listings on https://www.pakwheels.com/used-cars/search/-/?sortby=model_year-desc&page=43
2026-07-26 00:56:10 [pakwheels_full] INFO: Found 25 listings on https://www.pakwheels.com/used-cars/search/-/?sortby=model_year-desc&page=44
2026-07-26 00:56:20 [pakwheels_full] INFO: Found 25 listings on https://www.pakwheels.com/used-cars/search/-/?sortby=model_year-desc&page=45
2026-07-26 00:56:29 [pakwheels_full] INFO: Found 25 listings on https://www.pakwheels.com/used-cars/search/-/?sortby=model_year-desc&page=46
2026-07-26 00:56:38 [pakwheels_full] INFO: Found 25 listings on https://www.pakwheels.com/used-cars/search/-/?sortby=model_year-desc&page=47
2026-07-26 00:56:45 [pakwheels_full] INFO: Found 25 listings on https://www.pakwheels.com/used-cars/search/-/?sortby=model_year-desc&page=48
2026-07-26 00:56:48 [scrapy.extensions.logstats] INFO: Crawled 857 pages (at 125 pages/min), scraped 809 items (at 118 items/min)
2026-07-26 00:56:54 [pakwheels_full] INFO: Found 25 listings on https://www.pakwheels.com/used-cars/search/-/?sortby=model_year-desc&page=49
2026-07-26 00:57:03 [pakwheels_full] INFO: Found 25 listings on https://www.pakwheels.com/used-cars/search/-/?sortby=model_year-desc&page=50
2026-07-26 00:57:14 [pakwheels_full] INFO: Found 25 listings on https://www.pakwheels.com/used-cars/search/-/?sortby=model_year-desc&page=51
2026-07-26 00:57:22 [pakwheels_full] INFO: Found 25 listings on https://www.pakwheels.com/used-cars/search/-/?sortby=model_year-desc&page=52
2026-07-26 00:57:32 [pakwheels_full] INFO: Found 25 listings on https://www.pakwheels.com/used-cars/search/-/?sortby=model_year-desc&page=53
2026-07-26 00:57:41 [pakwheels_full] INFO: Found 25 listings on https://www.pakwheels.com/used-cars/search/-/?sortby=model_year-desc&page=54
2026-07-26 00:57:48 [scrapy.extensions.logstats] INFO: Crawled 971 pages (at 114 pages/min), scraped 917 items (at 108 items/min)
2026-07-26 00:57:50 [pakwheels_full] INFO: Found 25 listings on https://www.pakwheels.com/used-cars/search/-/?sortby=model_year-desc&page=55
2026-07-26 00:58:00 [pakwheels_full] INFO: Found 25 listings on https://www.pakwheels.com/used-cars/search/-/?sortby=model_year-desc&page=56
2026-07-26 00:58:11 [pakwheels_full] INFO: Found 25 listings on https://www.pakwheels.com/used-cars/search/-/?sortby=model_year-desc&page=57
2026-07-26 00:58:21 [pakwheels_full] INFO: Found 25 listings on https://www.pakwheels.com/used-cars/search/-/?sortby=model_year-desc&page=58
2026-07-26 00:58:30 [pakwheels_full] INFO: Found 25 listings on https://www.pakwheels.com/used-cars/search/-/?sortby=model_year-desc&page=59
2026-07-26 00:58:38 [pakwheels_full] INFO: Found 25 listings on https://www.pakwheels.com/used-cars/search/-/?sortby=model_year-desc&page=60
2026-07-26 00:58:48 [scrapy.extensions.logstats] INFO: Crawled 1087 pages (at 116 pages/min), scraped 1027 items (at 110 items/min)
2026-07-26 00:58:48 [pakwheels_full] INFO: Found 25 listings on https://www.pakwheels.com/used-cars/search/-/?sortby=model_year-desc&page=61
2026-07-26 00:58:56 [dealwheel_scraper.extractors] WARNING: No usable JSON-LD found on https://www.pakwheels.com/used-cars/riddara-rd6-2026-for-sale-in-karachi-11742505 — falling back to spec-list/meta-description.
2026-07-26 00:58:57 [pakwheels_full] INFO: Found 25 listings on https://www.pakwheels.com/used-cars/search/-/?sortby=model_year-desc&page=62
2026-07-26 00:59:06 [pakwheels_full] INFO: Found 25 listings on https://www.pakwheels.com/used-cars/search/-/?sortby=model_year-desc&page=63
2026-07-26 00:59:16 [pakwheels_full] INFO: Found 25 listings on https://www.pakwheels.com/used-cars/search/-/?sortby=model_year-desc&page=64
2026-07-26 00:59:26 [pakwheels_full] INFO: Found 25 listings on https://www.pakwheels.com/used-cars/search/-/?sortby=model_year-desc&page=65
2026-07-26 00:59:36 [pakwheels_full] INFO: Found 25 listings on https://www.pakwheels.com/used-cars/search/-/?sortby=model_year-desc&page=66
2026-07-26 00:59:44 [pakwheels_full] INFO: Found 25 listings on https://www.pakwheels.com/used-cars/search/-/?sortby=model_year-desc&page=67
2026-07-26 00:59:48 [scrapy.extensions.logstats] INFO: Crawled 1204 pages (at 117 pages/min), scraped 1136 items (at 109 items/min)
2026-07-26 00:59:52 [pakwheels_full] INFO: Found 25 listings on https://www.pakwheels.com/used-cars/search/-/?sortby=model_year-desc&page=68
2026-07-26 01:00:02 [pakwheels_full] INFO: Found 25 listings on https://www.pakwheels.com/used-cars/search/-/?sortby=model_year-desc&page=69
2026-07-26 01:00:12 [pakwheels_full] INFO: Found 25 listings on https://www.pakwheels.com/used-cars/search/-/?sortby=model_year-desc&page=70
2026-07-26 01:00:23 [pakwheels_full] INFO: Found 25 listings on https://www.pakwheels.com/used-cars/search/-/?sortby=model_year-desc&page=71
2026-07-26 01:00:30 [pakwheels_full] INFO: Found 25 listings on https://www.pakwheels.com/used-cars/search/-/?sortby=model_year-desc&page=72
2026-07-26 01:00:40 [pakwheels_full] INFO: Found 25 listings on https://www.pakwheels.com/used-cars/search/-/?sortby=model_year-desc&page=73
2026-07-26 01:00:48 [scrapy.extensions.logstats] INFO: Crawled 1319 pages (at 115 pages/min), scraped 1245 items (at 109 items/min)
2026-07-26 01:00:49 [pakwheels_full] INFO: Found 25 listings on https://www.pakwheels.com/used-cars/search/-/?sortby=model_year-desc&page=74
2026-07-26 01:00:57 [pakwheels_full] INFO: Found 25 listings on https://www.pakwheels.com/used-cars/search/-/?sortby=model_year-desc&page=75
2026-07-26 01:01:05 [pakwheels_full] INFO: Found 25 listings on https://www.pakwheels.com/used-cars/search/-/?sortby=model_year-desc&page=76
2026-07-26 01:01:14 [pakwheels_full] INFO: Found 25 listings on https://www.pakwheels.com/used-cars/search/-/?sortby=model_year-desc&page=77
2026-07-26 01:01:22 [pakwheels_full] INFO: Found 25 listings on https://www.pakwheels.com/used-cars/search/-/?sortby=model_year-desc&page=78
2026-07-26 01:01:31 [pakwheels_full] INFO: Found 25 listings on https://www.pakwheels.com/used-cars/search/-/?sortby=model_year-desc&page=79
2026-07-26 01:01:39 [pakwheels_full] INFO: Found 25 listings on https://www.pakwheels.com/used-cars/search/-/?sortby=model_year-desc&page=80
2026-07-26 01:01:48 [pakwheels_full] INFO: Found 25 listings on https://www.pakwheels.com/used-cars/search/-/?sortby=model_year-desc&page=81
2026-07-26 01:01:48 [scrapy.extensions.logstats] INFO: Crawled 1448 pages (at 129 pages/min), scraped 1366 items (at 121 items/min)
2026-07-26 01:01:59 [pakwheels_full] INFO: Found 25 listings on https://www.pakwheels.com/used-cars/search/-/?sortby=model_year-desc&page=82
2026-07-26 01:02:06 [pakwheels_full] INFO: Found 25 listings on https://www.pakwheels.com/used-cars/search/-/?sortby=model_year-desc&page=83
2026-07-26 01:02:15 [pakwheels_full] INFO: Found 25 listings on https://www.pakwheels.com/used-cars/search/-/?sortby=model_year-desc&page=84
2026-07-26 01:02:25 [pakwheels_full] INFO: Found 25 listings on https://www.pakwheels.com/used-cars/search/-/?sortby=model_year-desc&page=85
2026-07-26 01:02:34 [pakwheels_full] INFO: Found 25 listings on https://www.pakwheels.com/used-cars/search/-/?sortby=model_year-desc&page=86
2026-07-26 01:02:44 [pakwheels_full] INFO: Found 25 listings on https://www.pakwheels.com/used-cars/search/-/?sortby=model_year-desc&page=87
2026-07-26 01:02:48 [scrapy.extensions.logstats] INFO: Crawled 1566 pages (at 118 pages/min), scraped 1479 items (at 113 items/min)
2026-07-26 01:02:53 [pakwheels_full] INFO: Found 25 listings on https://www.pakwheels.com/used-cars/search/-/?sortby=model_year-desc&page=88
2026-07-26 01:03:02 [pakwheels_full] INFO: Found 25 listings on https://www.pakwheels.com/used-cars/search/-/?sortby=model_year-desc&page=89
2026-07-26 01:03:10 [pakwheels_full] INFO: Found 25 listings on https://www.pakwheels.com/used-cars/search/-/?sortby=model_year-desc&page=90
2026-07-26 01:03:20 [pakwheels_full] INFO: Found 25 listings on https://www.pakwheels.com/used-cars/search/-/?sortby=model_year-desc&page=91
2026-07-26 01:03:29 [pakwheels_full] INFO: Found 25 listings on https://www.pakwheels.com/used-cars/search/-/?sortby=model_year-desc&page=92
2026-07-26 01:03:38 [pakwheels_full] INFO: Found 25 listings on https://www.pakwheels.com/used-cars/search/-/?sortby=model_year-desc&page=93
2026-07-26 01:03:47 [pakwheels_full] INFO: Found 25 listings on https://www.pakwheels.com/used-cars/search/-/?sortby=model_year-desc&page=94
2026-07-26 01:03:48 [scrapy.extensions.logstats] INFO: Crawled 1686 pages (at 120 pages/min), scraped 1591 items (at 112 items/min)
2026-07-26 01:03:57 [pakwheels_full] INFO: Found 25 listings on https://www.pakwheels.com/used-cars/search/-/?sortby=model_year-desc&page=95
2026-07-26 01:04:04 [pakwheels_full] INFO: Found 25 listings on https://www.pakwheels.com/used-cars/search/-/?sortby=model_year-desc&page=96
2026-07-26 01:04:14 [pakwheels_full] INFO: Found 25 listings on https://www.pakwheels.com/used-cars/search/-/?sortby=model_year-desc&page=97
2026-07-26 01:04:24 [pakwheels_full] INFO: Found 25 listings on https://www.pakwheels.com/used-cars/search/-/?sortby=model_year-desc&page=98
2026-07-26 01:04:32 [pakwheels_full] INFO: Found 25 listings on https://www.pakwheels.com/used-cars/search/-/?sortby=model_year-desc&page=99
2026-07-26 01:04:40 [pakwheels_full] INFO: Found 25 listings on https://www.pakwheels.com/used-cars/search/-/?sortby=model_year-desc&page=100
2026-07-26 01:04:48 [scrapy.extensions.logstats] INFO: Crawled 1809 pages (at 123 pages/min), scraped 1709 items (at 118 items/min)
2026-07-26 01:04:49 [pakwheels_full] INFO: Found 25 listings on https://www.pakwheels.com/used-cars/search/-/?sortby=model_year-desc&page=101
2026-07-26 01:04:59 [pakwheels_full] INFO: Found 25 listings on https://www.pakwheels.com/used-cars/search/-/?sortby=model_year-desc&page=102
2026-07-26 01:05:09 [pakwheels_full] INFO: Found 25 listings on https://www.pakwheels.com/used-cars/search/-/?sortby=model_year-desc&page=103
2026-07-26 01:05:17 [pakwheels_full] INFO: Found 25 listings on https://www.pakwheels.com/used-cars/search/-/?sortby=model_year-desc&page=104
2026-07-26 01:05:27 [pakwheels_full] INFO: Found 25 listings on https://www.pakwheels.com/used-cars/search/-/?sortby=model_year-desc&page=105
2026-07-26 01:05:36 [pakwheels_full] INFO: Found 25 listings on https://www.pakwheels.com/used-cars/search/-/?sortby=model_year-desc&page=106
2026-07-26 01:05:45 [pakwheels_full] INFO: Found 25 listings on https://www.pakwheels.com/used-cars/search/-/?sortby=model_year-desc&page=107
2026-07-26 01:05:48 [scrapy.extensions.logstats] INFO: Crawled 1928 pages (at 119 pages/min), scraped 1821 items (at 112 items/min)
2026-07-26 01:05:54 [pakwheels_full] INFO: Found 25 listings on https://www.pakwheels.com/used-cars/search/-/?sortby=model_year-desc&page=108
2026-07-26 01:06:04 [pakwheels_full] INFO: Found 25 listings on https://www.pakwheels.com/used-cars/search/-/?sortby=model_year-desc&page=109
2026-07-26 01:06:13 [pakwheels_full] INFO: Found 25 listings on https://www.pakwheels.com/used-cars/search/-/?sortby=model_year-desc&page=110
2026-07-26 01:06:22 [pakwheels_full] INFO: Found 25 listings on https://www.pakwheels.com/used-cars/search/-/?sortby=model_year-desc&page=111
2026-07-26 01:06:32 [pakwheels_full] INFO: Found 25 listings on https://www.pakwheels.com/used-cars/search/-/?sortby=model_year-desc&page=112
2026-07-26 01:06:42 [pakwheels_full] INFO: Found 25 listings on https://www.pakwheels.com/used-cars/search/-/?sortby=model_year-desc&page=113
2026-07-26 01:06:48 [scrapy.extensions.logstats] INFO: Crawled 2045 pages (at 117 pages/min), scraped 1932 items (at 111 items/min)
2026-07-26 01:06:50 [pakwheels_full] INFO: Found 25 listings on https://www.pakwheels.com/used-cars/search/-/?sortby=model_year-desc&page=114
2026-07-26 01:07:00 [pakwheels_full] INFO: Found 25 listings on https://www.pakwheels.com/used-cars/search/-/?sortby=model_year-desc&page=115
2026-07-26 01:07:08 [pakwheels_full] INFO: Found 25 listings on https://www.pakwheels.com/used-cars/search/-/?sortby=model_year-desc&page=116
2026-07-26 01:07:18 [pakwheels_full] INFO: Found 25 listings on https://www.pakwheels.com/used-cars/search/-/?sortby=model_year-desc&page=117
2026-07-26 01:07:27 [pakwheels_full] INFO: Found 25 listings on https://www.pakwheels.com/used-cars/search/-/?sortby=model_year-desc&page=118
2026-07-26 01:07:35 [pakwheels_full] INFO: Found 25 listings on https://www.pakwheels.com/used-cars/search/-/?sortby=model_year-desc&page=119
2026-07-26 01:07:45 [pakwheels_full] INFO: Found 25 listings on https://www.pakwheels.com/used-cars/search/-/?sortby=model_year-desc&page=120
2026-07-26 01:07:48 [scrapy.extensions.logstats] INFO: Crawled 2165 pages (at 120 pages/min), scraped 2044 items (at 112 items/min)
2026-07-26 01:07:53 [pakwheels_full] INFO: Found 25 listings on https://www.pakwheels.com/used-cars/search/-/?sortby=model_year-desc&page=121
2026-07-26 01:08:03 [pakwheels_full] INFO: Found 25 listings on https://www.pakwheels.com/used-cars/search/-/?sortby=model_year-desc&page=122
2026-07-26 01:08:11 [pakwheels_full] INFO: Found 25 listings on https://www.pakwheels.com/used-cars/search/-/?sortby=model_year-desc&page=123
2026-07-26 01:08:22 [pakwheels_full] INFO: Found 25 listings on https://www.pakwheels.com/used-cars/search/-/?sortby=model_year-desc&page=124
2026-07-26 01:08:30 [pakwheels_full] INFO: Found 25 listings on https://www.pakwheels.com/used-cars/search/-/?sortby=model_year-desc&page=125
2026-07-26 01:08:38 [pakwheels_full] INFO: Found 25 listings on https://www.pakwheels.com/used-cars/search/-/?sortby=model_year-desc&page=126
2026-07-26 01:08:47 [pakwheels_full] INFO: Found 25 listings on https://www.pakwheels.com/used-cars/search/-/?sortby=model_year-desc&page=127
2026-07-26 01:08:48 [scrapy.extensions.logstats] INFO: Crawled 2285 pages (at 120 pages/min), scraped 2158 items (at 114 items/min)
2026-07-26 01:08:57 [pakwheels_full] INFO: Found 25 listings on https://www.pakwheels.com/used-cars/search/-/?sortby=model_year-desc&page=128
2026-07-26 01:09:07 [pakwheels_full] INFO: Found 25 listings on https://www.pakwheels.com/used-cars/search/-/?sortby=model_year-desc&page=129
2026-07-26 01:09:16 [pakwheels_full] INFO: Found 25 listings on https://www.pakwheels.com/used-cars/search/-/?sortby=model_year-desc&page=130
2026-07-26 01:09:26 [pakwheels_full] INFO: Found 25 listings on https://www.pakwheels.com/used-cars/search/-/?sortby=model_year-desc&page=131
2026-07-26 01:09:36 [pakwheels_full] INFO: Found 25 listings on https://www.pakwheels.com/used-cars/search/-/?sortby=model_year-desc&page=132
2026-07-26 01:09:38 [dealwheel_scraper.extractors] WARNING: No usable JSON-LD found on https://www.pakwheels.com/used-cars/ford-mustang-2025-for-sale-in-lahore-10352283 — falling back to spec-list/meta-description.
2026-07-26 01:09:46 [pakwheels_full] INFO: Found 25 listings on https://www.pakwheels.com/used-cars/search/-/?sortby=model_year-desc&page=133
2026-07-26 01:09:48 [scrapy.extensions.logstats] INFO: Crawled 2397 pages (at 112 pages/min), scraped 2263 items (at 105 items/min)
2026-07-26 01:09:55 [pakwheels_full] INFO: Found 25 listings on https://www.pakwheels.com/used-cars/search/-/?sortby=model_year-desc&page=134
2026-07-26 01:10:04 [pakwheels_full] INFO: Found 25 listings on https://www.pakwheels.com/used-cars/search/-/?sortby=model_year-desc&page=135
2026-07-26 01:10:13 [pakwheels_full] INFO: Found 25 listings on https://www.pakwheels.com/used-cars/search/-/?sortby=model_year-desc&page=136
2026-07-26 01:10:23 [pakwheels_full] INFO: Found 25 listings on https://www.pakwheels.com/used-cars/search/-/?sortby=model_year-desc&page=137
2026-07-26 01:10:32 [pakwheels_full] INFO: Found 25 listings on https://www.pakwheels.com/used-cars/search/-/?sortby=model_year-desc&page=138
2026-07-26 01:10:42 [pakwheels_full] INFO: Found 25 listings on https://www.pakwheels.com/used-cars/search/-/?sortby=model_year-desc&page=139
2026-07-26 01:10:48 [scrapy.extensions.logstats] INFO: Crawled 2513 pages (at 116 pages/min), scraped 2374 items (at 111 items/min)
2026-07-26 01:10:52 [pakwheels_full] INFO: Found 25 listings on https://www.pakwheels.com/used-cars/search/-/?sortby=model_year-desc&page=140
2026-07-26 01:11:00 [pakwheels_full] INFO: Found 25 listings on https://www.pakwheels.com/used-cars/search/-/?sortby=model_year-desc&page=141
2026-07-26 01:11:08 [pakwheels_full] INFO: Found 25 listings on https://www.pakwheels.com/used-cars/search/-/?sortby=model_year-desc&page=142
2026-07-26 01:11:17 [pakwheels_full] INFO: Found 25 listings on https://www.pakwheels.com/used-cars/search/-/?sortby=model_year-desc&page=143
2026-07-26 01:11:27 [pakwheels_full] INFO: Found 25 listings on https://www.pakwheels.com/used-cars/search/-/?sortby=model_year-desc&page=144
2026-07-26 01:11:37 [pakwheels_full] INFO: Found 25 listings on https://www.pakwheels.com/used-cars/search/-/?sortby=model_year-desc&page=145
2026-07-26 01:11:46 [pakwheels_full] INFO: Found 25 listings on https://www.pakwheels.com/used-cars/search/-/?sortby=model_year-desc&page=146
2026-07-26 01:11:48 [scrapy.extensions.logstats] INFO: Crawled 2631 pages (at 118 pages/min), scraped 2485 items (at 111 items/min)
2026-07-26 01:11:55 [pakwheels_full] INFO: Found 25 listings on https://www.pakwheels.com/used-cars/search/-/?sortby=model_year-desc&page=147
2026-07-26 01:12:07 [pakwheels_full] INFO: Found 25 listings on https://www.pakwheels.com/used-cars/search/-/?sortby=model_year-desc&page=148
2026-07-26 01:12:16 [pakwheels_full] INFO: Found 25 listings on https://www.pakwheels.com/used-cars/search/-/?sortby=model_year-desc&page=149
2026-07-26 01:12:25 [pakwheels_full] INFO: Found 25 listings on https://www.pakwheels.com/used-cars/search/-/?sortby=model_year-desc&page=150
2026-07-26 01:12:34 [pakwheels_full] INFO: Found 25 listings on https://www.pakwheels.com/used-cars/search/-/?sortby=model_year-desc&page=151
2026-07-26 01:12:44 [pakwheels_full] INFO: Found 25 listings on https://www.pakwheels.com/used-cars/search/-/?sortby=model_year-desc&page=152
2026-07-26 01:12:48 [scrapy.extensions.logstats] INFO: Crawled 2746 pages (at 115 pages/min), scraped 2593 items (at 108 items/min)
2026-07-26 01:12:53 [pakwheels_full] INFO: Found 25 listings on https://www.pakwheels.com/used-cars/search/-/?sortby=model_year-desc&page=153
2026-07-26 01:13:03 [pakwheels_full] INFO: Found 25 listings on https://www.pakwheels.com/used-cars/search/-/?sortby=model_year-desc&page=154
2026-07-26 01:13:12 [pakwheels_full] INFO: Found 25 listings on https://www.pakwheels.com/used-cars/search/-/?sortby=model_year-desc&page=155
2026-07-26 01:13:23 [pakwheels_full] INFO: Found 25 listings on https://www.pakwheels.com/used-cars/search/-/?sortby=model_year-desc&page=156
2026-07-26 01:13:32 [pakwheels_full] INFO: Found 25 listings on https://www.pakwheels.com/used-cars/search/-/?sortby=model_year-desc&page=157
2026-07-26 01:13:42 [pakwheels_full] INFO: Found 25 listings on https://www.pakwheels.com/used-cars/search/-/?sortby=model_year-desc&page=158
2026-07-26 01:13:48 [scrapy.extensions.logstats] INFO: Crawled 2856 pages (at 110 pages/min), scraped 2697 items (at 104 items/min)
2026-07-26 01:13:52 [pakwheels_full] INFO: Found 25 listings on https://www.pakwheels.com/used-cars/search/-/?sortby=model_year-desc&page=159
2026-07-26 01:14:01 [pakwheels_full] INFO: Found 25 listings on https://www.pakwheels.com/used-cars/search/-/?sortby=model_year-desc&page=160
2026-07-26 01:14:12 [pakwheels_full] INFO: Found 25 listings on https://www.pakwheels.com/used-cars/search/-/?sortby=model_year-desc&page=161
2026-07-26 01:14:20 [pakwheels_full] INFO: Found 25 listings on https://www.pakwheels.com/used-cars/search/-/?sortby=model_year-desc&page=162
2026-07-26 01:14:30 [pakwheels_full] INFO: Found 25 listings on https://www.pakwheels.com/used-cars/search/-/?sortby=model_year-desc&page=163
2026-07-26 01:14:40 [pakwheels_full] INFO: Found 25 listings on https://www.pakwheels.com/used-cars/search/-/?sortby=model_year-desc&page=164
2026-07-26 01:14:48 [scrapy.extensions.logstats] INFO: Crawled 2973 pages (at 117 pages/min), scraped 2809 items (at 112 items/min)
2026-07-26 01:14:49 [pakwheels_full] INFO: Found 25 listings on https://www.pakwheels.com/used-cars/search/-/?sortby=model_year-desc&page=165
2026-07-26 01:14:59 [pakwheels_full] INFO: Found 25 listings on https://www.pakwheels.com/used-cars/search/-/?sortby=model_year-desc&page=166
2026-07-26 01:15:08 [pakwheels_full] INFO: Found 25 listings on https://www.pakwheels.com/used-cars/search/-/?sortby=model_year-desc&page=167
2026-07-26 01:15:18 [pakwheels_full] INFO: Found 25 listings on https://www.pakwheels.com/used-cars/search/-/?sortby=model_year-desc&page=168
2026-07-26 01:15:27 [pakwheels_full] INFO: Found 25 listings on https://www.pakwheels.com/used-cars/search/-/?sortby=model_year-desc&page=169
2026-07-26 01:15:36 [pakwheels_full] INFO: Found 25 listings on https://www.pakwheels.com/used-cars/search/-/?sortby=model_year-desc&page=170
2026-07-26 01:15:47 [pakwheels_full] INFO: Found 25 listings on https://www.pakwheels.com/used-cars/search/-/?sortby=model_year-desc&page=171
2026-07-26 01:15:48 [scrapy.extensions.logstats] INFO: Crawled 3085 pages (at 112 pages/min), scraped 2914 items (at 105 items/min)
2026-07-26 01:15:55 [pakwheels_full] INFO: Found 25 listings on https://www.pakwheels.com/used-cars/search/-/?sortby=model_year-desc&page=172
2026-07-26 01:16:03 [pakwheels_full] INFO: Found 25 listings on https://www.pakwheels.com/used-cars/search/-/?sortby=model_year-desc&page=173
2026-07-26 01:16:14 [pakwheels_full] INFO: Found 25 listings on https://www.pakwheels.com/used-cars/search/-/?sortby=model_year-desc&page=174
2026-07-26 01:16:23 [pakwheels_full] INFO: Found 25 listings on https://www.pakwheels.com/used-cars/search/-/?sortby=model_year-desc&page=175
2026-07-26 01:16:31 [pakwheels_full] INFO: Found 25 listings on https://www.pakwheels.com/used-cars/search/-/?sortby=model_year-desc&page=176
2026-07-26 01:16:39 [pakwheels_full] INFO: Found 25 listings on https://www.pakwheels.com/used-cars/search/-/?sortby=model_year-desc&page=177
2026-07-26 01:16:48 [scrapy.extensions.logstats] INFO: Crawled 3203 pages (at 118 pages/min), scraped 3026 items (at 112 items/min)
2026-07-26 01:16:48 [pakwheels_full] INFO: Found 25 listings on https://www.pakwheels.com/used-cars/search/-/?sortby=model_year-desc&page=178
2026-07-26 01:16:57 [pakwheels_full] INFO: Found 25 listings on https://www.pakwheels.com/used-cars/search/-/?sortby=model_year-desc&page=179
2026-07-26 01:17:05 [pakwheels_full] INFO: Found 25 listings on https://www.pakwheels.com/used-cars/search/-/?sortby=model_year-desc&page=180
2026-07-26 01:17:15 [pakwheels_full] INFO: Found 25 listings on https://www.pakwheels.com/used-cars/search/-/?sortby=model_year-desc&page=181
2026-07-26 01:17:23 [pakwheels_full] INFO: Found 25 listings on https://www.pakwheels.com/used-cars/search/-/?sortby=model_year-desc&page=182
2026-07-26 01:17:33 [pakwheels_full] INFO: Found 25 listings on https://www.pakwheels.com/used-cars/search/-/?sortby=model_year-desc&page=183
2026-07-26 01:17:42 [pakwheels_full] INFO: Found 25 listings on https://www.pakwheels.com/used-cars/search/-/?sortby=model_year-desc&page=184
2026-07-26 01:17:48 [scrapy.extensions.logstats] INFO: Crawled 3323 pages (at 120 pages/min), scraped 3139 items (at 113 items/min)
2026-07-26 01:17:51 [pakwheels_full] INFO: Found 25 listings on https://www.pakwheels.com/used-cars/search/-/?sortby=model_year-desc&page=185
2026-07-26 01:18:00 [pakwheels_full] INFO: Found 25 listings on https://www.pakwheels.com/used-cars/search/-/?sortby=model_year-desc&page=186
2026-07-26 01:18:09 [pakwheels_full] INFO: Found 25 listings on https://www.pakwheels.com/used-cars/search/-/?sortby=model_year-desc&page=187
2026-07-26 01:18:17 [pakwheels_full] INFO: Found 25 listings on https://www.pakwheels.com/used-cars/search/-/?sortby=model_year-desc&page=188
2026-07-26 01:18:26 [pakwheels_full] INFO: Found 25 listings on https://www.pakwheels.com/used-cars/search/-/?sortby=model_year-desc&page=189
2026-07-26 01:18:35 [pakwheels_full] INFO: Found 25 listings on https://www.pakwheels.com/used-cars/search/-/?sortby=model_year-desc&page=190
2026-07-26 01:18:45 [pakwheels_full] INFO: Found 25 listings on https://www.pakwheels.com/used-cars/search/-/?sortby=model_year-desc&page=191
2026-07-26 01:18:48 [scrapy.extensions.logstats] INFO: Crawled 3438 pages (at 115 pages/min), scraped 3247 items (at 108 items/min)
2026-07-26 01:18:57 [pakwheels_full] INFO: Found 25 listings on https://www.pakwheels.com/used-cars/search/-/?sortby=model_year-desc&page=192
2026-07-26 01:19:05 [pakwheels_full] INFO: Found 25 listings on https://www.pakwheels.com/used-cars/search/-/?sortby=model_year-desc&page=193
2026-07-26 01:19:15 [pakwheels_full] INFO: Found 25 listings on https://www.pakwheels.com/used-cars/search/-/?sortby=model_year-desc&page=194
2026-07-26 01:19:24 [pakwheels_full] INFO: Found 25 listings on https://www.pakwheels.com/used-cars/search/-/?sortby=model_year-desc&page=195
2026-07-26 01:19:34 [pakwheels_full] INFO: Found 25 listings on https://www.pakwheels.com/used-cars/search/-/?sortby=model_year-desc&page=196
2026-07-26 01:19:44 [pakwheels_full] INFO: Found 25 listings on https://www.pakwheels.com/used-cars/search/-/?sortby=model_year-desc&page=197
2026-07-26 01:19:48 [scrapy.extensions.logstats] INFO: Crawled 3551 pages (at 113 pages/min), scraped 3354 items (at 107 items/min)
2026-07-26 01:19:54 [pakwheels_full] INFO: Found 25 listings on https://www.pakwheels.com/used-cars/search/-/?sortby=model_year-desc&page=198
2026-07-26 01:20:02 [pakwheels_full] INFO: Found 25 listings on https://www.pakwheels.com/used-cars/search/-/?sortby=model_year-desc&page=199
2026-07-26 01:20:13 [pakwheels_full] INFO: Found 25 listings on https://www.pakwheels.com/used-cars/search/-/?sortby=model_year-desc&page=200
2026-07-26 01:20:21 [pakwheels_full] INFO: Found 25 listings on https://www.pakwheels.com/used-cars/search/-/?sortby=model_year-desc&page=201
2026-07-26 01:20:30 [pakwheels_full] INFO: Found 25 listings on https://www.pakwheels.com/used-cars/search/-/?sortby=model_year-desc&page=202
2026-07-26 01:20:39 [pakwheels_full] INFO: Found 25 listings on https://www.pakwheels.com/used-cars/search/-/?sortby=model_year-desc&page=203
2026-07-26 01:20:48 [scrapy.extensions.logstats] INFO: Crawled 3666 pages (at 115 pages/min), scraped 3463 items (at 109 items/min)
2026-07-26 01:20:49 [pakwheels_full] INFO: Found 25 listings on https://www.pakwheels.com/used-cars/search/-/?sortby=model_year-desc&page=204
2026-07-26 01:20:58 [pakwheels_full] INFO: Found 25 listings on https://www.pakwheels.com/used-cars/search/-/?sortby=model_year-desc&page=205
2026-07-26 01:21:09 [pakwheels_full] INFO: Found 25 listings on https://www.pakwheels.com/used-cars/search/-/?sortby=model_year-desc&page=206
2026-07-26 01:21:17 [pakwheels_full] INFO: Found 25 listings on https://www.pakwheels.com/used-cars/search/-/?sortby=model_year-desc&page=207
2026-07-26 01:21:26 [pakwheels_full] INFO: Found 25 listings on https://www.pakwheels.com/used-cars/search/-/?sortby=model_year-desc&page=208
2026-07-26 01:21:36 [pakwheels_full] INFO: Found 25 listings on https://www.pakwheels.com/used-cars/search/-/?sortby=model_year-desc&page=209
2026-07-26 01:21:47 [pakwheels_full] INFO: Found 25 listings on https://www.pakwheels.com/used-cars/search/-/?sortby=model_year-desc&page=210
2026-07-26 01:21:48 [scrapy.extensions.logstats] INFO: Crawled 3781 pages (at 115 pages/min), scraped 3571 items (at 108 items/min)
2026-07-26 01:21:56 [pakwheels_full] INFO: Found 25 listings on https://www.pakwheels.com/used-cars/search/-/?sortby=model_year-desc&page=211
2026-07-26 01:22:06 [pakwheels_full] INFO: Found 25 listings on https://www.pakwheels.com/used-cars/search/-/?sortby=model_year-desc&page=212
2026-07-26 01:22:15 [pakwheels_full] INFO: Found 25 listings on https://www.pakwheels.com/used-cars/search/-/?sortby=model_year-desc&page=213
2026-07-26 01:22:25 [pakwheels_full] INFO: Found 25 listings on https://www.pakwheels.com/used-cars/search/-/?sortby=model_year-desc&page=214
2026-07-26 01:22:35 [pakwheels_full] INFO: Found 25 listings on https://www.pakwheels.com/used-cars/search/-/?sortby=model_year-desc&page=215
2026-07-26 01:22:44 [pakwheels_full] INFO: Found 25 listings on https://www.pakwheels.com/used-cars/search/-/?sortby=model_year-desc&page=216
2026-07-26 01:22:48 [scrapy.extensions.logstats] INFO: Crawled 3897 pages (at 116 pages/min), scraped 3681 items (at 110 items/min)
2026-07-26 01:22:53 [pakwheels_full] INFO: Found 25 listings on https://www.pakwheels.com/used-cars/search/-/?sortby=model_year-desc&page=217
2026-07-26 01:23:02 [pakwheels_full] INFO: Found 25 listings on https://www.pakwheels.com/used-cars/search/-/?sortby=model_year-desc&page=218
2026-07-26 01:23:10 [pakwheels_full] INFO: Found 25 listings on https://www.pakwheels.com/used-cars/search/-/?sortby=model_year-desc&page=219
2026-07-26 01:23:19 [pakwheels_full] INFO: Found 25 listings on https://www.pakwheels.com/used-cars/search/-/?sortby=model_year-desc&page=220
2026-07-26 01:23:27 [pakwheels_full] INFO: Found 25 listings on https://www.pakwheels.com/used-cars/search/-/?sortby=model_year-desc&page=221
2026-07-26 01:23:37 [pakwheels_full] INFO: Found 25 listings on https://www.pakwheels.com/used-cars/search/-/?sortby=model_year-desc&page=222
2026-07-26 01:23:45 [pakwheels_full] INFO: Found 25 listings on https://www.pakwheels.com/used-cars/search/-/?sortby=model_year-desc&page=223
2026-07-26 01:23:48 [scrapy.extensions.logstats] INFO: Crawled 4019 pages (at 122 pages/min), scraped 3796 items (at 115 items/min)
2026-07-26 01:23:55 [pakwheels_full] INFO: Found 25 listings on https://www.pakwheels.com/used-cars/search/-/?sortby=model_year-desc&page=224
2026-07-26 01:24:04 [pakwheels_full] INFO: Found 25 listings on https://www.pakwheels.com/used-cars/search/-/?sortby=model_year-desc&page=225
2026-07-26 01:24:13 [pakwheels_full] INFO: Found 25 listings on https://www.pakwheels.com/used-cars/search/-/?sortby=model_year-desc&page=226
2026-07-26 01:24:23 [pakwheels_full] INFO: Found 25 listings on https://www.pakwheels.com/used-cars/search/-/?sortby=model_year-desc&page=227
2026-07-26 01:24:33 [pakwheels_full] INFO: Found 25 listings on https://www.pakwheels.com/used-cars/search/-/?sortby=model_year-desc&page=228
2026-07-26 01:24:42 [pakwheels_full] INFO: Found 25 listings on https://www.pakwheels.com/used-cars/search/-/?sortby=model_year-desc&page=229
2026-07-26 01:24:48 [scrapy.extensions.logstats] INFO: Crawled 4131 pages (at 112 pages/min), scraped 3901 items (at 105 items/min)
2026-07-26 01:24:51 [pakwheels_full] INFO: Found 25 listings on https://www.pakwheels.com/used-cars/search/-/?sortby=model_year-desc&page=230
2026-07-26 01:25:00 [pakwheels_full] INFO: Found 25 listings on https://www.pakwheels.com/used-cars/search/-/?sortby=model_year-desc&page=231
2026-07-26 01:25:10 [pakwheels_full] INFO: Found 25 listings on https://www.pakwheels.com/used-cars/search/-/?sortby=model_year-desc&page=232
2026-07-26 01:25:20 [pakwheels_full] INFO: Found 25 listings on https://www.pakwheels.com/used-cars/search/-/?sortby=model_year-desc&page=233
2026-07-26 01:25:32 [pakwheels_full] INFO: Found 25 listings on https://www.pakwheels.com/used-cars/search/-/?sortby=model_year-desc&page=234
2026-07-26 01:25:40 [pakwheels_full] INFO: Found 25 listings on https://www.pakwheels.com/used-cars/search/-/?sortby=model_year-desc&page=235
2026-07-26 01:25:48 [scrapy.extensions.logstats] INFO: Crawled 4241 pages (at 110 pages/min), scraped 4006 items (at 105 items/min)
2026-07-26 01:25:48 [pakwheels_full] INFO: Found 25 listings on https://www.pakwheels.com/used-cars/search/-/?sortby=model_year-desc&page=236
2026-07-26 01:25:58 [pakwheels_full] INFO: Found 25 listings on https://www.pakwheels.com/used-cars/search/-/?sortby=model_year-desc&page=237
2026-07-26 01:26:07 [pakwheels_full] INFO: Found 25 listings on https://www.pakwheels.com/used-cars/search/-/?sortby=model_year-desc&page=238
2026-07-26 01:26:15 [pakwheels_full] INFO: Found 25 listings on https://www.pakwheels.com/used-cars/search/-/?sortby=model_year-desc&page=239
2026-07-26 01:26:25 [pakwheels_full] INFO: Found 25 listings on https://www.pakwheels.com/used-cars/search/-/?sortby=model_year-desc&page=240
2026-07-26 01:26:34 [pakwheels_full] INFO: Found 25 listings on https://www.pakwheels.com/used-cars/search/-/?sortby=model_year-desc&page=241
2026-07-26 01:26:44 [pakwheels_full] INFO: Found 25 listings on https://www.pakwheels.com/used-cars/search/-/?sortby=model_year-desc&page=242
2026-07-26 01:26:48 [scrapy.extensions.logstats] INFO: Crawled 4358 pages (at 117 pages/min), scraped 4116 items (at 110 items/min)
2026-07-26 01:26:54 [pakwheels_full] INFO: Found 25 listings on https://www.pakwheels.com/used-cars/search/-/?sortby=model_year-desc&page=243
2026-07-26 01:27:03 [pakwheels_full] INFO: Found 25 listings on https://www.pakwheels.com/used-cars/search/-/?sortby=model_year-desc&page=244
2026-07-26 01:27:12 [pakwheels_full] INFO: Found 25 listings on https://www.pakwheels.com/used-cars/search/-/?sortby=model_year-desc&page=245
2026-07-26 01:27:24 [pakwheels_full] INFO: Found 25 listings on https://www.pakwheels.com/used-cars/search/-/?sortby=model_year-desc&page=246
2026-07-26 01:27:34 [pakwheels_full] INFO: Found 25 listings on https://www.pakwheels.com/used-cars/search/-/?sortby=model_year-desc&page=247
2026-07-26 01:27:42 [pakwheels_full] INFO: Found 25 listings on https://www.pakwheels.com/used-cars/search/-/?sortby=model_year-desc&page=248
2026-07-26 01:27:48 [scrapy.extensions.logstats] INFO: Crawled 4470 pages (at 112 pages/min), scraped 4222 items (at 106 items/min)
2026-07-26 01:27:53 [pakwheels_full] INFO: Found 25 listings on https://www.pakwheels.com/used-cars/search/-/?sortby=model_year-desc&page=249
2026-07-26 01:28:03 [pakwheels_full] INFO: Found 25 listings on https://www.pakwheels.com/used-cars/search/-/?sortby=model_year-desc&page=250
2026-07-26 01:28:13 [pakwheels_full] INFO: Found 25 listings on https://www.pakwheels.com/used-cars/search/-/?sortby=model_year-desc&page=251
2026-07-26 01:28:26 [pakwheels_full] INFO: Found 25 listings on https://www.pakwheels.com/used-cars/search/-/?sortby=model_year-desc&page=252
2026-07-26 01:28:35 [pakwheels_full] INFO: Found 25 listings on https://www.pakwheels.com/used-cars/search/-/?sortby=model_year-desc&page=253
2026-07-26 01:28:44 [pakwheels_full] INFO: Found 25 listings on https://www.pakwheels.com/used-cars/search/-/?sortby=model_year-desc&page=254
2026-07-26 01:28:48 [scrapy.extensions.logstats] INFO: Crawled 4573 pages (at 103 pages/min), scraped 4318 items (at 96 items/min)
2026-07-26 01:28:53 [pakwheels_full] INFO: Found 25 listings on https://www.pakwheels.com/used-cars/search/-/?sortby=model_year-desc&page=255
2026-07-26 01:29:03 [pakwheels_full] INFO: Found 25 listings on https://www.pakwheels.com/used-cars/search/-/?sortby=model_year-desc&page=256
2026-07-26 01:29:10 [pakwheels_full] INFO: Found 25 listings on https://www.pakwheels.com/used-cars/search/-/?sortby=model_year-desc&page=257
2026-07-26 01:29:20 [pakwheels_full] INFO: Found 25 listings on https://www.pakwheels.com/used-cars/search/-/?sortby=model_year-desc&page=258
2026-07-26 01:29:31 [pakwheels_full] INFO: Found 25 listings on https://www.pakwheels.com/used-cars/search/-/?sortby=model_year-desc&page=259
2026-07-26 01:29:40 [pakwheels_full] INFO: Found 25 listings on https://www.pakwheels.com/used-cars/search/-/?sortby=model_year-desc&page=260
2026-07-26 01:29:48 [scrapy.extensions.logstats] INFO: Crawled 4690 pages (at 117 pages/min), scraped 4430 items (at 112 items/min)
2026-07-26 01:29:49 [pakwheels_full] INFO: Found 25 listings on https://www.pakwheels.com/used-cars/search/-/?sortby=model_year-desc&page=261
2026-07-26 01:29:59 [pakwheels_full] INFO: Found 25 listings on https://www.pakwheels.com/used-cars/search/-/?sortby=model_year-desc&page=262
2026-07-26 01:30:08 [pakwheels_full] INFO: Found 25 listings on https://www.pakwheels.com/used-cars/search/-/?sortby=model_year-desc&page=263
2026-07-26 01:30:18 [pakwheels_full] INFO: Found 25 listings on https://www.pakwheels.com/used-cars/search/-/?sortby=model_year-desc&page=264
2026-07-26 01:30:27 [pakwheels_full] INFO: Found 25 listings on https://www.pakwheels.com/used-cars/search/-/?sortby=model_year-desc&page=265
2026-07-26 01:30:36 [pakwheels_full] INFO: Found 25 listings on https://www.pakwheels.com/used-cars/search/-/?sortby=model_year-desc&page=266
2026-07-26 01:30:46 [pakwheels_full] INFO: Found 25 listings on https://www.pakwheels.com/used-cars/search/-/?sortby=model_year-desc&page=267
2026-07-26 01:30:48 [scrapy.extensions.logstats] INFO: Crawled 4806 pages (at 116 pages/min), scraped 4539 items (at 109 items/min)
2026-07-26 01:30:56 [pakwheels_full] INFO: Found 25 listings on https://www.pakwheels.com/used-cars/search/-/?sortby=model_year-desc&page=268
2026-07-26 01:31:05 [pakwheels_full] INFO: Found 25 listings on https://www.pakwheels.com/used-cars/search/-/?sortby=model_year-desc&page=269
2026-07-26 01:31:14 [pakwheels_full] INFO: Found 25 listings on https://www.pakwheels.com/used-cars/search/-/?sortby=model_year-desc&page=270
2026-07-26 01:31:24 [pakwheels_full] INFO: Found 25 listings on https://www.pakwheels.com/used-cars/search/-/?sortby=model_year-desc&page=271
2026-07-26 01:31:33 [pakwheels_full] INFO: Found 25 listings on https://www.pakwheels.com/used-cars/search/-/?sortby=model_year-desc&page=272
2026-07-26 01:31:41 [pakwheels_full] INFO: Found 25 listings on https://www.pakwheels.com/used-cars/search/-/?sortby=model_year-desc&page=273
2026-07-26 01:31:48 [scrapy.extensions.logstats] INFO: Crawled 4929 pages (at 123 pages/min), scraped 4655 items (at 116 items/min)
2026-07-26 01:31:50 [pakwheels_full] INFO: Found 25 listings on https://www.pakwheels.com/used-cars/search/-/?sortby=model_year-desc&page=274
2026-07-26 01:31:58 [pakwheels_full] INFO: Found 25 listings on https://www.pakwheels.com/used-cars/search/-/?sortby=model_year-desc&page=275
2026-07-26 01:32:06 [pakwheels_full] INFO: Found 25 listings on https://www.pakwheels.com/used-cars/search/-/?sortby=model_year-desc&page=276
2026-07-26 01:32:16 [pakwheels_full] INFO: Found 25 listings on https://www.pakwheels.com/used-cars/search/-/?sortby=model_year-desc&page=277
2026-07-26 01:32:24 [pakwheels_full] INFO: Found 25 listings on https://www.pakwheels.com/used-cars/search/-/?sortby=model_year-desc&page=278
2026-07-26 01:32:34 [pakwheels_full] INFO: Found 25 listings on https://www.pakwheels.com/used-cars/search/-/?sortby=model_year-desc&page=279
2026-07-26 01:32:43 [pakwheels_full] INFO: Found 25 listings on https://www.pakwheels.com/used-cars/search/-/?sortby=model_year-desc&page=280
2026-07-26 01:32:48 [scrapy.extensions.logstats] INFO: Crawled 5050 pages (at 121 pages/min), scraped 4770 items (at 115 items/min)
2026-07-26 01:32:54 [pakwheels_full] INFO: Found 25 listings on https://www.pakwheels.com/used-cars/search/-/?sortby=model_year-desc&page=281
2026-07-26 01:33:03 [pakwheels_full] INFO: Found 25 listings on https://www.pakwheels.com/used-cars/search/-/?sortby=model_year-desc&page=282
2026-07-26 01:33:11 [pakwheels_full] INFO: Found 25 listings on https://www.pakwheels.com/used-cars/search/-/?sortby=model_year-desc&page=283
2026-07-26 01:33:19 [pakwheels_full] INFO: Found 25 listings on https://www.pakwheels.com/used-cars/search/-/?sortby=model_year-desc&page=284
2026-07-26 01:33:29 [pakwheels_full] INFO: Found 25 listings on https://www.pakwheels.com/used-cars/search/-/?sortby=model_year-desc&page=285
2026-07-26 01:33:40 [pakwheels_full] INFO: Found 25 listings on https://www.pakwheels.com/used-cars/search/-/?sortby=model_year-desc&page=286
2026-07-26 01:33:48 [scrapy.extensions.logstats] INFO: Crawled 5170 pages (at 120 pages/min), scraped 4883 items (at 113 items/min)
2026-07-26 01:33:48 [pakwheels_full] INFO: Found 25 listings on https://www.pakwheels.com/used-cars/search/-/?sortby=model_year-desc&page=287
2026-07-26 01:33:58 [pakwheels_full] INFO: Found 25 listings on https://www.pakwheels.com/used-cars/search/-/?sortby=model_year-desc&page=288
2026-07-26 01:34:06 [pakwheels_full] INFO: Found 25 listings on https://www.pakwheels.com/used-cars/search/-/?sortby=model_year-desc&page=289
2026-07-26 01:34:13 [pakwheels_full] INFO: Found 25 listings on https://www.pakwheels.com/used-cars/search/-/?sortby=model_year-desc&page=290
2026-07-26 01:34:23 [pakwheels_full] INFO: Found 25 listings on https://www.pakwheels.com/used-cars/search/-/?sortby=model_year-desc&page=291
2026-07-26 01:34:32 [pakwheels_full] INFO: Found 25 listings on https://www.pakwheels.com/used-cars/search/-/?sortby=model_year-desc&page=292
2026-07-26 01:34:41 [pakwheels_full] INFO: Found 25 listings on https://www.pakwheels.com/used-cars/search/-/?sortby=model_year-desc&page=293
2026-07-26 01:34:48 [scrapy.extensions.logstats] INFO: Crawled 5295 pages (at 125 pages/min), scraped 5002 items (at 119 items/min)
2026-07-26 01:34:50 [pakwheels_full] INFO: Found 25 listings on https://www.pakwheels.com/used-cars/search/-/?sortby=model_year-desc&page=294
2026-07-26 01:34:59 [pakwheels_full] INFO: Found 25 listings on https://www.pakwheels.com/used-cars/search/-/?sortby=model_year-desc&page=295
2026-07-26 01:35:09 [pakwheels_full] INFO: Found 25 listings on https://www.pakwheels.com/used-cars/search/-/?sortby=model_year-desc&page=296
2026-07-26 01:35:17 [pakwheels_full] INFO: Found 25 listings on https://www.pakwheels.com/used-cars/search/-/?sortby=model_year-desc&page=297
2026-07-26 01:35:26 [pakwheels_full] INFO: Found 25 listings on https://www.pakwheels.com/used-cars/search/-/?sortby=model_year-desc&page=298
2026-07-26 01:35:36 [pakwheels_full] INFO: Found 25 listings on https://www.pakwheels.com/used-cars/search/-/?sortby=model_year-desc&page=299
2026-07-26 01:35:42 [pakwheels_full] INFO: Found 25 listings on https://www.pakwheels.com/used-cars/search/-/?sortby=model_year-desc&page=300
2026-07-26 01:35:48 [scrapy.extensions.logstats] INFO: Crawled 5413 pages (at 118 pages/min), scraped 5113 items (at 111 items/min)
2026-07-26 01:35:51 [pakwheels_full] INFO: Found 25 listings on https://www.pakwheels.com/used-cars/search/-/?sortby=model_year-desc&page=301
2026-07-26 01:36:00 [pakwheels_full] INFO: Found 25 listings on https://www.pakwheels.com/used-cars/search/-/?sortby=model_year-desc&page=302
2026-07-26 01:36:11 [pakwheels_full] INFO: Found 25 listings on https://www.pakwheels.com/used-cars/search/-/?sortby=model_year-desc&page=303
2026-07-26 01:36:20 [pakwheels_full] INFO: Found 25 listings on https://www.pakwheels.com/used-cars/search/-/?sortby=model_year-desc&page=304
2026-07-26 01:36:29 [pakwheels_full] INFO: Found 25 listings on https://www.pakwheels.com/used-cars/search/-/?sortby=model_year-desc&page=305
2026-07-26 01:36:37 [pakwheels_full] INFO: Found 25 listings on https://www.pakwheels.com/used-cars/search/-/?sortby=model_year-desc&page=306
2026-07-26 01:36:46 [pakwheels_full] INFO: Found 25 listings on https://www.pakwheels.com/used-cars/search/-/?sortby=model_year-desc&page=307
2026-07-26 01:36:48 [scrapy.extensions.logstats] INFO: Crawled 5534 pages (at 121 pages/min), scraped 5227 items (at 114 items/min)
2026-07-26 01:36:54 [pakwheels_full] INFO: Found 25 listings on https://www.pakwheels.com/used-cars/search/-/?sortby=model_year-desc&page=308
2026-07-26 01:37:03 [pakwheels_full] INFO: Found 25 listings on https://www.pakwheels.com/used-cars/search/-/?sortby=model_year-desc&page=309
2026-07-26 01:37:10 [pakwheels_full] INFO: Found 25 listings on https://www.pakwheels.com/used-cars/search/-/?sortby=model_year-desc&page=310
2026-07-26 01:37:18 [pakwheels_full] INFO: Found 25 listings on https://www.pakwheels.com/used-cars/search/-/?sortby=model_year-desc&page=311
2026-07-26 01:37:26 [pakwheels_full] INFO: Found 25 listings on https://www.pakwheels.com/used-cars/search/-/?sortby=model_year-desc&page=312
2026-07-26 01:37:35 [pakwheels_full] INFO: Found 25 listings on https://www.pakwheels.com/used-cars/search/-/?sortby=model_year-desc&page=313
2026-07-26 01:37:43 [pakwheels_full] INFO: Found 25 listings on https://www.pakwheels.com/used-cars/search/-/?sortby=model_year-desc&page=314
2026-07-26 01:37:48 [scrapy.extensions.logstats] INFO: Crawled 5663 pages (at 129 pages/min), scraped 5348 items (at 121 items/min)
2026-07-26 01:37:52 [pakwheels_full] INFO: Found 25 listings on https://www.pakwheels.com/used-cars/search/-/?sortby=model_year-desc&page=315
2026-07-26 01:37:59 [pakwheels_full] INFO: Found 25 listings on https://www.pakwheels.com/used-cars/search/-/?sortby=model_year-desc&page=316
2026-07-26 01:38:09 [pakwheels_full] INFO: Found 25 listings on https://www.pakwheels.com/used-cars/search/-/?sortby=model_year-desc&page=317
2026-07-26 01:38:18 [pakwheels_full] INFO: Found 25 listings on https://www.pakwheels.com/used-cars/search/-/?sortby=model_year-desc&page=318
2026-07-26 01:38:26 [pakwheels_full] INFO: Found 25 listings on https://www.pakwheels.com/used-cars/search/-/?sortby=model_year-desc&page=319
2026-07-26 01:38:31 [dealwheel_scraper.extractors] WARNING: No usable JSON-LD found on https://www.pakwheels.com/used-cars/nissan-ariya-2023-for-sale-in-lahore-11149597 — falling back to spec-list/meta-description.
2026-07-26 01:38:35 [pakwheels_full] INFO: Found 25 listings on https://www.pakwheels.com/used-cars/search/-/?sortby=model_year-desc&page=320
2026-07-26 01:38:43 [pakwheels_full] INFO: Found 25 listings on https://www.pakwheels.com/used-cars/search/-/?sortby=model_year-desc&page=321
2026-07-26 01:38:48 [scrapy.extensions.logstats] INFO: Crawled 5789 pages (at 126 pages/min), scraped 5468 items (at 120 items/min)
2026-07-26 01:38:52 [pakwheels_full] INFO: Found 25 listings on https://www.pakwheels.com/used-cars/search/-/?sortby=model_year-desc&page=322
2026-07-26 01:39:02 [pakwheels_full] INFO: Found 25 listings on https://www.pakwheels.com/used-cars/search/-/?sortby=model_year-desc&page=323
2026-07-26 01:39:11 [pakwheels_full] INFO: Found 25 listings on https://www.pakwheels.com/used-cars/search/-/?sortby=model_year-desc&page=324
2026-07-26 01:39:19 [pakwheels_full] INFO: Found 25 listings on https://www.pakwheels.com/used-cars/search/-/?sortby=model_year-desc&page=325
2026-07-26 01:39:28 [pakwheels_full] INFO: Found 25 listings on https://www.pakwheels.com/used-cars/search/-/?sortby=model_year-desc&page=326
2026-07-26 01:39:38 [pakwheels_full] INFO: Found 25 listings on https://www.pakwheels.com/used-cars/search/-/?sortby=model_year-desc&page=327
2026-07-26 01:39:46 [pakwheels_full] INFO: Found 25 listings on https://www.pakwheels.com/used-cars/search/-/?sortby=model_year-desc&page=328
2026-07-26 01:39:48 [scrapy.extensions.logstats] INFO: Crawled 5906 pages (at 117 pages/min), scraped 5578 items (at 110 items/min)
2026-07-26 01:39:57 [pakwheels_full] INFO: Found 25 listings on https://www.pakwheels.com/used-cars/search/-/?sortby=model_year-desc&page=329
2026-07-26 01:40:05 [pakwheels_full] INFO: Found 25 listings on https://www.pakwheels.com/used-cars/search/-/?sortby=model_year-desc&page=330
2026-07-26 01:40:15 [pakwheels_full] INFO: Found 25 listings on https://www.pakwheels.com/used-cars/search/-/?sortby=model_year-desc&page=331
2026-07-26 01:40:23 [pakwheels_full] INFO: Found 25 listings on https://www.pakwheels.com/used-cars/search/-/?sortby=model_year-desc&page=332
2026-07-26 01:40:32 [pakwheels_full] INFO: Found 25 listings on https://www.pakwheels.com/used-cars/search/-/?sortby=model_year-desc&page=333
2026-07-26 01:40:41 [pakwheels_full] INFO: Found 25 listings on https://www.pakwheels.com/used-cars/search/-/?sortby=model_year-desc&page=334
2026-07-26 01:40:48 [scrapy.extensions.logstats] INFO: Crawled 6031 pages (at 125 pages/min), scraped 5697 items (at 119 items/min)
2026-07-26 01:40:50 [pakwheels_full] INFO: Found 25 listings on https://www.pakwheels.com/used-cars/search/-/?sortby=model_year-desc&page=335
2026-07-26 01:40:58 [pakwheels_full] INFO: Found 25 listings on https://www.pakwheels.com/used-cars/search/-/?sortby=model_year-desc&page=336
2026-07-26 01:41:07 [pakwheels_full] INFO: Found 25 listings on https://www.pakwheels.com/used-cars/search/-/?sortby=model_year-desc&page=337
2026-07-26 01:41:17 [pakwheels_full] INFO: Found 25 listings on https://www.pakwheels.com/used-cars/search/-/?sortby=model_year-desc&page=338
2026-07-26 01:41:27 [pakwheels_full] INFO: Found 25 listings on https://www.pakwheels.com/used-cars/search/-/?sortby=model_year-desc&page=339
2026-07-26 01:41:37 [pakwheels_full] INFO: Found 25 listings on https://www.pakwheels.com/used-cars/search/-/?sortby=model_year-desc&page=340
2026-07-26 01:41:47 [pakwheels_full] INFO: Found 25 listings on https://www.pakwheels.com/used-cars/search/-/?sortby=model_year-desc&page=341
2026-07-26 01:41:48 [scrapy.extensions.logstats] INFO: Crawled 6150 pages (at 119 pages/min), scraped 5809 items (at 112 items/min)
2026-07-26 01:41:55 [pakwheels_full] INFO: Found 25 listings on https://www.pakwheels.com/used-cars/search/-/?sortby=model_year-desc&page=342
2026-07-26 01:42:05 [pakwheels_full] INFO: Found 25 listings on https://www.pakwheels.com/used-cars/search/-/?sortby=model_year-desc&page=343
2026-07-26 01:42:13 [pakwheels_full] INFO: Found 25 listings on https://www.pakwheels.com/used-cars/search/-/?sortby=model_year-desc&page=344
2026-07-26 01:42:22 [pakwheels_full] INFO: Found 25 listings on https://www.pakwheels.com/used-cars/search/-/?sortby=model_year-desc&page=345
2026-07-26 01:42:33 [pakwheels_full] INFO: Found 25 listings on https://www.pakwheels.com/used-cars/search/-/?sortby=model_year-desc&page=346
2026-07-26 01:42:41 [pakwheels_full] INFO: Found 25 listings on https://www.pakwheels.com/used-cars/search/-/?sortby=model_year-desc&page=347
2026-07-26 01:42:48 [scrapy.extensions.logstats] INFO: Crawled 6271 pages (at 121 pages/min), scraped 5923 items (at 114 items/min)
2026-07-26 01:42:49 [pakwheels_full] INFO: Found 25 listings on https://www.pakwheels.com/used-cars/search/-/?sortby=model_year-desc&page=348
2026-07-26 01:42:58 [pakwheels_full] INFO: Found 25 listings on https://www.pakwheels.com/used-cars/search/-/?sortby=model_year-desc&page=349
2026-07-26 01:43:06 [pakwheels_full] INFO: Found 25 listings on https://www.pakwheels.com/used-cars/search/-/?sortby=model_year-desc&page=350
2026-07-26 01:43:14 [pakwheels_full] INFO: Found 25 listings on https://www.pakwheels.com/used-cars/search/-/?sortby=model_year-desc&page=351
2026-07-26 01:43:21 [pakwheels_full] INFO: Found 25 listings on https://www.pakwheels.com/used-cars/search/-/?sortby=model_year-desc&page=352
2026-07-26 01:43:31 [pakwheels_full] INFO: Found 25 listings on https://www.pakwheels.com/used-cars/search/-/?sortby=model_year-desc&page=353
2026-07-26 01:43:41 [pakwheels_full] INFO: Found 25 listings on https://www.pakwheels.com/used-cars/search/-/?sortby=model_year-desc&page=354
2026-07-26 01:43:48 [scrapy.extensions.logstats] INFO: Crawled 6395 pages (at 124 pages/min), scraped 6041 items (at 118 items/min)
2026-07-26 01:43:50 [pakwheels_full] INFO: Found 25 listings on https://www.pakwheels.com/used-cars/search/-/?sortby=model_year-desc&page=355
2026-07-26 01:43:58 [pakwheels_full] INFO: Found 25 listings on https://www.pakwheels.com/used-cars/search/-/?sortby=model_year-desc&page=356
2026-07-26 01:44:07 [pakwheels_full] INFO: Found 25 listings on https://www.pakwheels.com/used-cars/search/-/?sortby=model_year-desc&page=357
2026-07-26 01:44:18 [pakwheels_full] INFO: Found 25 listings on https://www.pakwheels.com/used-cars/search/-/?sortby=model_year-desc&page=358
2026-07-26 01:44:26 [pakwheels_full] INFO: Found 25 listings on https://www.pakwheels.com/used-cars/search/-/?sortby=model_year-desc&page=359
2026-07-26 01:44:34 [pakwheels_full] INFO: Found 25 listings on https://www.pakwheels.com/used-cars/search/-/?sortby=model_year-desc&page=360
2026-07-26 01:44:46 [pakwheels_full] INFO: Found 25 listings on https://www.pakwheels.com/used-cars/search/-/?sortby=model_year-desc&page=361
2026-07-26 01:44:48 [scrapy.extensions.logstats] INFO: Crawled 6515 pages (at 120 pages/min), scraped 6153 items (at 112 items/min)
2026-07-26 01:44:57 [pakwheels_full] INFO: Found 25 listings on https://www.pakwheels.com/used-cars/search/-/?sortby=model_year-desc&page=362
2026-07-26 01:45:08 [pakwheels_full] INFO: Found 25 listings on https://www.pakwheels.com/used-cars/search/-/?sortby=model_year-desc&page=363
2026-07-26 01:45:15 [pakwheels_full] INFO: Found 25 listings on https://www.pakwheels.com/used-cars/search/-/?sortby=model_year-desc&page=364
2026-07-26 01:45:24 [pakwheels_full] INFO: Found 25 listings on https://www.pakwheels.com/used-cars/search/-/?sortby=model_year-desc&page=365
2026-07-26 01:45:33 [pakwheels_full] INFO: Found 25 listings on https://www.pakwheels.com/used-cars/search/-/?sortby=model_year-desc&page=366
2026-07-26 01:45:42 [pakwheels_full] INFO: Found 25 listings on https://www.pakwheels.com/used-cars/search/-/?sortby=model_year-desc&page=367
2026-07-26 01:45:48 [scrapy.extensions.logstats] INFO: Crawled 6633 pages (at 118 pages/min), scraped 6266 items (at 113 items/min)
2026-07-26 01:45:52 [pakwheels_full] INFO: Found 25 listings on https://www.pakwheels.com/used-cars/search/-/?sortby=model_year-desc&page=368
2026-07-26 01:46:01 [pakwheels_full] INFO: Found 25 listings on https://www.pakwheels.com/used-cars/search/-/?sortby=model_year-desc&page=369
2026-07-26 01:46:10 [pakwheels_full] INFO: Found 25 listings on https://www.pakwheels.com/used-cars/search/-/?sortby=model_year-desc&page=370
2026-07-26 01:46:20 [pakwheels_full] INFO: Found 25 listings on https://www.pakwheels.com/used-cars/search/-/?sortby=model_year-desc&page=371
2026-07-26 01:46:27 [pakwheels_full] INFO: Found 25 listings on https://www.pakwheels.com/used-cars/search/-/?sortby=model_year-desc&page=372
2026-07-26 01:46:36 [pakwheels_full] INFO: Found 25 listings on https://www.pakwheels.com/used-cars/search/-/?sortby=model_year-desc&page=373
2026-07-26 01:46:43 [pakwheels_full] INFO: Found 25 listings on https://www.pakwheels.com/used-cars/search/-/?sortby=model_year-desc&page=374
2026-07-26 01:46:48 [scrapy.extensions.logstats] INFO: Crawled 6758 pages (at 125 pages/min), scraped 6383 items (at 117 items/min)
2026-07-26 01:46:53 [pakwheels_full] INFO: Found 25 listings on https://www.pakwheels.com/used-cars/search/-/?sortby=model_year-desc&page=375
2026-07-26 01:47:02 [pakwheels_full] INFO: Found 25 listings on https://www.pakwheels.com/used-cars/search/-/?sortby=model_year-desc&page=376
2026-07-26 01:47:12 [pakwheels_full] INFO: Found 25 listings on https://www.pakwheels.com/used-cars/search/-/?sortby=model_year-desc&page=377
2026-07-26 01:47:20 [pakwheels_full] INFO: Found 25 listings on https://www.pakwheels.com/used-cars/search/-/?sortby=model_year-desc&page=378
2026-07-26 01:47:29 [pakwheels_full] INFO: Found 25 listings on https://www.pakwheels.com/used-cars/search/-/?sortby=model_year-desc&page=379
2026-07-26 01:47:37 [pakwheels_full] INFO: Found 25 listings on https://www.pakwheels.com/used-cars/search/-/?sortby=model_year-desc&page=380
2026-07-26 01:47:46 [pakwheels_full] INFO: Found 25 listings on https://www.pakwheels.com/used-cars/search/-/?sortby=model_year-desc&page=381
2026-07-26 01:47:48 [scrapy.extensions.logstats] INFO: Crawled 6875 pages (at 117 pages/min), scraped 6494 items (at 111 items/min)
2026-07-26 01:47:55 [pakwheels_full] INFO: Found 25 listings on https://www.pakwheels.com/used-cars/search/-/?sortby=model_year-desc&page=382
2026-07-26 01:48:02 [pakwheels_full] INFO: Found 25 listings on https://www.pakwheels.com/used-cars/search/-/?sortby=model_year-desc&page=383
2026-07-26 01:48:12 [pakwheels_full] INFO: Found 25 listings on https://www.pakwheels.com/used-cars/search/-/?sortby=model_year-desc&page=384
2026-07-26 01:48:21 [pakwheels_full] INFO: Found 25 listings on https://www.pakwheels.com/used-cars/search/-/?sortby=model_year-desc&page=385
2026-07-26 01:48:29 [pakwheels_full] INFO: Found 25 listings on https://www.pakwheels.com/used-cars/search/-/?sortby=model_year-desc&page=386
2026-07-26 01:48:39 [pakwheels_full] INFO: Found 25 listings on https://www.pakwheels.com/used-cars/search/-/?sortby=model_year-desc&page=387
2026-07-26 01:48:48 [pakwheels_full] INFO: Found 25 listings on https://www.pakwheels.com/used-cars/search/-/?sortby=model_year-desc&page=388
2026-07-26 01:48:48 [scrapy.extensions.logstats] INFO: Crawled 6992 pages (at 117 pages/min), scraped 6604 items (at 110 items/min)
2026-07-26 01:48:56 [pakwheels_full] INFO: Found 25 listings on https://www.pakwheels.com/used-cars/search/-/?sortby=model_year-desc&page=389
2026-07-26 01:49:05 [pakwheels_full] INFO: Found 25 listings on https://www.pakwheels.com/used-cars/search/-/?sortby=model_year-desc&page=390
2026-07-26 01:49:15 [pakwheels_full] INFO: Found 25 listings on https://www.pakwheels.com/used-cars/search/-/?sortby=model_year-desc&page=391
2026-07-26 01:49:24 [pakwheels_full] INFO: Found 25 listings on https://www.pakwheels.com/used-cars/search/-/?sortby=model_year-desc&page=392
2026-07-26 01:49:33 [pakwheels_full] INFO: Found 25 listings on https://www.pakwheels.com/used-cars/search/-/?sortby=model_year-desc&page=393
2026-07-26 01:49:43 [pakwheels_full] INFO: Found 25 listings on https://www.pakwheels.com/used-cars/search/-/?sortby=model_year-desc&page=394
2026-07-26 01:49:48 [scrapy.extensions.logstats] INFO: Crawled 7113 pages (at 121 pages/min), scraped 6719 items (at 115 items/min)
2026-07-26 01:49:51 [pakwheels_full] INFO: Found 25 listings on https://www.pakwheels.com/used-cars/search/-/?sortby=model_year-desc&page=395
2026-07-26 01:49:59 [pakwheels_full] INFO: Found 25 listings on https://www.pakwheels.com/used-cars/search/-/?sortby=model_year-desc&page=396
2026-07-26 01:50:07 [pakwheels_full] INFO: Found 25 listings on https://www.pakwheels.com/used-cars/search/-/?sortby=model_year-desc&page=397
2026-07-26 01:50:16 [pakwheels_full] INFO: Found 25 listings on https://www.pakwheels.com/used-cars/search/-/?sortby=model_year-desc&page=398
2026-07-26 01:50:25 [pakwheels_full] INFO: Found 25 listings on https://www.pakwheels.com/used-cars/search/-/?sortby=model_year-desc&page=399
2026-07-26 01:50:34 [pakwheels_full] INFO: Found 25 listings on https://www.pakwheels.com/used-cars/search/-/?sortby=model_year-desc&page=400
2026-07-26 01:50:42 [pakwheels_full] INFO: Found 25 listings on https://www.pakwheels.com/used-cars/search/-/?sortby=model_year-desc&page=401
2026-07-26 01:50:48 [scrapy.extensions.logstats] INFO: Crawled 7235 pages (at 122 pages/min), scraped 6833 items (at 114 items/min)
2026-07-26 01:50:49 [pakwheels_full] INFO: Found 25 listings on https://www.pakwheels.com/used-cars/search/-/?sortby=model_year-desc&page=402
2026-07-26 01:50:58 [pakwheels_full] INFO: Found 25 listings on https://www.pakwheels.com/used-cars/search/-/?sortby=model_year-desc&page=403
2026-07-26 01:51:07 [pakwheels_full] INFO: Found 25 listings on https://www.pakwheels.com/used-cars/search/-/?sortby=model_year-desc&page=404
2026-07-26 01:51:16 [pakwheels_full] INFO: Found 25 listings on https://www.pakwheels.com/used-cars/search/-/?sortby=model_year-desc&page=405
2026-07-26 01:51:25 [pakwheels_full] INFO: Found 25 listings on https://www.pakwheels.com/used-cars/search/-/?sortby=model_year-desc&page=406
2026-07-26 01:51:36 [pakwheels_full] INFO: Found 25 listings on https://www.pakwheels.com/used-cars/search/-/?sortby=model_year-desc&page=407
2026-07-26 01:51:46 [pakwheels_full] INFO: Found 25 listings on https://www.pakwheels.com/used-cars/search/-/?sortby=model_year-desc&page=408
2026-07-26 01:51:48 [scrapy.extensions.logstats] INFO: Crawled 7349 pages (at 114 pages/min), scraped 6940 items (at 107 items/min)
2026-07-26 01:51:55 [pakwheels_full] INFO: Found 25 listings on https://www.pakwheels.com/used-cars/search/-/?sortby=model_year-desc&page=409
2026-07-26 01:52:05 [pakwheels_full] INFO: Found 25 listings on https://www.pakwheels.com/used-cars/search/-/?sortby=model_year-desc&page=410
2026-07-26 01:52:15 [pakwheels_full] INFO: Found 25 listings on https://www.pakwheels.com/used-cars/search/-/?sortby=model_year-desc&page=411
2026-07-26 01:52:24 [pakwheels_full] INFO: Found 25 listings on https://www.pakwheels.com/used-cars/search/-/?sortby=model_year-desc&page=412
2026-07-26 01:52:35 [pakwheels_full] INFO: Found 25 listings on https://www.pakwheels.com/used-cars/search/-/?sortby=model_year-desc&page=413
2026-07-26 01:52:47 [pakwheels_full] INFO: Found 25 listings on https://www.pakwheels.com/used-cars/search/-/?sortby=model_year-desc&page=414
2026-07-26 01:52:48 [scrapy.extensions.logstats] INFO: Crawled 7460 pages (at 111 pages/min), scraped 7046 items (at 106 items/min)
2026-07-26 01:52:55 [pakwheels_full] INFO: Found 25 listings on https://www.pakwheels.com/used-cars/search/-/?sortby=model_year-desc&page=415
2026-07-26 01:53:03 [pakwheels_full] INFO: Found 25 listings on https://www.pakwheels.com/used-cars/search/-/?sortby=model_year-desc&page=416
2026-07-26 01:53:11 [pakwheels_full] INFO: Found 25 listings on https://www.pakwheels.com/used-cars/search/-/?sortby=model_year-desc&page=417
2026-07-26 01:53:20 [pakwheels_full] INFO: Found 25 listings on https://www.pakwheels.com/used-cars/search/-/?sortby=model_year-desc&page=418
2026-07-26 01:53:30 [pakwheels_full] INFO: Found 25 listings on https://www.pakwheels.com/used-cars/search/-/?sortby=model_year-desc&page=419
2026-07-26 01:53:40 [pakwheels_full] INFO: Found 25 listings on https://www.pakwheels.com/used-cars/search/-/?sortby=model_year-desc&page=420
2026-07-26 01:53:48 [pakwheels_full] INFO: Found 25 listings on https://www.pakwheels.com/used-cars/search/-/?sortby=model_year-desc&page=421
2026-07-26 01:53:48 [scrapy.extensions.logstats] INFO: Crawled 7587 pages (at 127 pages/min), scraped 7166 items (at 120 items/min)
2026-07-26 01:53:56 [pakwheels_full] INFO: Found 25 listings on https://www.pakwheels.com/used-cars/search/-/?sortby=model_year-desc&page=422
2026-07-26 01:54:05 [pakwheels_full] INFO: Found 25 listings on https://www.pakwheels.com/used-cars/search/-/?sortby=model_year-desc&page=423
2026-07-26 01:54:13 [pakwheels_full] INFO: Found 25 listings on https://www.pakwheels.com/used-cars/search/-/?sortby=model_year-desc&page=424
2026-07-26 01:54:23 [pakwheels_full] INFO: Found 25 listings on https://www.pakwheels.com/used-cars/search/-/?sortby=model_year-desc&page=425
2026-07-26 01:54:31 [pakwheels_full] INFO: Found 25 listings on https://www.pakwheels.com/used-cars/search/-/?sortby=model_year-desc&page=426
2026-07-26 01:54:40 [pakwheels_full] INFO: Found 25 listings on https://www.pakwheels.com/used-cars/search/-/?sortby=model_year-desc&page=427
2026-07-26 01:54:48 [pakwheels_full] INFO: Found 25 listings on https://www.pakwheels.com/used-cars/search/-/?sortby=model_year-desc&page=428
2026-07-26 01:54:48 [scrapy.extensions.logstats] INFO: Crawled 7710 pages (at 123 pages/min), scraped 7282 items (at 116 items/min)
2026-07-26 01:54:56 [pakwheels_full] INFO: Found 25 listings on https://www.pakwheels.com/used-cars/search/-/?sortby=model_year-desc&page=429
2026-07-26 01:55:05 [pakwheels_full] INFO: Found 25 listings on https://www.pakwheels.com/used-cars/search/-/?sortby=model_year-desc&page=430
2026-07-26 01:55:14 [pakwheels_full] INFO: Found 25 listings on https://www.pakwheels.com/used-cars/search/-/?sortby=model_year-desc&page=431
2026-07-26 01:55:23 [pakwheels_full] INFO: Found 25 listings on https://www.pakwheels.com/used-cars/search/-/?sortby=model_year-desc&page=432
2026-07-26 01:55:31 [pakwheels_full] INFO: Found 25 listings on https://www.pakwheels.com/used-cars/search/-/?sortby=model_year-desc&page=433
2026-07-26 01:55:40 [pakwheels_full] INFO: Found 25 listings on https://www.pakwheels.com/used-cars/search/-/?sortby=model_year-desc&page=434
2026-07-26 01:55:48 [scrapy.extensions.logstats] INFO: Crawled 7834 pages (at 124 pages/min), scraped 7399 items (at 117 items/min)
2026-07-26 01:55:48 [pakwheels_full] INFO: Found 25 listings on https://www.pakwheels.com/used-cars/search/-/?sortby=model_year-desc&page=435
2026-07-26 01:55:56 [pakwheels_full] INFO: Found 25 listings on https://www.pakwheels.com/used-cars/search/-/?sortby=model_year-desc&page=436
2026-07-26 01:56:04 [pakwheels_full] INFO: Found 25 listings on https://www.pakwheels.com/used-cars/search/-/?sortby=model_year-desc&page=437
2026-07-26 01:56:11 [pakwheels_full] INFO: Found 25 listings on https://www.pakwheels.com/used-cars/search/-/?sortby=model_year-desc&page=438
2026-07-26 01:56:19 [pakwheels_full] INFO: Found 25 listings on https://www.pakwheels.com/used-cars/search/-/?sortby=model_year-desc&page=439
2026-07-26 01:56:27 [pakwheels_full] INFO: Found 25 listings on https://www.pakwheels.com/used-cars/search/-/?sortby=model_year-desc&page=440
2026-07-26 01:56:36 [pakwheels_full] INFO: Found 25 listings on https://www.pakwheels.com/used-cars/search/-/?sortby=model_year-desc&page=441
2026-07-26 01:56:44 [pakwheels_full] INFO: Found 25 listings on https://www.pakwheels.com/used-cars/search/-/?sortby=model_year-desc&page=442
2026-07-26 01:56:48 [scrapy.extensions.logstats] INFO: Crawled 7968 pages (at 134 pages/min), scraped 7525 items (at 126 items/min)
2026-07-26 01:56:53 [pakwheels_full] INFO: Found 25 listings on https://www.pakwheels.com/used-cars/search/-/?sortby=model_year-desc&page=443
2026-07-26 01:57:01 [pakwheels_full] INFO: Found 25 listings on https://www.pakwheels.com/used-cars/search/-/?sortby=model_year-desc&page=444
2026-07-26 01:57:09 [pakwheels_full] INFO: Found 25 listings on https://www.pakwheels.com/used-cars/search/-/?sortby=model_year-desc&page=445
2026-07-26 01:57:17 [pakwheels_full] INFO: Found 25 listings on https://www.pakwheels.com/used-cars/search/-/?sortby=model_year-desc&page=446
2026-07-26 01:57:26 [pakwheels_full] INFO: Found 25 listings on https://www.pakwheels.com/used-cars/search/-/?sortby=model_year-desc&page=447
2026-07-26 01:57:35 [pakwheels_full] INFO: Found 25 listings on https://www.pakwheels.com/used-cars/search/-/?sortby=model_year-desc&page=448
2026-07-26 01:57:43 [pakwheels_full] INFO: Found 25 listings on https://www.pakwheels.com/used-cars/search/-/?sortby=model_year-desc&page=449
2026-07-26 01:57:48 [scrapy.extensions.logstats] INFO: Crawled 8094 pages (at 126 pages/min), scraped 7644 items (at 119 items/min)
2026-07-26 01:57:51 [pakwheels_full] INFO: Found 25 listings on https://www.pakwheels.com/used-cars/search/-/?sortby=model_year-desc&page=450
2026-07-26 01:58:00 [pakwheels_full] INFO: Found 25 listings on https://www.pakwheels.com/used-cars/search/-/?sortby=model_year-desc&page=451
2026-07-26 01:58:11 [pakwheels_full] INFO: Found 25 listings on https://www.pakwheels.com/used-cars/search/-/?sortby=model_year-desc&page=452
2026-07-26 01:58:18 [dealwheel_scraper.extractors] WARNING: No usable JSON-LD found on https://www.pakwheels.com/used-cars/lexus-lx-series-2022-for-sale-in-gujranwala-11406353 — falling back to spec-list/meta-description.
2026-07-26 01:58:19 [pakwheels_full] INFO: Found 25 listings on https://www.pakwheels.com/used-cars/search/-/?sortby=model_year-desc&page=453
2026-07-26 01:58:27 [pakwheels_full] INFO: Found 25 listings on https://www.pakwheels.com/used-cars/search/-/?sortby=model_year-desc&page=454
2026-07-26 01:58:35 [pakwheels_full] INFO: Found 25 listings on https://www.pakwheels.com/used-cars/search/-/?sortby=model_year-desc&page=455
2026-07-26 01:58:44 [pakwheels_full] INFO: Found 25 listings on https://www.pakwheels.com/used-cars/search/-/?sortby=model_year-desc&page=456
2026-07-26 01:58:48 [scrapy.extensions.logstats] INFO: Crawled 8215 pages (at 121 pages/min), scraped 7759 items (at 115 items/min)
2026-07-26 01:58:54 [pakwheels_full] INFO: Found 25 listings on https://www.pakwheels.com/used-cars/search/-/?sortby=model_year-desc&page=457
2026-07-26 01:59:04 [pakwheels_full] INFO: Found 25 listings on https://www.pakwheels.com/used-cars/search/-/?sortby=model_year-desc&page=458
2026-07-26 01:59:14 [pakwheels_full] INFO: Found 25 listings on https://www.pakwheels.com/used-cars/search/-/?sortby=model_year-desc&page=459
2026-07-26 01:59:21 [pakwheels_full] INFO: Found 25 listings on https://www.pakwheels.com/used-cars/search/-/?sortby=model_year-desc&page=460
2026-07-26 01:59:30 [pakwheels_full] INFO: Found 25 listings on https://www.pakwheels.com/used-cars/search/-/?sortby=model_year-desc&page=461
2026-07-26 01:59:40 [pakwheels_full] INFO: Found 25 listings on https://www.pakwheels.com/used-cars/search/-/?sortby=model_year-desc&page=462
2026-07-26 01:59:48 [scrapy.extensions.logstats] INFO: Crawled 8336 pages (at 121 pages/min), scraped 7874 items (at 115 items/min)
2026-07-26 01:59:50 [pakwheels_full] INFO: Found 25 listings on https://www.pakwheels.com/used-cars/search/-/?sortby=model_year-desc&page=463
2026-07-26 01:59:59 [pakwheels_full] INFO: Found 25 listings on https://www.pakwheels.com/used-cars/search/-/?sortby=model_year-desc&page=464
2026-07-26 02:00:07 [pakwheels_full] INFO: Found 25 listings on https://www.pakwheels.com/used-cars/search/-/?sortby=model_year-desc&page=465
2026-07-26 02:00:16 [pakwheels_full] INFO: Found 25 listings on https://www.pakwheels.com/used-cars/search/-/?sortby=model_year-desc&page=466
2026-07-26 02:00:23 [pakwheels_full] INFO: Found 25 listings on https://www.pakwheels.com/used-cars/search/-/?sortby=model_year-desc&page=467
2026-07-26 02:00:34 [pakwheels_full] INFO: Found 25 listings on https://www.pakwheels.com/used-cars/search/-/?sortby=model_year-desc&page=468
2026-07-26 02:00:43 [pakwheels_full] INFO: Found 25 listings on https://www.pakwheels.com/used-cars/search/-/?sortby=model_year-desc&page=469
2026-07-26 02:00:48 [scrapy.extensions.logstats] INFO: Crawled 8456 pages (at 120 pages/min), scraped 7987 items (at 113 items/min)
2026-07-26 02:00:51 [pakwheels_full] INFO: Found 25 listings on https://www.pakwheels.com/used-cars/search/-/?sortby=model_year-desc&page=470
2026-07-26 02:01:00 [pakwheels_full] INFO: Found 25 listings on https://www.pakwheels.com/used-cars/search/-/?sortby=model_year-desc&page=471
2026-07-26 02:01:09 [pakwheels_full] INFO: Found 25 listings on https://www.pakwheels.com/used-cars/search/-/?sortby=model_year-desc&page=472
2026-07-26 02:01:18 [pakwheels_full] INFO: Found 25 listings on https://www.pakwheels.com/used-cars/search/-/?sortby=model_year-desc&page=473
2026-07-26 02:01:28 [pakwheels_full] INFO: Found 25 listings on https://www.pakwheels.com/used-cars/search/-/?sortby=model_year-desc&page=474
2026-07-26 02:01:36 [pakwheels_full] INFO: Found 25 listings on https://www.pakwheels.com/used-cars/search/-/?sortby=model_year-desc&page=475
2026-07-26 02:01:46 [pakwheels_full] INFO: Found 25 listings on https://www.pakwheels.com/used-cars/search/-/?sortby=model_year-desc&page=476
2026-07-26 02:01:48 [scrapy.extensions.logstats] INFO: Crawled 8578 pages (at 122 pages/min), scraped 8102 items (at 115 items/min)
2026-07-26 02:01:55 [pakwheels_full] INFO: Found 25 listings on https://www.pakwheels.com/used-cars/search/-/?sortby=model_year-desc&page=477
2026-07-26 02:02:04 [pakwheels_full] INFO: Found 25 listings on https://www.pakwheels.com/used-cars/search/-/?sortby=model_year-desc&page=478
2026-07-26 02:02:12 [pakwheels_full] INFO: Found 25 listings on https://www.pakwheels.com/used-cars/search/-/?sortby=model_year-desc&page=479
2026-07-26 02:02:17 [dealwheel_scraper.extractors] WARNING: No usable JSON-LD found on https://www.pakwheels.com/used-cars/nissan-ariya-2022-for-sale-in-lahore-9621055 — falling back to spec-list/meta-description.
2026-07-26 02:02:22 [pakwheels_full] INFO: Found 25 listings on https://www.pakwheels.com/used-cars/search/-/?sortby=model_year-desc&page=480
2026-07-26 02:02:33 [pakwheels_full] INFO: Found 25 listings on https://www.pakwheels.com/used-cars/search/-/?sortby=model_year-desc&page=481
2026-07-26 02:02:43 [pakwheels_full] INFO: Found 25 listings on https://www.pakwheels.com/used-cars/search/-/?sortby=model_year-desc&page=482
2026-07-26 02:02:48 [scrapy.extensions.logstats] INFO: Crawled 8691 pages (at 113 pages/min), scraped 8209 items (at 107 items/min)
2026-07-26 02:02:52 [pakwheels_full] INFO: Found 25 listings on https://www.pakwheels.com/used-cars/search/-/?sortby=model_year-desc&page=483
2026-07-26 02:03:00 [pakwheels_full] INFO: Found 25 listings on https://www.pakwheels.com/used-cars/search/-/?sortby=model_year-desc&page=484
2026-07-26 02:03:09 [pakwheels_full] INFO: Found 25 listings on https://www.pakwheels.com/used-cars/search/-/?sortby=model_year-desc&page=485
2026-07-26 02:03:17 [pakwheels_full] INFO: Found 25 listings on https://www.pakwheels.com/used-cars/search/-/?sortby=model_year-desc&page=486
2026-07-26 02:03:26 [pakwheels_full] INFO: Found 25 listings on https://www.pakwheels.com/used-cars/search/-/?sortby=model_year-desc&page=487
2026-07-26 02:03:35 [pakwheels_full] INFO: Found 25 listings on https://www.pakwheels.com/used-cars/search/-/?sortby=model_year-desc&page=488
2026-07-26 02:03:43 [pakwheels_full] INFO: Found 25 listings on https://www.pakwheels.com/used-cars/search/-/?sortby=model_year-desc&page=489
2026-07-26 02:03:48 [scrapy.extensions.logstats] INFO: Crawled 8815 pages (at 124 pages/min), scraped 8326 items (at 117 items/min)
2026-07-26 02:03:51 [pakwheels_full] INFO: Found 25 listings on https://www.pakwheels.com/used-cars/search/-/?sortby=model_year-desc&page=490
2026-07-26 02:04:00 [pakwheels_full] INFO: Found 25 listings on https://www.pakwheels.com/used-cars/search/-/?sortby=model_year-desc&page=491
2026-07-26 02:04:08 [pakwheels_full] INFO: Found 25 listings on https://www.pakwheels.com/used-cars/search/-/?sortby=model_year-desc&page=492
2026-07-26 02:04:19 [pakwheels_full] INFO: Found 25 listings on https://www.pakwheels.com/used-cars/search/-/?sortby=model_year-desc&page=493
2026-07-26 02:04:28 [pakwheels_full] INFO: Found 25 listings on https://www.pakwheels.com/used-cars/search/-/?sortby=model_year-desc&page=494
2026-07-26 02:04:36 [pakwheels_full] INFO: Found 25 listings on https://www.pakwheels.com/used-cars/search/-/?sortby=model_year-desc&page=495
2026-07-26 02:04:45 [pakwheels_full] INFO: Found 25 listings on https://www.pakwheels.com/used-cars/search/-/?sortby=model_year-desc&page=496
2026-07-26 02:04:48 [scrapy.extensions.logstats] INFO: Crawled 8938 pages (at 123 pages/min), scraped 8442 items (at 116 items/min)
2026-07-26 02:04:53 [pakwheels_full] INFO: Found 25 listings on https://www.pakwheels.com/used-cars/search/-/?sortby=model_year-desc&page=497
2026-07-26 02:04:57 [dealwheel_scraper.extractors] WARNING: No usable JSON-LD found on https://www.pakwheels.com/used-cars/ford-f-150-shelby-2022-for-sale-in-lahore-11731126 — falling back to spec-list/meta-description.
2026-07-26 02:05:03 [pakwheels_full] INFO: Found 25 listings on https://www.pakwheels.com/used-cars/search/-/?sortby=model_year-desc&page=498
2026-07-26 02:05:12 [pakwheels_full] INFO: Found 25 listings on https://www.pakwheels.com/used-cars/search/-/?sortby=model_year-desc&page=499
2026-07-26 02:05:21 [pakwheels_full] INFO: Found 25 listings on https://www.pakwheels.com/used-cars/search/-/?sortby=model_year-desc&page=500
2026-07-26 02:05:30 [pakwheels_full] INFO: Found 25 listings on https://www.pakwheels.com/used-cars/search/-/?sortby=model_year-desc&page=501
2026-07-26 02:05:39 [pakwheels_full] INFO: Found 25 listings on https://www.pakwheels.com/used-cars/search/-/?sortby=model_year-desc&page=502
2026-07-26 02:05:48 [pakwheels_full] INFO: Found 25 listings on https://www.pakwheels.com/used-cars/search/-/?sortby=model_year-desc&page=503
2026-07-26 02:05:48 [scrapy.extensions.logstats] INFO: Crawled 9060 pages (at 122 pages/min), scraped 8557 items (at 115 items/min)
2026-07-26 02:05:56 [pakwheels_full] INFO: Found 25 listings on https://www.pakwheels.com/used-cars/search/-/?sortby=model_year-desc&page=504
2026-07-26 02:06:06 [pakwheels_full] INFO: Found 25 listings on https://www.pakwheels.com/used-cars/search/-/?sortby=model_year-desc&page=505
2026-07-26 02:06:15 [pakwheels_full] INFO: Found 25 listings on https://www.pakwheels.com/used-cars/search/-/?sortby=model_year-desc&page=506
2026-07-26 02:06:23 [pakwheels_full] INFO: Found 25 listings on https://www.pakwheels.com/used-cars/search/-/?sortby=model_year-desc&page=507
2026-07-26 02:06:33 [pakwheels_full] INFO: Found 25 listings on https://www.pakwheels.com/used-cars/search/-/?sortby=model_year-desc&page=508
2026-07-26 02:06:41 [pakwheels_full] INFO: Found 25 listings on https://www.pakwheels.com/used-cars/search/-/?sortby=model_year-desc&page=509
2026-07-26 02:06:48 [scrapy.extensions.logstats] INFO: Crawled 9182 pages (at 122 pages/min), scraped 8673 items (at 116 items/min)
2026-07-26 02:06:50 [pakwheels_full] INFO: Found 25 listings on https://www.pakwheels.com/used-cars/search/-/?sortby=model_year-desc&page=510
2026-07-26 02:06:58 [pakwheels_full] INFO: Found 25 listings on https://www.pakwheels.com/used-cars/search/-/?sortby=model_year-desc&page=511
2026-07-26 02:07:06 [pakwheels_full] INFO: Found 25 listings on https://www.pakwheels.com/used-cars/search/-/?sortby=model_year-desc&page=512
2026-07-26 02:07:16 [pakwheels_full] INFO: Found 25 listings on https://www.pakwheels.com/used-cars/search/-/?sortby=model_year-desc&page=513
2026-07-26 02:07:24 [pakwheels_full] INFO: Found 25 listings on https://www.pakwheels.com/used-cars/search/-/?sortby=model_year-desc&page=514
2026-07-26 02:07:33 [pakwheels_full] INFO: Found 25 listings on https://www.pakwheels.com/used-cars/search/-/?sortby=model_year-desc&page=515
2026-07-26 02:07:42 [pakwheels_full] INFO: Found 25 listings on https://www.pakwheels.com/used-cars/search/-/?sortby=model_year-desc&page=516
2026-07-26 02:07:48 [scrapy.extensions.logstats] INFO: Crawled 9306 pages (at 124 pages/min), scraped 8790 items (at 117 items/min)
2026-07-26 02:07:50 [pakwheels_full] INFO: Found 25 listings on https://www.pakwheels.com/used-cars/search/-/?sortby=model_year-desc&page=517
2026-07-26 02:07:59 [pakwheels_full] INFO: Found 25 listings on https://www.pakwheels.com/used-cars/search/-/?sortby=model_year-desc&page=518
2026-07-26 02:08:08 [pakwheels_full] INFO: Found 25 listings on https://www.pakwheels.com/used-cars/search/-/?sortby=model_year-desc&page=519
2026-07-26 02:08:17 [pakwheels_full] INFO: Found 25 listings on https://www.pakwheels.com/used-cars/search/-/?sortby=model_year-desc&page=520
2026-07-26 02:08:27 [pakwheels_full] INFO: Found 25 listings on https://www.pakwheels.com/used-cars/search/-/?sortby=model_year-desc&page=521
2026-07-26 02:08:35 [pakwheels_full] INFO: Found 25 listings on https://www.pakwheels.com/used-cars/search/-/?sortby=model_year-desc&page=522
2026-07-26 02:08:43 [pakwheels_full] INFO: Found 25 listings on https://www.pakwheels.com/used-cars/search/-/?sortby=model_year-desc&page=523
2026-07-26 02:08:48 [scrapy.extensions.logstats] INFO: Crawled 9435 pages (at 129 pages/min), scraped 8911 items (at 121 items/min)
2026-07-26 02:08:52 [pakwheels_full] INFO: Found 25 listings on https://www.pakwheels.com/used-cars/search/-/?sortby=model_year-desc&page=524
2026-07-26 02:09:01 [pakwheels_full] INFO: Found 25 listings on https://www.pakwheels.com/used-cars/search/-/?sortby=model_year-desc&page=525
2026-07-26 02:09:09 [pakwheels_full] INFO: Found 25 listings on https://www.pakwheels.com/used-cars/search/-/?sortby=model_year-desc&page=526
2026-07-26 02:09:17 [dealwheel_scraper.extractors] WARNING: No usable JSON-LD found on https://www.pakwheels.com/used-cars/porsche-911-2022-for-sale-in-lahore-11507961 — falling back to spec-list/meta-description.
2026-07-26 02:09:17 [pakwheels_full] INFO: Found 25 listings on https://www.pakwheels.com/used-cars/search/-/?sortby=model_year-desc&page=527
2026-07-26 02:09:26 [pakwheels_full] INFO: Found 25 listings on https://www.pakwheels.com/used-cars/search/-/?sortby=model_year-desc&page=528
2026-07-26 02:09:34 [pakwheels_full] INFO: Found 25 listings on https://www.pakwheels.com/used-cars/search/-/?sortby=model_year-desc&page=529
2026-07-26 02:09:43 [pakwheels_full] INFO: Found 25 listings on https://www.pakwheels.com/used-cars/search/-/?sortby=model_year-desc&page=530
2026-07-26 02:09:48 [scrapy.extensions.logstats] INFO: Crawled 9563 pages (at 128 pages/min), scraped 9033 items (at 122 items/min)
2026-07-26 02:09:51 [pakwheels_full] INFO: Found 25 listings on https://www.pakwheels.com/used-cars/search/-/?sortby=model_year-desc&page=531
2026-07-26 02:10:00 [pakwheels_full] INFO: Found 25 listings on https://www.pakwheels.com/used-cars/search/-/?sortby=model_year-desc&page=532
2026-07-26 02:10:09 [pakwheels_full] INFO: Found 25 listings on https://www.pakwheels.com/used-cars/search/-/?sortby=model_year-desc&page=533
2026-07-26 02:10:17 [pakwheels_full] INFO: Found 25 listings on https://www.pakwheels.com/used-cars/search/-/?sortby=model_year-desc&page=534
2026-07-26 02:10:25 [pakwheels_full] INFO: Found 25 listings on https://www.pakwheels.com/used-cars/search/-/?sortby=model_year-desc&page=535
2026-07-26 02:10:36 [pakwheels_full] INFO: Found 25 listings on https://www.pakwheels.com/used-cars/search/-/?sortby=model_year-desc&page=536
2026-07-26 02:10:46 [pakwheels_full] INFO: Found 25 listings on https://www.pakwheels.com/used-cars/search/-/?sortby=model_year-desc&page=537
2026-07-26 02:10:48 [scrapy.extensions.logstats] INFO: Crawled 9686 pages (at 123 pages/min), scraped 9149 items (at 116 items/min)
2026-07-26 02:10:54 [pakwheels_full] INFO: Found 25 listings on https://www.pakwheels.com/used-cars/search/-/?sortby=model_year-desc&page=538
2026-07-26 02:11:01 [pakwheels_full] INFO: Found 25 listings on https://www.pakwheels.com/used-cars/search/-/?sortby=model_year-desc&page=539
2026-07-26 02:11:11 [pakwheels_full] INFO: Found 25 listings on https://www.pakwheels.com/used-cars/search/-/?sortby=model_year-desc&page=540
2026-07-26 02:11:20 [pakwheels_full] INFO: Found 25 listings on https://www.pakwheels.com/used-cars/search/-/?sortby=model_year-desc&page=541
2026-07-26 02:11:29 [pakwheels_full] INFO: Found 25 listings on https://www.pakwheels.com/used-cars/search/-/?sortby=model_year-desc&page=542
2026-07-26 02:11:38 [pakwheels_full] INFO: Found 25 listings on https://www.pakwheels.com/used-cars/search/-/?sortby=model_year-desc&page=543
2026-07-26 02:11:46 [pakwheels_full] INFO: Found 25 listings on https://www.pakwheels.com/used-cars/search/-/?sortby=model_year-desc&page=544
2026-07-26 02:11:48 [scrapy.extensions.logstats] INFO: Crawled 9813 pages (at 127 pages/min), scraped 9269 items (at 120 items/min)
2026-07-26 02:11:55 [pakwheels_full] INFO: Found 25 listings on https://www.pakwheels.com/used-cars/search/-/?sortby=model_year-desc&page=545
2026-07-26 02:12:03 [pakwheels_full] INFO: Found 25 listings on https://www.pakwheels.com/used-cars/search/-/?sortby=model_year-desc&page=546
2026-07-26 02:12:11 [pakwheels_full] INFO: Found 25 listings on https://www.pakwheels.com/used-cars/search/-/?sortby=model_year-desc&page=547
2026-07-26 02:12:20 [pakwheels_full] INFO: Found 25 listings on https://www.pakwheels.com/used-cars/search/-/?sortby=model_year-desc&page=548
2026-07-26 02:12:28 [pakwheels_full] INFO: Found 25 listings on https://www.pakwheels.com/used-cars/search/-/?sortby=model_year-desc&page=549
2026-07-26 02:12:37 [pakwheels_full] INFO: Found 25 listings on https://www.pakwheels.com/used-cars/search/-/?sortby=model_year-desc&page=550
2026-07-26 02:12:46 [pakwheels_full] INFO: Found 25 listings on https://www.pakwheels.com/used-cars/search/-/?sortby=model_year-desc&page=551
2026-07-26 02:12:48 [scrapy.extensions.logstats] INFO: Crawled 9945 pages (at 132 pages/min), scraped 9394 items (at 125 items/min)
2026-07-26 02:12:54 [pakwheels_full] INFO: Found 25 listings on https://www.pakwheels.com/used-cars/search/-/?sortby=model_year-desc&page=552
2026-07-26 02:13:02 [pakwheels_full] INFO: Found 25 listings on https://www.pakwheels.com/used-cars/search/-/?sortby=model_year-desc&page=553
2026-07-26 02:13:10 [pakwheels_full] INFO: Found 25 listings on https://www.pakwheels.com/used-cars/search/-/?sortby=model_year-desc&page=554
2026-07-26 02:13:18 [pakwheels_full] INFO: Found 25 listings on https://www.pakwheels.com/used-cars/search/-/?sortby=model_year-desc&page=555
2026-07-26 02:13:26 [pakwheels_full] INFO: Found 25 listings on https://www.pakwheels.com/used-cars/search/-/?sortby=model_year-desc&page=556
2026-07-26 02:13:34 [pakwheels_full] INFO: Found 25 listings on https://www.pakwheels.com/used-cars/search/-/?sortby=model_year-desc&page=557
2026-07-26 02:13:41 [pakwheels_full] INFO: Found 25 listings on https://www.pakwheels.com/used-cars/search/-/?sortby=model_year-desc&page=558
2026-07-26 02:13:48 [scrapy.extensions.logstats] INFO: Crawled 10081 pages (at 136 pages/min), scraped 9523 items (at 129 items/min)
2026-07-26 02:13:50 [pakwheels_full] INFO: Found 25 listings on https://www.pakwheels.com/used-cars/search/-/?sortby=model_year-desc&page=559
2026-07-26 02:13:58 [pakwheels_full] INFO: Found 25 listings on https://www.pakwheels.com/used-cars/search/-/?sortby=model_year-desc&page=560
2026-07-26 02:14:06 [pakwheels_full] INFO: Found 25 listings on https://www.pakwheels.com/used-cars/search/-/?sortby=model_year-desc&page=561
2026-07-26 02:14:14 [pakwheels_full] INFO: Found 25 listings on https://www.pakwheels.com/used-cars/search/-/?sortby=model_year-desc&page=562
2026-07-26 02:14:22 [pakwheels_full] INFO: Found 25 listings on https://www.pakwheels.com/used-cars/search/-/?sortby=model_year-desc&page=563
2026-07-26 02:14:31 [pakwheels_full] INFO: Found 25 listings on https://www.pakwheels.com/used-cars/search/-/?sortby=model_year-desc&page=564
2026-07-26 02:14:39 [pakwheels_full] INFO: Found 25 listings on https://www.pakwheels.com/used-cars/search/-/?sortby=model_year-desc&page=565
2026-07-26 02:14:47 [pakwheels_full] INFO: Found 25 listings on https://www.pakwheels.com/used-cars/search/-/?sortby=model_year-desc&page=566
2026-07-26 02:14:48 [scrapy.extensions.logstats] INFO: Crawled 10214 pages (at 133 pages/min), scraped 9648 items (at 125 items/min)
2026-07-26 02:14:56 [pakwheels_full] INFO: Found 25 listings on https://www.pakwheels.com/used-cars/search/-/?sortby=model_year-desc&page=567
2026-07-26 02:15:05 [pakwheels_full] INFO: Found 25 listings on https://www.pakwheels.com/used-cars/search/-/?sortby=model_year-desc&page=568
2026-07-26 02:15:12 [pakwheels_full] INFO: Found 25 listings on https://www.pakwheels.com/used-cars/search/-/?sortby=model_year-desc&page=569
2026-07-26 02:15:21 [pakwheels_full] INFO: Found 25 listings on https://www.pakwheels.com/used-cars/search/-/?sortby=model_year-desc&page=570
2026-07-26 02:15:30 [pakwheels_full] INFO: Found 25 listings on https://www.pakwheels.com/used-cars/search/-/?sortby=model_year-desc&page=571
2026-07-26 02:15:38 [pakwheels_full] INFO: Found 25 listings on https://www.pakwheels.com/used-cars/search/-/?sortby=model_year-desc&page=572
2026-07-26 02:15:46 [pakwheels_full] INFO: Found 25 listings on https://www.pakwheels.com/used-cars/search/-/?sortby=model_year-desc&page=573
2026-07-26 02:15:48 [scrapy.extensions.logstats] INFO: Crawled 10341 pages (at 127 pages/min), scraped 9768 items (at 120 items/min)
2026-07-26 02:15:54 [pakwheels_full] INFO: Found 25 listings on https://www.pakwheels.com/used-cars/search/-/?sortby=model_year-desc&page=574
2026-07-26 02:16:02 [pakwheels_full] INFO: Found 25 listings on https://www.pakwheels.com/used-cars/search/-/?sortby=model_year-desc&page=575
2026-07-26 02:16:11 [pakwheels_full] INFO: Found 25 listings on https://www.pakwheels.com/used-cars/search/-/?sortby=model_year-desc&page=576
2026-07-26 02:16:20 [pakwheels_full] INFO: Found 25 listings on https://www.pakwheels.com/used-cars/search/-/?sortby=model_year-desc&page=577
2026-07-26 02:16:29 [pakwheels_full] INFO: Found 25 listings on https://www.pakwheels.com/used-cars/search/-/?sortby=model_year-desc&page=578
2026-07-26 02:16:38 [pakwheels_full] INFO: Found 25 listings on https://www.pakwheels.com/used-cars/search/-/?sortby=model_year-desc&page=579
2026-07-26 02:16:46 [pakwheels_full] INFO: Found 25 listings on https://www.pakwheels.com/used-cars/search/-/?sortby=model_year-desc&page=580
2026-07-26 02:16:48 [scrapy.extensions.logstats] INFO: Crawled 10470 pages (at 129 pages/min), scraped 9890 items (at 122 items/min)
2026-07-26 02:16:55 [pakwheels_full] INFO: Found 25 listings on https://www.pakwheels.com/used-cars/search/-/?sortby=model_year-desc&page=581
2026-07-26 02:17:04 [pakwheels_full] INFO: Found 25 listings on https://www.pakwheels.com/used-cars/search/-/?sortby=model_year-desc&page=582
2026-07-26 02:17:12 [pakwheels_full] INFO: Found 25 listings on https://www.pakwheels.com/used-cars/search/-/?sortby=model_year-desc&page=583
2026-07-26 02:17:20 [pakwheels_full] INFO: Found 25 listings on https://www.pakwheels.com/used-cars/search/-/?sortby=model_year-desc&page=584
2026-07-26 02:17:28 [pakwheels_full] INFO: Found 25 listings on https://www.pakwheels.com/used-cars/search/-/?sortby=model_year-desc&page=585
2026-07-26 02:17:39 [pakwheels_full] INFO: Found 25 listings on https://www.pakwheels.com/used-cars/search/-/?sortby=model_year-desc&page=586
2026-07-26 02:17:47 [pakwheels_full] INFO: Found 25 listings on https://www.pakwheels.com/used-cars/search/-/?sortby=model_year-desc&page=587
2026-07-26 02:17:48 [scrapy.extensions.logstats] INFO: Crawled 10594 pages (at 124 pages/min), scraped 10007 items (at 117 items/min)
2026-07-26 02:17:55 [pakwheels_full] INFO: Found 25 listings on https://www.pakwheels.com/used-cars/search/-/?sortby=model_year-desc&page=588
2026-07-26 02:18:05 [pakwheels_full] INFO: Found 25 listings on https://www.pakwheels.com/used-cars/search/-/?sortby=model_year-desc&page=589
2026-07-26 02:18:08 [dealwheel_scraper.extractors] WARNING: No usable JSON-LD found on https://www.pakwheels.com/used-cars/bmw-2-series-2022-for-sale-in-karachi-10987226 — falling back to spec-list/meta-description.
2026-07-26 02:18:14 [pakwheels_full] INFO: Found 25 listings on https://www.pakwheels.com/used-cars/search/-/?sortby=model_year-desc&page=590
2026-07-26 02:18:23 [pakwheels_full] INFO: Found 25 listings on https://www.pakwheels.com/used-cars/search/-/?sortby=model_year-desc&page=591
2026-07-26 02:18:31 [pakwheels_full] INFO: Found 25 listings on https://www.pakwheels.com/used-cars/search/-/?sortby=model_year-desc&page=592
2026-07-26 02:18:40 [pakwheels_full] INFO: Found 25 listings on https://www.pakwheels.com/used-cars/search/-/?sortby=model_year-desc&page=593
2026-07-26 02:18:48 [scrapy.extensions.logstats] INFO: Crawled 10718 pages (at 124 pages/min), scraped 10125 items (at 118 items/min)
2026-07-26 02:18:50 [pakwheels_full] INFO: Found 25 listings on https://www.pakwheels.com/used-cars/search/-/?sortby=model_year-desc&page=594
2026-07-26 02:18:59 [pakwheels_full] INFO: Found 25 listings on https://www.pakwheels.com/used-cars/search/-/?sortby=model_year-desc&page=595
2026-07-26 02:19:07 [pakwheels_full] INFO: Found 25 listings on https://www.pakwheels.com/used-cars/search/-/?sortby=model_year-desc&page=596
2026-07-26 02:19:16 [pakwheels_full] INFO: Found 25 listings on https://www.pakwheels.com/used-cars/search/-/?sortby=model_year-desc&page=597
2026-07-26 02:19:25 [pakwheels_full] INFO: Found 25 listings on https://www.pakwheels.com/used-cars/search/-/?sortby=model_year-desc&page=598
2026-07-26 02:19:35 [pakwheels_full] INFO: Found 25 listings on https://www.pakwheels.com/used-cars/search/-/?sortby=model_year-desc&page=599
2026-07-26 02:19:43 [pakwheels_full] INFO: Found 25 listings on https://www.pakwheels.com/used-cars/search/-/?sortby=model_year-desc&page=600
2026-07-26 02:19:46 [dealwheel_scraper.extractors] WARNING: No usable JSON-LD found on https://www.pakwheels.com/used-cars/mercedes-benz-eqb-2022-for-sale-in-karachi-10993568 — falling back to spec-list/meta-description.
2026-07-26 02:19:48 [scrapy.extensions.logstats] INFO: Crawled 10846 pages (at 128 pages/min), scraped 10245 items (at 120 items/min)
2026-07-26 02:19:51 [pakwheels_full] INFO: Found 25 listings on https://www.pakwheels.com/used-cars/search/-/?sortby=model_year-desc&page=601
2026-07-26 02:19:59 [pakwheels_full] INFO: Found 25 listings on https://www.pakwheels.com/used-cars/search/-/?sortby=model_year-desc&page=602
2026-07-26 02:20:08 [pakwheels_full] INFO: Found 25 listings on https://www.pakwheels.com/used-cars/search/-/?sortby=model_year-desc&page=603
2026-07-26 02:20:16 [pakwheels_full] INFO: Found 25 listings on https://www.pakwheels.com/used-cars/search/-/?sortby=model_year-desc&page=604
2026-07-26 02:20:23 [pakwheels_full] INFO: Found 25 listings on https://www.pakwheels.com/used-cars/search/-/?sortby=model_year-desc&page=605
2026-07-26 02:20:31 [pakwheels_full] INFO: Found 25 listings on https://www.pakwheels.com/used-cars/search/-/?sortby=model_year-desc&page=606
2026-07-26 02:20:39 [pakwheels_full] INFO: Found 25 listings on https://www.pakwheels.com/used-cars/search/-/?sortby=model_year-desc&page=607
2026-07-26 02:20:46 [pakwheels_full] INFO: Found 25 listings on https://www.pakwheels.com/used-cars/search/-/?sortby=model_year-desc&page=608
2026-07-26 02:20:48 [scrapy.extensions.logstats] INFO: Crawled 10977 pages (at 131 pages/min), scraped 10368 items (at 123 items/min)
2026-07-26 02:20:54 [pakwheels_full] INFO: Found 25 listings on https://www.pakwheels.com/used-cars/search/-/?sortby=model_year-desc&page=609
2026-07-26 02:21:03 [pakwheels_full] INFO: Found 25 listings on https://www.pakwheels.com/used-cars/search/-/?sortby=model_year-desc&page=610
2026-07-26 02:21:11 [pakwheels_full] INFO: Found 25 listings on https://www.pakwheels.com/used-cars/search/-/?sortby=model_year-desc&page=611
2026-07-26 02:21:19 [pakwheels_full] INFO: Found 25 listings on https://www.pakwheels.com/used-cars/search/-/?sortby=model_year-desc&page=612
2026-07-26 02:21:28 [pakwheels_full] INFO: Found 25 listings on https://www.pakwheels.com/used-cars/search/-/?sortby=model_year-desc&page=613
2026-07-26 02:21:39 [pakwheels_full] INFO: Found 25 listings on https://www.pakwheels.com/used-cars/search/-/?sortby=model_year-desc&page=614
2026-07-26 02:21:47 [pakwheels_full] INFO: Found 25 listings on https://www.pakwheels.com/used-cars/search/-/?sortby=model_year-desc&page=615
2026-07-26 02:21:48 [scrapy.extensions.logstats] INFO: Crawled 11102 pages (at 125 pages/min), scraped 10487 items (at 119 items/min)
2026-07-26 02:21:56 [pakwheels_full] INFO: Found 25 listings on https://www.pakwheels.com/used-cars/search/-/?sortby=model_year-desc&page=616
2026-07-26 02:22:05 [pakwheels_full] INFO: Found 25 listings on https://www.pakwheels.com/used-cars/search/-/?sortby=model_year-desc&page=617
2026-07-26 02:22:15 [pakwheels_full] INFO: Found 25 listings on https://www.pakwheels.com/used-cars/search/-/?sortby=model_year-desc&page=618
2026-07-26 02:22:24 [pakwheels_full] INFO: Found 25 listings on https://www.pakwheels.com/used-cars/search/-/?sortby=model_year-desc&page=619
2026-07-26 02:22:31 [pakwheels_full] INFO: Found 25 listings on https://www.pakwheels.com/used-cars/search/-/?sortby=model_year-desc&page=620
2026-07-26 02:22:40 [pakwheels_full] INFO: Found 25 listings on https://www.pakwheels.com/used-cars/search/-/?sortby=model_year-desc&page=621
2026-07-26 02:22:48 [scrapy.extensions.logstats] INFO: Crawled 11225 pages (at 123 pages/min), scraped 10604 items (at 117 items/min)
2026-07-26 02:22:49 [pakwheels_full] INFO: Found 25 listings on https://www.pakwheels.com/used-cars/search/-/?sortby=model_year-desc&page=622
2026-07-26 02:22:57 [pakwheels_full] INFO: Found 25 listings on https://www.pakwheels.com/used-cars/search/-/?sortby=model_year-desc&page=623
2026-07-26 02:23:06 [pakwheels_full] INFO: Found 25 listings on https://www.pakwheels.com/used-cars/search/-/?sortby=model_year-desc&page=624
2026-07-26 02:23:15 [pakwheels_full] INFO: Found 25 listings on https://www.pakwheels.com/used-cars/search/-/?sortby=model_year-desc&page=625
2026-07-26 02:23:24 [pakwheels_full] INFO: Found 25 listings on https://www.pakwheels.com/used-cars/search/-/?sortby=model_year-desc&page=626
2026-07-26 02:23:33 [pakwheels_full] INFO: Found 25 listings on https://www.pakwheels.com/used-cars/search/-/?sortby=model_year-desc&page=627
2026-07-26 02:23:41 [pakwheels_full] INFO: Found 25 listings on https://www.pakwheels.com/used-cars/search/-/?sortby=model_year-desc&page=628
2026-07-26 02:23:48 [scrapy.extensions.logstats] INFO: Crawled 11350 pages (at 125 pages/min), scraped 10721 items (at 117 items/min)
2026-07-26 02:23:52 [pakwheels_full] INFO: Found 25 listings on https://www.pakwheels.com/used-cars/search/-/?sortby=model_year-desc&page=629
2026-07-26 02:24:01 [pakwheels_full] INFO: Found 25 listings on https://www.pakwheels.com/used-cars/search/-/?sortby=model_year-desc&page=630
2026-07-26 02:24:10 [pakwheels_full] INFO: Found 25 listings on https://www.pakwheels.com/used-cars/search/-/?sortby=model_year-desc&page=631
2026-07-26 02:24:18 [pakwheels_full] INFO: Found 25 listings on https://www.pakwheels.com/used-cars/search/-/?sortby=model_year-desc&page=632
2026-07-26 02:24:27 [pakwheels_full] INFO: Found 25 listings on https://www.pakwheels.com/used-cars/search/-/?sortby=model_year-desc&page=633
2026-07-26 02:24:38 [pakwheels_full] INFO: Found 25 listings on https://www.pakwheels.com/used-cars/search/-/?sortby=model_year-desc&page=634
2026-07-26 02:24:46 [pakwheels_full] INFO: Found 25 listings on https://www.pakwheels.com/used-cars/search/-/?sortby=model_year-desc&page=635
2026-07-26 02:24:48 [scrapy.extensions.logstats] INFO: Crawled 11480 pages (at 130 pages/min), scraped 10845 items (at 124 items/min)
2026-07-26 02:24:54 [pakwheels_full] INFO: Found 25 listings on https://www.pakwheels.com/used-cars/search/-/?sortby=model_year-desc&page=636
2026-07-26 02:25:03 [pakwheels_full] INFO: Found 25 listings on https://www.pakwheels.com/used-cars/search/-/?sortby=model_year-desc&page=637
2026-07-26 02:25:13 [pakwheels_full] INFO: Found 25 listings on https://www.pakwheels.com/used-cars/search/-/?sortby=model_year-desc&page=638
2026-07-26 02:25:23 [pakwheels_full] INFO: Found 25 listings on https://www.pakwheels.com/used-cars/search/-/?sortby=model_year-desc&page=639
2026-07-26 02:25:34 [pakwheels_full] INFO: Found 25 listings on https://www.pakwheels.com/used-cars/search/-/?sortby=model_year-desc&page=640
2026-07-26 02:25:43 [pakwheels_full] INFO: Found 25 listings on https://www.pakwheels.com/used-cars/search/-/?sortby=model_year-desc&page=641
2026-07-26 02:25:48 [scrapy.extensions.logstats] INFO: Crawled 11597 pages (at 117 pages/min), scraped 10956 items (at 111 items/min)
2026-07-26 02:25:52 [pakwheels_full] INFO: Found 25 listings on https://www.pakwheels.com/used-cars/search/-/?sortby=model_year-desc&page=642
2026-07-26 02:26:01 [pakwheels_full] INFO: Found 25 listings on https://www.pakwheels.com/used-cars/search/-/?sortby=model_year-desc&page=643
2026-07-26 02:26:11 [pakwheels_full] INFO: Found 25 listings on https://www.pakwheels.com/used-cars/search/-/?sortby=model_year-desc&page=644
2026-07-26 02:26:21 [pakwheels_full] INFO: Found 25 listings on https://www.pakwheels.com/used-cars/search/-/?sortby=model_year-desc&page=645
2026-07-26 02:26:29 [pakwheels_full] INFO: Found 25 listings on https://www.pakwheels.com/used-cars/search/-/?sortby=model_year-desc&page=646
2026-07-26 02:26:38 [pakwheels_full] INFO: Found 25 listings on https://www.pakwheels.com/used-cars/search/-/?sortby=model_year-desc&page=647
2026-07-26 02:26:48 [pakwheels_full] INFO: Found 25 listings on https://www.pakwheels.com/used-cars/search/-/?sortby=model_year-desc&page=648
2026-07-26 02:26:48 [scrapy.extensions.logstats] INFO: Crawled 11717 pages (at 120 pages/min), scraped 11068 items (at 112 items/min)
2026-07-26 02:26:56 [pakwheels_full] INFO: Found 25 listings on https://www.pakwheels.com/used-cars/search/-/?sortby=model_year-desc&page=649
2026-07-26 02:27:04 [pakwheels_full] INFO: Found 25 listings on https://www.pakwheels.com/used-cars/search/-/?sortby=model_year-desc&page=650
2026-07-26 02:27:13 [pakwheels_full] INFO: Found 25 listings on https://www.pakwheels.com/used-cars/search/-/?sortby=model_year-desc&page=651
2026-07-26 02:27:22 [pakwheels_full] INFO: Found 25 listings on https://www.pakwheels.com/used-cars/search/-/?sortby=model_year-desc&page=652
2026-07-26 02:27:30 [pakwheels_full] INFO: Found 25 listings on https://www.pakwheels.com/used-cars/search/-/?sortby=model_year-desc&page=653
2026-07-26 02:27:37 [pakwheels_full] INFO: Found 25 listings on https://www.pakwheels.com/used-cars/search/-/?sortby=model_year-desc&page=654
2026-07-26 02:27:45 [pakwheels_full] INFO: Found 25 listings on https://www.pakwheels.com/used-cars/search/-/?sortby=model_year-desc&page=655
2026-07-26 02:27:48 [scrapy.extensions.logstats] INFO: Crawled 11847 pages (at 130 pages/min), scraped 11192 items (at 124 items/min)
2026-07-26 02:27:54 [pakwheels_full] INFO: Found 25 listings on https://www.pakwheels.com/used-cars/search/-/?sortby=model_year-desc&page=656
2026-07-26 02:28:02 [pakwheels_full] INFO: Found 25 listings on https://www.pakwheels.com/used-cars/search/-/?sortby=model_year-desc&page=657
2026-07-26 02:28:11 [pakwheels_full] INFO: Found 25 listings on https://www.pakwheels.com/used-cars/search/-/?sortby=model_year-desc&page=658
2026-07-26 02:28:19 [pakwheels_full] INFO: Found 25 listings on https://www.pakwheels.com/used-cars/search/-/?sortby=model_year-desc&page=659
2026-07-26 02:28:27 [pakwheels_full] INFO: Found 25 listings on https://www.pakwheels.com/used-cars/search/-/?sortby=model_year-desc&page=660
2026-07-26 02:28:36 [pakwheels_full] INFO: Found 25 listings on https://www.pakwheels.com/used-cars/search/-/?sortby=model_year-desc&page=661
2026-07-26 02:28:44 [pakwheels_full] INFO: Found 25 listings on https://www.pakwheels.com/used-cars/search/-/?sortby=model_year-desc&page=662
2026-07-26 02:28:48 [scrapy.extensions.logstats] INFO: Crawled 11979 pages (at 132 pages/min), scraped 11317 items (at 125 items/min)
2026-07-26 02:28:52 [pakwheels_full] INFO: Found 25 listings on https://www.pakwheels.com/used-cars/search/-/?sortby=model_year-desc&page=663
2026-07-26 02:29:02 [pakwheels_full] INFO: Found 25 listings on https://www.pakwheels.com/used-cars/search/-/?sortby=model_year-desc&page=664
2026-07-26 02:29:11 [pakwheels_full] INFO: Found 25 listings on https://www.pakwheels.com/used-cars/search/-/?sortby=model_year-desc&page=665
2026-07-26 02:29:20 [pakwheels_full] INFO: Found 25 listings on https://www.pakwheels.com/used-cars/search/-/?sortby=model_year-desc&page=666
2026-07-26 02:29:27 [pakwheels_full] INFO: Found 25 listings on https://www.pakwheels.com/used-cars/search/-/?sortby=model_year-desc&page=667
2026-07-26 02:29:35 [pakwheels_full] INFO: Found 25 listings on https://www.pakwheels.com/used-cars/search/-/?sortby=model_year-desc&page=668
2026-07-26 02:29:44 [pakwheels_full] INFO: Found 25 listings on https://www.pakwheels.com/used-cars/search/-/?sortby=model_year-desc&page=669
2026-07-26 02:29:48 [scrapy.extensions.logstats] INFO: Crawled 12104 pages (at 125 pages/min), scraped 11435 items (at 118 items/min)
2026-07-26 02:29:54 [pakwheels_full] INFO: Found 25 listings on https://www.pakwheels.com/used-cars/search/-/?sortby=model_year-desc&page=670
2026-07-26 02:30:02 [pakwheels_full] INFO: Found 25 listings on https://www.pakwheels.com/used-cars/search/-/?sortby=model_year-desc&page=671
2026-07-26 02:30:10 [pakwheels_full] INFO: Found 25 listings on https://www.pakwheels.com/used-cars/search/-/?sortby=model_year-desc&page=672
2026-07-26 02:30:19 [pakwheels_full] INFO: Found 25 listings on https://www.pakwheels.com/used-cars/search/-/?sortby=model_year-desc&page=673
2026-07-26 02:30:27 [pakwheels_full] INFO: Found 25 listings on https://www.pakwheels.com/used-cars/search/-/?sortby=model_year-desc&page=674
2026-07-26 02:30:35 [pakwheels_full] INFO: Found 25 listings on https://www.pakwheels.com/used-cars/search/-/?sortby=model_year-desc&page=675
2026-07-26 02:30:43 [pakwheels_full] INFO: Found 25 listings on https://www.pakwheels.com/used-cars/search/-/?sortby=model_year-desc&page=676
2026-07-26 02:30:48 [scrapy.extensions.logstats] INFO: Crawled 12240 pages (at 136 pages/min), scraped 11564 items (at 129 items/min)
2026-07-26 02:30:51 [pakwheels_full] INFO: Found 25 listings on https://www.pakwheels.com/used-cars/search/-/?sortby=model_year-desc&page=677
2026-07-26 02:31:00 [pakwheels_full] INFO: Found 25 listings on https://www.pakwheels.com/used-cars/search/-/?sortby=model_year-desc&page=678
2026-07-26 02:31:08 [pakwheels_full] INFO: Found 25 listings on https://www.pakwheels.com/used-cars/search/-/?sortby=model_year-desc&page=679
2026-07-26 02:31:16 [pakwheels_full] INFO: Found 25 listings on https://www.pakwheels.com/used-cars/search/-/?sortby=model_year-desc&page=680
2026-07-26 02:31:25 [pakwheels_full] INFO: Found 25 listings on https://www.pakwheels.com/used-cars/search/-/?sortby=model_year-desc&page=681
2026-07-26 02:31:33 [pakwheels_full] INFO: Found 25 listings on https://www.pakwheels.com/used-cars/search/-/?sortby=model_year-desc&page=682
2026-07-26 02:31:41 [pakwheels_full] INFO: Found 25 listings on https://www.pakwheels.com/used-cars/search/-/?sortby=model_year-desc&page=683
2026-07-26 02:31:48 [scrapy.extensions.logstats] INFO: Crawled 12371 pages (at 131 pages/min), scraped 11688 items (at 124 items/min)
2026-07-26 02:31:49 [pakwheels_full] INFO: Found 25 listings on https://www.pakwheels.com/used-cars/search/-/?sortby=model_year-desc&page=684
2026-07-26 02:31:57 [pakwheels_full] INFO: Found 25 listings on https://www.pakwheels.com/used-cars/search/-/?sortby=model_year-desc&page=685
2026-07-26 02:32:04 [pakwheels_full] INFO: Found 25 listings on https://www.pakwheels.com/used-cars/search/-/?sortby=model_year-desc&page=686
2026-07-26 02:32:11 [pakwheels_full] INFO: Found 25 listings on https://www.pakwheels.com/used-cars/search/-/?sortby=model_year-desc&page=687
2026-07-26 02:32:19 [pakwheels_full] INFO: Found 25 listings on https://www.pakwheels.com/used-cars/search/-/?sortby=model_year-desc&page=688
2026-07-26 02:32:28 [pakwheels_full] INFO: Found 25 listings on https://www.pakwheels.com/used-cars/search/-/?sortby=model_year-desc&page=689
2026-07-26 02:32:37 [pakwheels_full] INFO: Found 25 listings on https://www.pakwheels.com/used-cars/search/-/?sortby=model_year-desc&page=690
2026-07-26 02:32:41 [dealwheel_scraper.extractors] WARNING: No usable JSON-LD found on https://www.pakwheels.com/used-cars/nissan-clipper-2021-for-sale-in-peshawar-11701323 — falling back to spec-list/meta-description.
2026-07-26 02:32:44 [pakwheels_full] INFO: Found 25 listings on https://www.pakwheels.com/used-cars/search/-/?sortby=model_year-desc&page=691
2026-07-26 02:32:48 [scrapy.extensions.logstats] INFO: Crawled 12504 pages (at 133 pages/min), scraped 11812 items (at 124 items/min)
2026-07-26 02:32:53 [pakwheels_full] INFO: Found 25 listings on https://www.pakwheels.com/used-cars/search/-/?sortby=model_year-desc&page=692
2026-07-26 02:33:01 [pakwheels_full] INFO: Found 25 listings on https://www.pakwheels.com/used-cars/search/-/?sortby=model_year-desc&page=693
2026-07-26 02:33:10 [pakwheels_full] INFO: Found 25 listings on https://www.pakwheels.com/used-cars/search/-/?sortby=model_year-desc&page=694
2026-07-26 02:33:18 [pakwheels_full] INFO: Found 25 listings on https://www.pakwheels.com/used-cars/search/-/?sortby=model_year-desc&page=695
2026-07-26 02:33:26 [pakwheels_full] INFO: Found 25 listings on https://www.pakwheels.com/used-cars/search/-/?sortby=model_year-desc&page=696
2026-07-26 02:33:33 [pakwheels_full] INFO: Found 25 listings on https://www.pakwheels.com/used-cars/search/-/?sortby=model_year-desc&page=697
2026-07-26 02:33:41 [pakwheels_full] INFO: Found 25 listings on https://www.pakwheels.com/used-cars/search/-/?sortby=model_year-desc&page=698
2026-07-26 02:33:48 [scrapy.extensions.logstats] INFO: Crawled 12639 pages (at 135 pages/min), scraped 11941 items (at 129 items/min)
2026-07-26 02:33:49 [pakwheels_full] INFO: Found 25 listings on https://www.pakwheels.com/used-cars/search/-/?sortby=model_year-desc&page=699
2026-07-26 02:33:55 [pakwheels_full] INFO: Found 25 listings on https://www.pakwheels.com/used-cars/search/-/?sortby=model_year-desc&page=700
2026-07-26 02:34:02 [pakwheels_full] INFO: Found 25 listings on https://www.pakwheels.com/used-cars/search/-/?sortby=model_year-desc&page=701
2026-07-26 02:34:09 [pakwheels_full] INFO: Found 25 listings on https://www.pakwheels.com/used-cars/search/-/?sortby=model_year-desc&page=702
2026-07-26 02:34:17 [pakwheels_full] INFO: Found 25 listings on https://www.pakwheels.com/used-cars/search/-/?sortby=model_year-desc&page=703
2026-07-26 02:34:26 [pakwheels_full] INFO: Found 25 listings on https://www.pakwheels.com/used-cars/search/-/?sortby=model_year-desc&page=704
2026-07-26 02:34:34 [pakwheels_full] INFO: Found 25 listings on https://www.pakwheels.com/used-cars/search/-/?sortby=model_year-desc&page=705
2026-07-26 02:34:44 [pakwheels_full] INFO: Found 25 listings on https://www.pakwheels.com/used-cars/search/-/?sortby=model_year-desc&page=706
2026-07-26 02:34:48 [scrapy.extensions.logstats] INFO: Crawled 12780 pages (at 141 pages/min), scraped 12074 items (at 133 items/min)
2026-07-26 02:34:52 [pakwheels_full] INFO: Found 25 listings on https://www.pakwheels.com/used-cars/search/-/?sortby=model_year-desc&page=707
2026-07-26 02:35:01 [pakwheels_full] INFO: Found 25 listings on https://www.pakwheels.com/used-cars/search/-/?sortby=model_year-desc&page=708
2026-07-26 02:35:10 [pakwheels_full] INFO: Found 25 listings on https://www.pakwheels.com/used-cars/search/-/?sortby=model_year-desc&page=709
2026-07-26 02:35:18 [pakwheels_full] INFO: Found 25 listings on https://www.pakwheels.com/used-cars/search/-/?sortby=model_year-desc&page=710
2026-07-26 02:35:27 [pakwheels_full] INFO: Found 25 listings on https://www.pakwheels.com/used-cars/search/-/?sortby=model_year-desc&page=711
2026-07-26 02:35:36 [pakwheels_full] INFO: Found 25 listings on https://www.pakwheels.com/used-cars/search/-/?sortby=model_year-desc&page=712
2026-07-26 02:35:45 [pakwheels_full] INFO: Found 25 listings on https://www.pakwheels.com/used-cars/search/-/?sortby=model_year-desc&page=713
2026-07-26 02:35:48 [scrapy.extensions.logstats] INFO: Crawled 12908 pages (at 128 pages/min), scraped 12195 items (at 121 items/min)
2026-07-26 02:35:54 [pakwheels_full] INFO: Found 25 listings on https://www.pakwheels.com/used-cars/search/-/?sortby=model_year-desc&page=714
2026-07-26 02:36:02 [pakwheels_full] INFO: Found 25 listings on https://www.pakwheels.com/used-cars/search/-/?sortby=model_year-desc&page=715
2026-07-26 02:36:11 [pakwheels_full] INFO: Found 25 listings on https://www.pakwheels.com/used-cars/search/-/?sortby=model_year-desc&page=716
2026-07-26 02:36:18 [pakwheels_full] INFO: Found 25 listings on https://www.pakwheels.com/used-cars/search/-/?sortby=model_year-desc&page=717
2026-07-26 02:36:19 [dealwheel_scraper.extractors] WARNING: No usable JSON-LD found on https://www.pakwheels.com/used-cars/chevrolet-corvette-2021-for-sale-in-lahore-10252006 — falling back to spec-list/meta-description.
2026-07-26 02:36:26 [pakwheels_full] INFO: Found 25 listings on https://www.pakwheels.com/used-cars/search/-/?sortby=model_year-desc&page=718
2026-07-26 02:36:34 [pakwheels_full] INFO: Found 25 listings on https://www.pakwheels.com/used-cars/search/-/?sortby=model_year-desc&page=719
2026-07-26 02:36:42 [pakwheels_full] INFO: Found 25 listings on https://www.pakwheels.com/used-cars/search/-/?sortby=model_year-desc&page=720
2026-07-26 02:36:48 [scrapy.extensions.logstats] INFO: Crawled 13045 pages (at 137 pages/min), scraped 12324 items (at 129 items/min)
2026-07-26 02:36:49 [pakwheels_full] INFO: Found 25 listings on https://www.pakwheels.com/used-cars/search/-/?sortby=model_year-desc&page=721
2026-07-26 02:36:58 [pakwheels_full] INFO: Found 25 listings on https://www.pakwheels.com/used-cars/search/-/?sortby=model_year-desc&page=722
2026-07-26 02:37:08 [pakwheels_full] INFO: Found 25 listings on https://www.pakwheels.com/used-cars/search/-/?sortby=model_year-desc&page=723
2026-07-26 02:37:16 [pakwheels_full] INFO: Found 25 listings on https://www.pakwheels.com/used-cars/search/-/?sortby=model_year-desc&page=724
2026-07-26 02:37:25 [pakwheels_full] INFO: Found 25 listings on https://www.pakwheels.com/used-cars/search/-/?sortby=model_year-desc&page=725
2026-07-26 02:37:34 [pakwheels_full] INFO: Found 25 listings on https://www.pakwheels.com/used-cars/search/-/?sortby=model_year-desc&page=726
2026-07-26 02:37:41 [pakwheels_full] INFO: Found 25 listings on https://www.pakwheels.com/used-cars/search/-/?sortby=model_year-desc&page=727
2026-07-26 02:37:48 [scrapy.extensions.logstats] INFO: Crawled 13175 pages (at 130 pages/min), scraped 12448 items (at 124 items/min)
2026-07-26 02:37:48 [pakwheels_full] INFO: Found 25 listings on https://www.pakwheels.com/used-cars/search/-/?sortby=model_year-desc&page=728
2026-07-26 02:37:57 [pakwheels_full] INFO: Found 25 listings on https://www.pakwheels.com/used-cars/search/-/?sortby=model_year-desc&page=729
2026-07-26 02:38:04 [pakwheels_full] INFO: Found 25 listings on https://www.pakwheels.com/used-cars/search/-/?sortby=model_year-desc&page=730
2026-07-26 02:38:12 [pakwheels_full] INFO: Found 25 listings on https://www.pakwheels.com/used-cars/search/-/?sortby=model_year-desc&page=731
2026-07-26 02:38:20 [pakwheels_full] INFO: Found 25 listings on https://www.pakwheels.com/used-cars/search/-/?sortby=model_year-desc&page=732
2026-07-26 02:38:28 [pakwheels_full] INFO: Found 25 listings on https://www.pakwheels.com/used-cars/search/-/?sortby=model_year-desc&page=733
2026-07-26 02:38:34 [pakwheels_full] INFO: Found 25 listings on https://www.pakwheels.com/used-cars/search/-/?sortby=model_year-desc&page=734
2026-07-26 02:38:42 [pakwheels_full] INFO: Found 25 listings on https://www.pakwheels.com/used-cars/search/-/?sortby=model_year-desc&page=735
2026-07-26 02:38:48 [scrapy.extensions.logstats] INFO: Crawled 13318 pages (at 143 pages/min), scraped 12583 items (at 135 items/min)
2026-07-26 02:38:49 [pakwheels_full] INFO: Found 25 listings on https://www.pakwheels.com/used-cars/search/-/?sortby=model_year-desc&page=736
2026-07-26 02:38:57 [pakwheels_full] INFO: Found 25 listings on https://www.pakwheels.com/used-cars/search/-/?sortby=model_year-desc&page=737
2026-07-26 02:39:04 [pakwheels_full] INFO: Found 25 listings on https://www.pakwheels.com/used-cars/search/-/?sortby=model_year-desc&page=738
2026-07-26 02:39:13 [pakwheels_full] INFO: Found 25 listings on https://www.pakwheels.com/used-cars/search/-/?sortby=model_year-desc&page=739
2026-07-26 02:39:22 [pakwheels_full] INFO: Found 25 listings on https://www.pakwheels.com/used-cars/search/-/?sortby=model_year-desc&page=740
2026-07-26 02:39:30 [pakwheels_full] INFO: Found 25 listings on https://www.pakwheels.com/used-cars/search/-/?sortby=model_year-desc&page=741
2026-07-26 02:39:39 [pakwheels_full] INFO: Found 25 listings on https://www.pakwheels.com/used-cars/search/-/?sortby=model_year-desc&page=742
2026-07-26 02:39:47 [pakwheels_full] INFO: Found 25 listings on https://www.pakwheels.com/used-cars/search/-/?sortby=model_year-desc&page=743
2026-07-26 02:39:48 [scrapy.extensions.logstats] INFO: Crawled 13456 pages (at 138 pages/min), scraped 12713 items (at 130 items/min)
2026-07-26 02:39:54 [pakwheels_full] INFO: Found 25 listings on https://www.pakwheels.com/used-cars/search/-/?sortby=model_year-desc&page=744
2026-07-26 02:40:02 [pakwheels_full] INFO: Found 25 listings on https://www.pakwheels.com/used-cars/search/-/?sortby=model_year-desc&page=745
2026-07-26 02:40:10 [pakwheels_full] INFO: Found 25 listings on https://www.pakwheels.com/used-cars/search/-/?sortby=model_year-desc&page=746
2026-07-26 02:40:18 [pakwheels_full] INFO: Found 25 listings on https://www.pakwheels.com/used-cars/search/-/?sortby=model_year-desc&page=747
2026-07-26 02:40:26 [pakwheels_full] INFO: Found 25 listings on https://www.pakwheels.com/used-cars/search/-/?sortby=model_year-desc&page=748
2026-07-26 02:40:35 [pakwheels_full] INFO: Found 25 listings on https://www.pakwheels.com/used-cars/search/-/?sortby=model_year-desc&page=749
2026-07-26 02:40:43 [pakwheels_full] INFO: Found 25 listings on https://www.pakwheels.com/used-cars/search/-/?sortby=model_year-desc&page=750
2026-07-26 02:40:48 [scrapy.extensions.logstats] INFO: Crawled 13591 pages (at 135 pages/min), scraped 12841 items (at 128 items/min)
2026-07-26 02:40:52 [pakwheels_full] INFO: Found 25 listings on https://www.pakwheels.com/used-cars/search/-/?sortby=model_year-desc&page=751
2026-07-26 02:40:59 [pakwheels_full] INFO: Found 25 listings on https://www.pakwheels.com/used-cars/search/-/?sortby=model_year-desc&page=752
2026-07-26 02:41:08 [pakwheels_full] INFO: Found 25 listings on https://www.pakwheels.com/used-cars/search/-/?sortby=model_year-desc&page=753
2026-07-26 02:41:15 [pakwheels_full] INFO: Found 25 listings on https://www.pakwheels.com/used-cars/search/-/?sortby=model_year-desc&page=754
2026-07-26 02:41:24 [pakwheels_full] INFO: Found 25 listings on https://www.pakwheels.com/used-cars/search/-/?sortby=model_year-desc&page=755
2026-07-26 02:41:32 [pakwheels_full] INFO: Found 25 listings on https://www.pakwheels.com/used-cars/search/-/?sortby=model_year-desc&page=756
2026-07-26 02:41:40 [pakwheels_full] INFO: Found 25 listings on https://www.pakwheels.com/used-cars/search/-/?sortby=model_year-desc&page=757
2026-07-26 02:41:48 [scrapy.extensions.logstats] INFO: Crawled 13729 pages (at 138 pages/min), scraped 12972 items (at 131 items/min)
2026-07-26 02:41:49 [pakwheels_full] INFO: Found 25 listings on https://www.pakwheels.com/used-cars/search/-/?sortby=model_year-desc&page=758
2026-07-26 02:41:56 [pakwheels_full] INFO: Found 25 listings on https://www.pakwheels.com/used-cars/search/-/?sortby=model_year-desc&page=759
2026-07-26 02:42:05 [pakwheels_full] INFO: Found 25 listings on https://www.pakwheels.com/used-cars/search/-/?sortby=model_year-desc&page=760
2026-07-26 02:42:14 [pakwheels_full] INFO: Found 25 listings on https://www.pakwheels.com/used-cars/search/-/?sortby=model_year-desc&page=761
2026-07-26 02:42:22 [pakwheels_full] INFO: Found 25 listings on https://www.pakwheels.com/used-cars/search/-/?sortby=model_year-desc&page=762
2026-07-26 02:42:30 [pakwheels_full] INFO: Found 25 listings on https://www.pakwheels.com/used-cars/search/-/?sortby=model_year-desc&page=763
2026-07-26 02:42:38 [pakwheels_full] INFO: Found 25 listings on https://www.pakwheels.com/used-cars/search/-/?sortby=model_year-desc&page=764
2026-07-26 02:42:46 [pakwheels_full] INFO: Found 25 listings on https://www.pakwheels.com/used-cars/search/-/?sortby=model_year-desc&page=765
2026-07-26 02:42:48 [scrapy.extensions.logstats] INFO: Crawled 13863 pages (at 134 pages/min), scraped 13098 items (at 126 items/min)
2026-07-26 02:42:54 [pakwheels_full] INFO: Found 25 listings on https://www.pakwheels.com/used-cars/search/-/?sortby=model_year-desc&page=766
2026-07-26 02:43:01 [pakwheels_full] INFO: Found 25 listings on https://www.pakwheels.com/used-cars/search/-/?sortby=model_year-desc&page=767
2026-07-26 02:43:10 [pakwheels_full] INFO: Found 25 listings on https://www.pakwheels.com/used-cars/search/-/?sortby=model_year-desc&page=768
2026-07-26 02:43:20 [pakwheels_full] INFO: Found 25 listings on https://www.pakwheels.com/used-cars/search/-/?sortby=model_year-desc&page=769
2026-07-26 02:43:30 [pakwheels_full] INFO: Found 25 listings on https://www.pakwheels.com/used-cars/search/-/?sortby=model_year-desc&page=770
2026-07-26 02:43:37 [pakwheels_full] INFO: Found 25 listings on https://www.pakwheels.com/used-cars/search/-/?sortby=model_year-desc&page=771
2026-07-26 02:43:45 [pakwheels_full] INFO: Found 25 listings on https://www.pakwheels.com/used-cars/search/-/?sortby=model_year-desc&page=772
2026-07-26 02:43:48 [scrapy.extensions.logstats] INFO: Crawled 13993 pages (at 130 pages/min), scraped 13221 items (at 123 items/min)
2026-07-26 02:43:53 [pakwheels_full] INFO: Found 25 listings on https://www.pakwheels.com/used-cars/search/-/?sortby=model_year-desc&page=773
2026-07-26 02:44:02 [pakwheels_full] INFO: Found 25 listings on https://www.pakwheels.com/used-cars/search/-/?sortby=model_year-desc&page=774
2026-07-26 02:44:10 [pakwheels_full] INFO: Found 25 listings on https://www.pakwheels.com/used-cars/search/-/?sortby=model_year-desc&page=775
2026-07-26 02:44:18 [pakwheels_full] INFO: Found 25 listings on https://www.pakwheels.com/used-cars/search/-/?sortby=model_year-desc&page=776
2026-07-26 02:44:25 [pakwheels_full] INFO: Found 25 listings on https://www.pakwheels.com/used-cars/search/-/?sortby=model_year-desc&page=777
2026-07-26 02:44:33 [pakwheels_full] INFO: Found 25 listings on https://www.pakwheels.com/used-cars/search/-/?sortby=model_year-desc&page=778
2026-07-26 02:44:40 [pakwheels_full] INFO: Found 25 listings on https://www.pakwheels.com/used-cars/search/-/?sortby=model_year-desc&page=779
2026-07-26 02:44:48 [scrapy.extensions.logstats] INFO: Crawled 14128 pages (at 135 pages/min), scraped 13348 items (at 127 items/min)
2026-07-26 02:44:48 [pakwheels_full] INFO: Found 25 listings on https://www.pakwheels.com/used-cars/search/-/?sortby=model_year-desc&page=780
2026-07-26 02:44:57 [pakwheels_full] INFO: Found 25 listings on https://www.pakwheels.com/used-cars/search/-/?sortby=model_year-desc&page=781
2026-07-26 02:45:01 [dealwheel_scraper.extractors] WARNING: No usable JSON-LD found on https://www.pakwheels.com/used-cars/porsche-taycan-2021-for-sale-in-gujranwala-11610431 — falling back to spec-list/meta-description.
2026-07-26 02:45:06 [pakwheels_full] INFO: Found 25 listings on https://www.pakwheels.com/used-cars/search/-/?sortby=model_year-desc&page=782
2026-07-26 02:45:13 [pakwheels_full] INFO: Found 25 listings on https://www.pakwheels.com/used-cars/search/-/?sortby=model_year-desc&page=783
2026-07-26 02:45:21 [pakwheels_full] INFO: Found 25 listings on https://www.pakwheels.com/used-cars/search/-/?sortby=model_year-desc&page=784
2026-07-26 02:45:28 [pakwheels_full] INFO: Found 25 listings on https://www.pakwheels.com/used-cars/search/-/?sortby=model_year-desc&page=785
2026-07-26 02:45:35 [pakwheels_full] INFO: Found 25 listings on https://www.pakwheels.com/used-cars/search/-/?sortby=model_year-desc&page=786
2026-07-26 02:45:43 [pakwheels_full] INFO: Found 25 listings on https://www.pakwheels.com/used-cars/search/-/?sortby=model_year-desc&page=787
2026-07-26 02:45:48 [scrapy.extensions.logstats] INFO: Crawled 14263 pages (at 135 pages/min), scraped 13476 items (at 128 items/min)
2026-07-26 02:45:51 [pakwheels_full] INFO: Found 25 listings on https://www.pakwheels.com/used-cars/search/-/?sortby=model_year-desc&page=788
2026-07-26 02:45:59 [pakwheels_full] INFO: Found 25 listings on https://www.pakwheels.com/used-cars/search/-/?sortby=model_year-desc&page=789
2026-07-26 02:46:05 [pakwheels_full] INFO: Found 25 listings on https://www.pakwheels.com/used-cars/search/-/?sortby=model_year-desc&page=790
2026-07-26 02:46:13 [pakwheels_full] INFO: Found 25 listings on https://www.pakwheels.com/used-cars/search/-/?sortby=model_year-desc&page=791
2026-07-26 02:46:20 [pakwheels_full] INFO: Found 25 listings on https://www.pakwheels.com/used-cars/search/-/?sortby=model_year-desc&page=792
2026-07-26 02:46:28 [pakwheels_full] INFO: Found 25 listings on https://www.pakwheels.com/used-cars/search/-/?sortby=model_year-desc&page=793
2026-07-26 02:46:35 [pakwheels_full] INFO: Found 25 listings on https://www.pakwheels.com/used-cars/search/-/?sortby=model_year-desc&page=794
2026-07-26 02:46:42 [pakwheels_full] INFO: Found 25 listings on https://www.pakwheels.com/used-cars/search/-/?sortby=model_year-desc&page=795
2026-07-26 02:46:48 [scrapy.extensions.logstats] INFO: Crawled 14410 pages (at 147 pages/min), scraped 13614 items (at 138 items/min)
2026-07-26 02:46:50 [pakwheels_full] INFO: Found 25 listings on https://www.pakwheels.com/used-cars/search/-/?sortby=model_year-desc&page=796
2026-07-26 02:46:59 [pakwheels_full] INFO: Found 25 listings on https://www.pakwheels.com/used-cars/search/-/?sortby=model_year-desc&page=797
2026-07-26 02:47:08 [pakwheels_full] INFO: Found 25 listings on https://www.pakwheels.com/used-cars/search/-/?sortby=model_year-desc&page=798
2026-07-26 02:47:16 [pakwheels_full] INFO: Found 25 listings on https://www.pakwheels.com/used-cars/search/-/?sortby=model_year-desc&page=799
2026-07-26 02:47:23 [pakwheels_full] INFO: Found 25 listings on https://www.pakwheels.com/used-cars/search/-/?sortby=model_year-desc&page=800
2026-07-26 02:47:32 [pakwheels_full] INFO: Found 25 listings on https://www.pakwheels.com/used-cars/search/-/?sortby=model_year-desc&page=801
2026-07-26 02:47:41 [pakwheels_full] INFO: Found 25 listings on https://www.pakwheels.com/used-cars/search/-/?sortby=model_year-desc&page=802
2026-07-26 02:47:48 [scrapy.extensions.logstats] INFO: Crawled 14546 pages (at 136 pages/min), scraped 13744 items (at 130 items/min)
2026-07-26 02:47:49 [pakwheels_full] INFO: Found 25 listings on https://www.pakwheels.com/used-cars/search/-/?sortby=model_year-desc&page=803
2026-07-26 02:47:56 [pakwheels_full] INFO: Found 25 listings on https://www.pakwheels.com/used-cars/search/-/?sortby=model_year-desc&page=804
2026-07-26 02:48:05 [pakwheels_full] INFO: Found 25 listings on https://www.pakwheels.com/used-cars/search/-/?sortby=model_year-desc&page=805
2026-07-26 02:48:13 [pakwheels_full] INFO: Found 25 listings on https://www.pakwheels.com/used-cars/search/-/?sortby=model_year-desc&page=806
2026-07-26 02:48:21 [pakwheels_full] INFO: Found 25 listings on https://www.pakwheels.com/used-cars/search/-/?sortby=model_year-desc&page=807
2026-07-26 02:48:30 [pakwheels_full] INFO: Found 25 listings on https://www.pakwheels.com/used-cars/search/-/?sortby=model_year-desc&page=808
2026-07-26 02:48:38 [pakwheels_full] INFO: Found 25 listings on https://www.pakwheels.com/used-cars/search/-/?sortby=model_year-desc&page=809
2026-07-26 02:48:47 [pakwheels_full] INFO: Found 25 listings on https://www.pakwheels.com/used-cars/search/-/?sortby=model_year-desc&page=810
2026-07-26 02:48:48 [scrapy.extensions.logstats] INFO: Crawled 14681 pages (at 135 pages/min), scraped 13871 items (at 127 items/min)
2026-07-26 02:48:54 [pakwheels_full] INFO: Found 25 listings on https://www.pakwheels.com/used-cars/search/-/?sortby=model_year-desc&page=811
2026-07-26 02:49:01 [pakwheels_full] INFO: Found 25 listings on https://www.pakwheels.com/used-cars/search/-/?sortby=model_year-desc&page=812
2026-07-26 02:49:08 [pakwheels_full] INFO: Found 25 listings on https://www.pakwheels.com/used-cars/search/-/?sortby=model_year-desc&page=813
2026-07-26 02:49:15 [pakwheels_full] INFO: Found 25 listings on https://www.pakwheels.com/used-cars/search/-/?sortby=model_year-desc&page=814
2026-07-26 02:49:22 [pakwheels_full] INFO: Found 25 listings on https://www.pakwheels.com/used-cars/search/-/?sortby=model_year-desc&page=815
2026-07-26 02:49:30 [pakwheels_full] INFO: Found 25 listings on https://www.pakwheels.com/used-cars/search/-/?sortby=model_year-desc&page=816
2026-07-26 02:49:39 [pakwheels_full] INFO: Found 25 listings on https://www.pakwheels.com/used-cars/search/-/?sortby=model_year-desc&page=817
2026-07-26 02:49:47 [pakwheels_full] INFO: Found 25 listings on https://www.pakwheels.com/used-cars/search/-/?sortby=model_year-desc&page=818
2026-07-26 02:49:48 [scrapy.extensions.logstats] INFO: Crawled 14823 pages (at 142 pages/min), scraped 14004 items (at 133 items/min)
2026-07-26 02:49:55 [pakwheels_full] INFO: Found 25 listings on https://www.pakwheels.com/used-cars/search/-/?sortby=model_year-desc&page=819
2026-07-26 02:50:02 [pakwheels_full] INFO: Found 25 listings on https://www.pakwheels.com/used-cars/search/-/?sortby=model_year-desc&page=820
2026-07-26 02:50:10 [pakwheels_full] INFO: Found 25 listings on https://www.pakwheels.com/used-cars/search/-/?sortby=model_year-desc&page=821
2026-07-26 02:50:18 [pakwheels_full] INFO: Found 25 listings on https://www.pakwheels.com/used-cars/search/-/?sortby=model_year-desc&page=822
2026-07-26 02:50:27 [pakwheels_full] INFO: Found 25 listings on https://www.pakwheels.com/used-cars/search/-/?sortby=model_year-desc&page=823
2026-07-26 02:50:34 [pakwheels_full] INFO: Found 25 listings on https://www.pakwheels.com/used-cars/search/-/?sortby=model_year-desc&page=824
2026-07-26 02:50:41 [pakwheels_full] INFO: Found 25 listings on https://www.pakwheels.com/used-cars/search/-/?sortby=model_year-desc&page=825
2026-07-26 02:50:48 [scrapy.extensions.logstats] INFO: Crawled 14963 pages (at 140 pages/min), scraped 14138 items (at 134 items/min)
2026-07-26 02:50:50 [pakwheels_full] INFO: Found 25 listings on https://www.pakwheels.com/used-cars/search/-/?sortby=model_year-desc&page=826
2026-07-26 02:50:58 [pakwheels_full] INFO: Found 25 listings on https://www.pakwheels.com/used-cars/search/-/?sortby=model_year-desc&page=827
2026-07-26 02:51:05 [pakwheels_full] INFO: Found 25 listings on https://www.pakwheels.com/used-cars/search/-/?sortby=model_year-desc&page=828
2026-07-26 02:51:13 [pakwheels_full] INFO: Found 25 listings on https://www.pakwheels.com/used-cars/search/-/?sortby=model_year-desc&page=829
2026-07-26 02:51:20 [pakwheels_full] INFO: Found 25 listings on https://www.pakwheels.com/used-cars/search/-/?sortby=model_year-desc&page=830
2026-07-26 02:51:27 [pakwheels_full] INFO: Found 25 listings on https://www.pakwheels.com/used-cars/search/-/?sortby=model_year-desc&page=831
2026-07-26 02:51:35 [pakwheels_full] INFO: Found 25 listings on https://www.pakwheels.com/used-cars/search/-/?sortby=model_year-desc&page=832
2026-07-26 02:51:42 [pakwheels_full] INFO: Found 25 listings on https://www.pakwheels.com/used-cars/search/-/?sortby=model_year-desc&page=833
2026-07-26 02:51:48 [scrapy.extensions.logstats] INFO: Crawled 15112 pages (at 149 pages/min), scraped 14279 items (at 141 items/min)
2026-07-26 02:51:51 [pakwheels_full] INFO: Found 25 listings on https://www.pakwheels.com/used-cars/search/-/?sortby=model_year-desc&page=834
2026-07-26 02:51:58 [pakwheels_full] INFO: Found 25 listings on https://www.pakwheels.com/used-cars/search/-/?sortby=model_year-desc&page=835
2026-07-26 02:52:05 [pakwheels_full] INFO: Found 25 listings on https://www.pakwheels.com/used-cars/search/-/?sortby=model_year-desc&page=836
2026-07-26 02:52:13 [pakwheels_full] INFO: Found 25 listings on https://www.pakwheels.com/used-cars/search/-/?sortby=model_year-desc&page=837
2026-07-26 02:52:21 [pakwheels_full] INFO: Found 25 listings on https://www.pakwheels.com/used-cars/search/-/?sortby=model_year-desc&page=838
2026-07-26 02:52:28 [pakwheels_full] INFO: Found 25 listings on https://www.pakwheels.com/used-cars/search/-/?sortby=model_year-desc&page=839
2026-07-26 02:52:36 [pakwheels_full] INFO: Found 25 listings on https://www.pakwheels.com/used-cars/search/-/?sortby=model_year-desc&page=840
2026-07-26 02:52:43 [pakwheels_full] INFO: Found 25 listings on https://www.pakwheels.com/used-cars/search/-/?sortby=model_year-desc&page=841
2026-07-26 02:52:48 [scrapy.extensions.logstats] INFO: Crawled 15256 pages (at 144 pages/min), scraped 14415 items (at 136 items/min)
2026-07-26 02:52:51 [pakwheels_full] INFO: Found 25 listings on https://www.pakwheels.com/used-cars/search/-/?sortby=model_year-desc&page=842
2026-07-26 02:52:59 [pakwheels_full] INFO: Found 25 listings on https://www.pakwheels.com/used-cars/search/-/?sortby=model_year-desc&page=843
2026-07-26 02:53:07 [pakwheels_full] INFO: Found 25 listings on https://www.pakwheels.com/used-cars/search/-/?sortby=model_year-desc&page=844
2026-07-26 02:53:14 [pakwheels_full] INFO: Found 25 listings on https://www.pakwheels.com/used-cars/search/-/?sortby=model_year-desc&page=845
2026-07-26 02:53:22 [pakwheels_full] INFO: Found 25 listings on https://www.pakwheels.com/used-cars/search/-/?sortby=model_year-desc&page=846
2026-07-26 02:53:29 [pakwheels_full] INFO: Found 25 listings on https://www.pakwheels.com/used-cars/search/-/?sortby=model_year-desc&page=847
2026-07-26 02:53:37 [pakwheels_full] INFO: Found 25 listings on https://www.pakwheels.com/used-cars/search/-/?sortby=model_year-desc&page=848
2026-07-26 02:53:45 [pakwheels_full] INFO: Found 25 listings on https://www.pakwheels.com/used-cars/search/-/?sortby=model_year-desc&page=849
2026-07-26 02:53:48 [scrapy.extensions.logstats] INFO: Crawled 15398 pages (at 142 pages/min), scraped 14549 items (at 134 items/min)
2026-07-26 02:53:52 [pakwheels_full] INFO: Found 25 listings on https://www.pakwheels.com/used-cars/search/-/?sortby=model_year-desc&page=850
2026-07-26 02:54:00 [pakwheels_full] INFO: Found 25 listings on https://www.pakwheels.com/used-cars/search/-/?sortby=model_year-desc&page=851
2026-07-26 02:54:07 [pakwheels_full] INFO: Found 25 listings on https://www.pakwheels.com/used-cars/search/-/?sortby=model_year-desc&page=852
2026-07-26 02:54:15 [pakwheels_full] INFO: Found 25 listings on https://www.pakwheels.com/used-cars/search/-/?sortby=model_year-desc&page=853
2026-07-26 02:54:21 [pakwheels_full] INFO: Found 25 listings on https://www.pakwheels.com/used-cars/search/-/?sortby=model_year-desc&page=854
2026-07-26 02:54:31 [pakwheels_full] INFO: Found 25 listings on https://www.pakwheels.com/used-cars/search/-/?sortby=model_year-desc&page=855
2026-07-26 02:54:39 [pakwheels_full] INFO: Found 25 listings on https://www.pakwheels.com/used-cars/search/-/?sortby=model_year-desc&page=856
2026-07-26 02:54:46 [pakwheels_full] INFO: Found 25 listings on https://www.pakwheels.com/used-cars/search/-/?sortby=model_year-desc&page=857
2026-07-26 02:54:48 [scrapy.extensions.logstats] INFO: Crawled 15539 pages (at 141 pages/min), scraped 14681 items (at 132 items/min)
2026-07-26 02:54:55 [pakwheels_full] INFO: Found 25 listings on https://www.pakwheels.com/used-cars/search/-/?sortby=model_year-desc&page=858
2026-07-26 02:55:01 [pakwheels_full] INFO: Found 25 listings on https://www.pakwheels.com/used-cars/search/-/?sortby=model_year-desc&page=859
2026-07-26 02:55:11 [pakwheels_full] INFO: Found 25 listings on https://www.pakwheels.com/used-cars/search/-/?sortby=model_year-desc&page=860
2026-07-26 02:55:19 [pakwheels_full] INFO: Found 25 listings on https://www.pakwheels.com/used-cars/search/-/?sortby=model_year-desc&page=861
2026-07-26 02:55:28 [pakwheels_full] INFO: Found 25 listings on https://www.pakwheels.com/used-cars/search/-/?sortby=model_year-desc&page=862
2026-07-26 02:55:38 [pakwheels_full] INFO: Found 25 listings on https://www.pakwheels.com/used-cars/search/-/?sortby=model_year-desc&page=863
2026-07-26 02:55:47 [pakwheels_full] INFO: Found 25 listings on https://www.pakwheels.com/used-cars/search/-/?sortby=model_year-desc&page=864
2026-07-26 02:55:48 [scrapy.extensions.logstats] INFO: Crawled 15670 pages (at 131 pages/min), scraped 14805 items (at 124 items/min)
2026-07-26 02:55:55 [pakwheels_full] INFO: Found 25 listings on https://www.pakwheels.com/used-cars/search/-/?sortby=model_year-desc&page=865
2026-07-26 02:56:02 [pakwheels_full] INFO: Found 25 listings on https://www.pakwheels.com/used-cars/search/-/?sortby=model_year-desc&page=866
2026-07-26 02:56:12 [pakwheels_full] INFO: Found 25 listings on https://www.pakwheels.com/used-cars/search/-/?sortby=model_year-desc&page=867
2026-07-26 02:56:20 [pakwheels_full] INFO: Found 25 listings on https://www.pakwheels.com/used-cars/search/-/?sortby=model_year-desc&page=868
2026-07-26 02:56:29 [pakwheels_full] INFO: Found 25 listings on https://www.pakwheels.com/used-cars/search/-/?sortby=model_year-desc&page=869
2026-07-26 02:56:37 [pakwheels_full] INFO: Found 25 listings on https://www.pakwheels.com/used-cars/search/-/?sortby=model_year-desc&page=870
2026-07-26 02:56:43 [pakwheels_full] INFO: Found 25 listings on https://www.pakwheels.com/used-cars/search/-/?sortby=model_year-desc&page=871
2026-07-26 02:56:48 [scrapy.extensions.logstats] INFO: Crawled 15809 pages (at 139 pages/min), scraped 14937 items (at 132 items/min)
2026-07-26 02:56:51 [pakwheels_full] INFO: Found 25 listings on https://www.pakwheels.com/used-cars/search/-/?sortby=model_year-desc&page=872
2026-07-26 02:57:00 [pakwheels_full] INFO: Found 25 listings on https://www.pakwheels.com/used-cars/search/-/?sortby=model_year-desc&page=873
2026-07-26 02:57:07 [pakwheels_full] INFO: Found 25 listings on https://www.pakwheels.com/used-cars/search/-/?sortby=model_year-desc&page=874
2026-07-26 02:57:15 [pakwheels_full] INFO: Found 25 listings on https://www.pakwheels.com/used-cars/search/-/?sortby=model_year-desc&page=875
2026-07-26 02:57:22 [pakwheels_full] INFO: Found 25 listings on https://www.pakwheels.com/used-cars/search/-/?sortby=model_year-desc&page=876
2026-07-26 02:57:30 [pakwheels_full] INFO: Found 25 listings on https://www.pakwheels.com/used-cars/search/-/?sortby=model_year-desc&page=877
2026-07-26 02:57:39 [pakwheels_full] INFO: Found 25 listings on https://www.pakwheels.com/used-cars/search/-/?sortby=model_year-desc&page=878
2026-07-26 02:57:46 [pakwheels_full] INFO: Found 25 listings on https://www.pakwheels.com/used-cars/search/-/?sortby=model_year-desc&page=879
2026-07-26 02:57:48 [scrapy.extensions.logstats] INFO: Crawled 15950 pages (at 141 pages/min), scraped 15071 items (at 134 items/min)
2026-07-26 02:57:54 [pakwheels_full] INFO: Found 25 listings on https://www.pakwheels.com/used-cars/search/-/?sortby=model_year-desc&page=880
2026-07-26 02:58:02 [pakwheels_full] INFO: Found 25 listings on https://www.pakwheels.com/used-cars/search/-/?sortby=model_year-desc&page=881
2026-07-26 02:58:11 [pakwheels_full] INFO: Found 25 listings on https://www.pakwheels.com/used-cars/search/-/?sortby=model_year-desc&page=882
2026-07-26 02:58:18 [pakwheels_full] INFO: Found 25 listings on https://www.pakwheels.com/used-cars/search/-/?sortby=model_year-desc&page=883
2026-07-26 02:58:26 [pakwheels_full] INFO: Found 25 listings on https://www.pakwheels.com/used-cars/search/-/?sortby=model_year-desc&page=884
2026-07-26 02:58:33 [pakwheels_full] INFO: Found 25 listings on https://www.pakwheels.com/used-cars/search/-/?sortby=model_year-desc&page=885
2026-07-26 02:58:39 [pakwheels_full] INFO: Found 25 listings on https://www.pakwheels.com/used-cars/search/-/?sortby=model_year-desc&page=886
2026-07-26 02:58:46 [pakwheels_full] INFO: Found 25 listings on https://www.pakwheels.com/used-cars/search/-/?sortby=model_year-desc&page=887
2026-07-26 02:58:48 [scrapy.extensions.logstats] INFO: Crawled 16101 pages (at 151 pages/min), scraped 15213 items (at 142 items/min)
2026-07-26 02:58:53 [pakwheels_full] INFO: Found 25 listings on https://www.pakwheels.com/used-cars/search/-/?sortby=model_year-desc&page=888
2026-07-26 02:59:01 [pakwheels_full] INFO: Found 25 listings on https://www.pakwheels.com/used-cars/search/-/?sortby=model_year-desc&page=889
2026-07-26 02:59:07 [pakwheels_full] INFO: Found 25 listings on https://www.pakwheels.com/used-cars/search/-/?sortby=model_year-desc&page=890
2026-07-26 02:59:14 [pakwheels_full] INFO: Found 25 listings on https://www.pakwheels.com/used-cars/search/-/?sortby=model_year-desc&page=891
2026-07-26 02:59:21 [pakwheels_full] INFO: Found 25 listings on https://www.pakwheels.com/used-cars/search/-/?sortby=model_year-desc&page=892
2026-07-26 02:59:30 [pakwheels_full] INFO: Found 25 listings on https://www.pakwheels.com/used-cars/search/-/?sortby=model_year-desc&page=893
2026-07-26 02:59:37 [pakwheels_full] INFO: Found 25 listings on https://www.pakwheels.com/used-cars/search/-/?sortby=model_year-desc&page=894
2026-07-26 02:59:44 [pakwheels_full] INFO: Found 25 listings on https://www.pakwheels.com/used-cars/search/-/?sortby=model_year-desc&page=895
2026-07-26 02:59:48 [scrapy.extensions.logstats] INFO: Crawled 16252 pages (at 151 pages/min), scraped 15356 items (at 143 items/min)
2026-07-26 02:59:50 [pakwheels_full] INFO: Found 25 listings on https://www.pakwheels.com/used-cars/search/-/?sortby=model_year-desc&page=896
2026-07-26 02:59:58 [pakwheels_full] INFO: Found 25 listings on https://www.pakwheels.com/used-cars/search/-/?sortby=model_year-desc&page=897
2026-07-26 03:00:05 [pakwheels_full] INFO: Found 25 listings on https://www.pakwheels.com/used-cars/search/-/?sortby=model_year-desc&page=898
2026-07-26 03:00:12 [pakwheels_full] INFO: Found 25 listings on https://www.pakwheels.com/used-cars/search/-/?sortby=model_year-desc&page=899
2026-07-26 03:00:19 [pakwheels_full] INFO: Found 25 listings on https://www.pakwheels.com/used-cars/search/-/?sortby=model_year-desc&page=900
2026-07-26 03:00:26 [pakwheels_full] INFO: Found 25 listings on https://www.pakwheels.com/used-cars/search/-/?sortby=model_year-desc&page=901
2026-07-26 03:00:33 [pakwheels_full] INFO: Found 25 listings on https://www.pakwheels.com/used-cars/search/-/?sortby=model_year-desc&page=902
2026-07-26 03:00:40 [pakwheels_full] INFO: Found 25 listings on https://www.pakwheels.com/used-cars/search/-/?sortby=model_year-desc&page=903
2026-07-26 03:00:48 [pakwheels_full] INFO: Found 25 listings on https://www.pakwheels.com/used-cars/search/-/?sortby=model_year-desc&page=904
2026-07-26 03:00:48 [scrapy.extensions.logstats] INFO: Crawled 16408 pages (at 156 pages/min), scraped 15503 items (at 147 items/min)
2026-07-26 03:00:54 [pakwheels_full] INFO: Found 25 listings on https://www.pakwheels.com/used-cars/search/-/?sortby=model_year-desc&page=905
2026-07-26 03:01:01 [pakwheels_full] INFO: Found 25 listings on https://www.pakwheels.com/used-cars/search/-/?sortby=model_year-desc&page=906
2026-07-26 03:01:07 [pakwheels_full] INFO: Found 25 listings on https://www.pakwheels.com/used-cars/search/-/?sortby=model_year-desc&page=907
2026-07-26 03:01:15 [pakwheels_full] INFO: Found 25 listings on https://www.pakwheels.com/used-cars/search/-/?sortby=model_year-desc&page=908
2026-07-26 03:01:23 [pakwheels_full] INFO: Found 25 listings on https://www.pakwheels.com/used-cars/search/-/?sortby=model_year-desc&page=909
2026-07-26 03:01:30 [pakwheels_full] INFO: Found 25 listings on https://www.pakwheels.com/used-cars/search/-/?sortby=model_year-desc&page=910
2026-07-26 03:01:38 [pakwheels_full] INFO: Found 25 listings on https://www.pakwheels.com/used-cars/search/-/?sortby=model_year-desc&page=911
2026-07-26 03:01:46 [pakwheels_full] INFO: Found 25 listings on https://www.pakwheels.com/used-cars/search/-/?sortby=model_year-desc&page=912
2026-07-26 03:01:48 [scrapy.extensions.logstats] INFO: Crawled 16565 pages (at 157 pages/min), scraped 15652 items (at 149 items/min)
2026-07-26 03:01:53 [pakwheels_full] INFO: Found 25 listings on https://www.pakwheels.com/used-cars/search/-/?sortby=model_year-desc&page=913
2026-07-26 03:02:01 [pakwheels_full] INFO: Found 25 listings on https://www.pakwheels.com/used-cars/search/-/?sortby=model_year-desc&page=914
2026-07-26 03:02:07 [pakwheels_full] INFO: Found 25 listings on https://www.pakwheels.com/used-cars/search/-/?sortby=model_year-desc&page=915
2026-07-26 03:02:16 [pakwheels_full] INFO: Found 25 listings on https://www.pakwheels.com/used-cars/search/-/?sortby=model_year-desc&page=916
2026-07-26 03:02:22 [pakwheels_full] INFO: Found 25 listings on https://www.pakwheels.com/used-cars/search/-/?sortby=model_year-desc&page=917
2026-07-26 03:02:28 [pakwheels_full] INFO: Found 25 listings on https://www.pakwheels.com/used-cars/search/-/?sortby=model_year-desc&page=918
2026-07-26 03:02:35 [pakwheels_full] INFO: Found 25 listings on https://www.pakwheels.com/used-cars/search/-/?sortby=model_year-desc&page=919
2026-07-26 03:02:43 [pakwheels_full] INFO: Found 25 listings on https://www.pakwheels.com/used-cars/search/-/?sortby=model_year-desc&page=920
2026-07-26 03:02:48 [scrapy.extensions.logstats] INFO: Crawled 16712 pages (at 147 pages/min), scraped 15792 items (at 140 items/min)
2026-07-26 03:02:51 [pakwheels_full] INFO: Found 25 listings on https://www.pakwheels.com/used-cars/search/-/?sortby=model_year-desc&page=921
2026-07-26 03:03:00 [pakwheels_full] INFO: Found 25 listings on https://www.pakwheels.com/used-cars/search/-/?sortby=model_year-desc&page=922
2026-07-26 03:03:06 [pakwheels_full] INFO: Found 25 listings on https://www.pakwheels.com/used-cars/search/-/?sortby=model_year-desc&page=923
2026-07-26 03:03:13 [pakwheels_full] INFO: Found 25 listings on https://www.pakwheels.com/used-cars/search/-/?sortby=model_year-desc&page=924
2026-07-26 03:03:19 [pakwheels_full] INFO: Found 25 listings on https://www.pakwheels.com/used-cars/search/-/?sortby=model_year-desc&page=925
2026-07-26 03:03:26 [pakwheels_full] INFO: Found 25 listings on https://www.pakwheels.com/used-cars/search/-/?sortby=model_year-desc&page=926
2026-07-26 03:03:33 [pakwheels_full] INFO: Found 25 listings on https://www.pakwheels.com/used-cars/search/-/?sortby=model_year-desc&page=927
2026-07-26 03:03:41 [pakwheels_full] INFO: Found 25 listings on https://www.pakwheels.com/used-cars/search/-/?sortby=model_year-desc&page=928
2026-07-26 03:03:48 [scrapy.extensions.logstats] INFO: Crawled 16864 pages (at 152 pages/min), scraped 15936 items (at 144 items/min)
2026-07-26 03:03:49 [pakwheels_full] INFO: Found 25 listings on https://www.pakwheels.com/used-cars/search/-/?sortby=model_year-desc&page=929
2026-07-26 03:03:57 [pakwheels_full] INFO: Found 25 listings on https://www.pakwheels.com/used-cars/search/-/?sortby=model_year-desc&page=930
2026-07-26 03:04:05 [pakwheels_full] INFO: Found 25 listings on https://www.pakwheels.com/used-cars/search/-/?sortby=model_year-desc&page=931
2026-07-26 03:04:12 [pakwheels_full] INFO: Found 25 listings on https://www.pakwheels.com/used-cars/search/-/?sortby=model_year-desc&page=932
2026-07-26 03:04:19 [pakwheels_full] INFO: Found 25 listings on https://www.pakwheels.com/used-cars/search/-/?sortby=model_year-desc&page=933
2026-07-26 03:04:25 [pakwheels_full] INFO: Found 25 listings on https://www.pakwheels.com/used-cars/search/-/?sortby=model_year-desc&page=934
2026-07-26 03:04:31 [pakwheels_full] INFO: Found 25 listings on https://www.pakwheels.com/used-cars/search/-/?sortby=model_year-desc&page=935
2026-07-26 03:04:38 [pakwheels_full] INFO: Found 25 listings on https://www.pakwheels.com/used-cars/search/-/?sortby=model_year-desc&page=936
2026-07-26 03:04:45 [pakwheels_full] INFO: Found 25 listings on https://www.pakwheels.com/used-cars/search/-/?sortby=model_year-desc&page=937
2026-07-26 03:04:48 [scrapy.extensions.logstats] INFO: Crawled 17017 pages (at 153 pages/min), scraped 16080 items (at 144 items/min)
2026-07-26 03:04:51 [pakwheels_full] INFO: Found 25 listings on https://www.pakwheels.com/used-cars/search/-/?sortby=model_year-desc&page=938
2026-07-26 03:04:59 [pakwheels_full] INFO: Found 25 listings on https://www.pakwheels.com/used-cars/search/-/?sortby=model_year-desc&page=939
2026-07-26 03:05:05 [pakwheels_full] INFO: Found 25 listings on https://www.pakwheels.com/used-cars/search/-/?sortby=model_year-desc&page=940
2026-07-26 03:05:13 [pakwheels_full] INFO: Found 25 listings on https://www.pakwheels.com/used-cars/search/-/?sortby=model_year-desc&page=941
2026-07-26 03:05:20 [pakwheels_full] INFO: Found 25 listings on https://www.pakwheels.com/used-cars/search/-/?sortby=model_year-desc&page=942
2026-07-26 03:05:28 [pakwheels_full] INFO: Found 25 listings on https://www.pakwheels.com/used-cars/search/-/?sortby=model_year-desc&page=943
2026-07-26 03:05:35 [pakwheels_full] INFO: Found 25 listings on https://www.pakwheels.com/used-cars/search/-/?sortby=model_year-desc&page=944
2026-07-26 03:05:43 [pakwheels_full] INFO: Found 25 listings on https://www.pakwheels.com/used-cars/search/-/?sortby=model_year-desc&page=945
2026-07-26 03:05:48 [scrapy.extensions.logstats] INFO: Crawled 17167 pages (at 150 pages/min), scraped 16222 items (at 142 items/min)
2026-07-26 03:05:50 [pakwheels_full] INFO: Found 25 listings on https://www.pakwheels.com/used-cars/search/-/?sortby=model_year-desc&page=946
2026-07-26 03:05:57 [pakwheels_full] INFO: Found 25 listings on https://www.pakwheels.com/used-cars/search/-/?sortby=model_year-desc&page=947
2026-07-26 03:06:05 [pakwheels_full] INFO: Found 25 listings on https://www.pakwheels.com/used-cars/search/-/?sortby=model_year-desc&page=948
2026-07-26 03:06:12 [pakwheels_full] INFO: Found 25 listings on https://www.pakwheels.com/used-cars/search/-/?sortby=model_year-desc&page=949
2026-07-26 03:06:20 [pakwheels_full] INFO: Found 25 listings on https://www.pakwheels.com/used-cars/search/-/?sortby=model_year-desc&page=950
2026-07-26 03:06:27 [pakwheels_full] INFO: Found 25 listings on https://www.pakwheels.com/used-cars/search/-/?sortby=model_year-desc&page=951
2026-07-26 03:06:35 [pakwheels_full] INFO: Found 25 listings on https://www.pakwheels.com/used-cars/search/-/?sortby=model_year-desc&page=952
2026-07-26 03:06:44 [pakwheels_full] INFO: Found 25 listings on https://www.pakwheels.com/used-cars/search/-/?sortby=model_year-desc&page=953
2026-07-26 03:06:48 [scrapy.extensions.logstats] INFO: Crawled 17314 pages (at 147 pages/min), scraped 16361 items (at 139 items/min)
2026-07-26 03:06:51 [pakwheels_full] INFO: Found 25 listings on https://www.pakwheels.com/used-cars/search/-/?sortby=model_year-desc&page=954
2026-07-26 03:06:58 [pakwheels_full] INFO: Found 25 listings on https://www.pakwheels.com/used-cars/search/-/?sortby=model_year-desc&page=955
2026-07-26 03:07:05 [pakwheels_full] INFO: Found 25 listings on https://www.pakwheels.com/used-cars/search/-/?sortby=model_year-desc&page=956
2026-07-26 03:07:13 [pakwheels_full] INFO: Found 25 listings on https://www.pakwheels.com/used-cars/search/-/?sortby=model_year-desc&page=957
2026-07-26 03:07:20 [pakwheels_full] INFO: Found 25 listings on https://www.pakwheels.com/used-cars/search/-/?sortby=model_year-desc&page=958
2026-07-26 03:07:29 [pakwheels_full] INFO: Found 25 listings on https://www.pakwheels.com/used-cars/search/-/?sortby=model_year-desc&page=959
2026-07-26 03:07:36 [pakwheels_full] INFO: Found 25 listings on https://www.pakwheels.com/used-cars/search/-/?sortby=model_year-desc&page=960
2026-07-26 03:07:43 [pakwheels_full] INFO: Found 25 listings on https://www.pakwheels.com/used-cars/search/-/?sortby=model_year-desc&page=961
2026-07-26 03:07:48 [scrapy.extensions.logstats] INFO: Crawled 17468 pages (at 154 pages/min), scraped 16507 items (at 146 items/min)
2026-07-26 03:07:49 [pakwheels_full] INFO: Found 25 listings on https://www.pakwheels.com/used-cars/search/-/?sortby=model_year-desc&page=962
2026-07-26 03:07:57 [pakwheels_full] INFO: Found 25 listings on https://www.pakwheels.com/used-cars/search/-/?sortby=model_year-desc&page=963
2026-07-26 03:08:04 [pakwheels_full] INFO: Found 25 listings on https://www.pakwheels.com/used-cars/search/-/?sortby=model_year-desc&page=964
2026-07-26 03:08:10 [pakwheels_full] INFO: Found 25 listings on https://www.pakwheels.com/used-cars/search/-/?sortby=model_year-desc&page=965
2026-07-26 03:08:17 [pakwheels_full] INFO: Found 25 listings on https://www.pakwheels.com/used-cars/search/-/?sortby=model_year-desc&page=966
2026-07-26 03:08:24 [pakwheels_full] INFO: Found 25 listings on https://www.pakwheels.com/used-cars/search/-/?sortby=model_year-desc&page=967
2026-07-26 03:08:31 [pakwheels_full] INFO: Found 25 listings on https://www.pakwheels.com/used-cars/search/-/?sortby=model_year-desc&page=968
2026-07-26 03:08:38 [pakwheels_full] INFO: Found 25 listings on https://www.pakwheels.com/used-cars/search/-/?sortby=model_year-desc&page=969
2026-07-26 03:08:45 [pakwheels_full] INFO: Found 25 listings on https://www.pakwheels.com/used-cars/search/-/?sortby=model_year-desc&page=970
2026-07-26 03:08:48 [scrapy.extensions.logstats] INFO: Crawled 17622 pages (at 154 pages/min), scraped 16652 items (at 145 items/min)
2026-07-26 03:08:52 [pakwheels_full] INFO: Found 25 listings on https://www.pakwheels.com/used-cars/search/-/?sortby=model_year-desc&page=971
2026-07-26 03:09:00 [pakwheels_full] INFO: Found 25 listings on https://www.pakwheels.com/used-cars/search/-/?sortby=model_year-desc&page=972
2026-07-26 03:09:07 [pakwheels_full] INFO: Found 25 listings on https://www.pakwheels.com/used-cars/search/-/?sortby=model_year-desc&page=973
2026-07-26 03:09:16 [pakwheels_full] INFO: Found 25 listings on https://www.pakwheels.com/used-cars/search/-/?sortby=model_year-desc&page=974
2026-07-26 03:09:24 [pakwheels_full] INFO: Found 25 listings on https://www.pakwheels.com/used-cars/search/-/?sortby=model_year-desc&page=975
2026-07-26 03:09:33 [pakwheels_full] INFO: Found 25 listings on https://www.pakwheels.com/used-cars/search/-/?sortby=model_year-desc&page=976
2026-07-26 03:09:43 [pakwheels_full] INFO: Found 25 listings on https://www.pakwheels.com/used-cars/search/-/?sortby=model_year-desc&page=977
2026-07-26 03:09:48 [scrapy.extensions.logstats] INFO: Crawled 17757 pages (at 135 pages/min), scraped 16780 items (at 128 items/min)
2026-07-26 03:09:51 [pakwheels_full] INFO: Found 25 listings on https://www.pakwheels.com/used-cars/search/-/?sortby=model_year-desc&page=978
2026-07-26 03:09:58 [pakwheels_full] INFO: Found 25 listings on https://www.pakwheels.com/used-cars/search/-/?sortby=model_year-desc&page=979
2026-07-26 03:10:05 [pakwheels_full] INFO: Found 25 listings on https://www.pakwheels.com/used-cars/search/-/?sortby=model_year-desc&page=980
2026-07-26 03:10:12 [pakwheels_full] INFO: Found 25 listings on https://www.pakwheels.com/used-cars/search/-/?sortby=model_year-desc&page=981
2026-07-26 03:10:20 [pakwheels_full] INFO: Found 25 listings on https://www.pakwheels.com/used-cars/search/-/?sortby=model_year-desc&page=982
2026-07-26 03:10:28 [pakwheels_full] INFO: Found 25 listings on https://www.pakwheels.com/used-cars/search/-/?sortby=model_year-desc&page=983
2026-07-26 03:10:35 [pakwheels_full] INFO: Found 25 listings on https://www.pakwheels.com/used-cars/search/-/?sortby=model_year-desc&page=984
2026-07-26 03:10:43 [pakwheels_full] INFO: Found 25 listings on https://www.pakwheels.com/used-cars/search/-/?sortby=model_year-desc&page=985
2026-07-26 03:10:48 [scrapy.extensions.logstats] INFO: Crawled 17906 pages (at 149 pages/min), scraped 16921 items (at 141 items/min)
2026-07-26 03:10:51 [pakwheels_full] INFO: Found 25 listings on https://www.pakwheels.com/used-cars/search/-/?sortby=model_year-desc&page=986
2026-07-26 03:10:59 [pakwheels_full] INFO: Found 25 listings on https://www.pakwheels.com/used-cars/search/-/?sortby=model_year-desc&page=987
2026-07-26 03:11:07 [pakwheels_full] INFO: Found 25 listings on https://www.pakwheels.com/used-cars/search/-/?sortby=model_year-desc&page=988
2026-07-26 03:11:15 [pakwheels_full] INFO: Found 25 listings on https://www.pakwheels.com/used-cars/search/-/?sortby=model_year-desc&page=989
2026-07-26 03:11:22 [pakwheels_full] INFO: Found 25 listings on https://www.pakwheels.com/used-cars/search/-/?sortby=model_year-desc&page=990
2026-07-26 03:11:30 [pakwheels_full] INFO: Found 25 listings on https://www.pakwheels.com/used-cars/search/-/?sortby=model_year-desc&page=991
2026-07-26 03:11:37 [pakwheels_full] INFO: Found 25 listings on https://www.pakwheels.com/used-cars/search/-/?sortby=model_year-desc&page=992
2026-07-26 03:11:43 [pakwheels_full] INFO: Found 25 listings on https://www.pakwheels.com/used-cars/search/-/?sortby=model_year-desc&page=993
2026-07-26 03:11:48 [scrapy.extensions.logstats] INFO: Crawled 18057 pages (at 151 pages/min), scraped 17064 items (at 143 items/min)
2026-07-26 03:11:50 [pakwheels_full] INFO: Found 25 listings on https://www.pakwheels.com/used-cars/search/-/?sortby=model_year-desc&page=994
2026-07-26 03:11:58 [pakwheels_full] INFO: Found 25 listings on https://www.pakwheels.com/used-cars/search/-/?sortby=model_year-desc&page=995
2026-07-26 03:12:05 [pakwheels_full] INFO: Found 25 listings on https://www.pakwheels.com/used-cars/search/-/?sortby=model_year-desc&page=996
2026-07-26 03:12:13 [pakwheels_full] INFO: Found 25 listings on https://www.pakwheels.com/used-cars/search/-/?sortby=model_year-desc&page=997
2026-07-26 03:12:22 [pakwheels_full] INFO: Found 25 listings on https://www.pakwheels.com/used-cars/search/-/?sortby=model_year-desc&page=998
2026-07-26 03:12:31 [pakwheels_full] INFO: Found 25 listings on https://www.pakwheels.com/used-cars/search/-/?sortby=model_year-desc&page=999
2026-07-26 03:12:39 [pakwheels_full] INFO: Found 25 listings on https://www.pakwheels.com/used-cars/search/-/?sortby=model_year-desc&page=1000
2026-07-26 03:12:47 [pakwheels_full] INFO: Found 25 listings on https://www.pakwheels.com/used-cars/search/-/?sortby=model_year-desc&page=1001
2026-07-26 03:12:48 [scrapy.extensions.logstats] INFO: Crawled 18200 pages (at 143 pages/min), scraped 17199 items (at 135 items/min)
2026-07-26 03:12:55 [pakwheels_full] INFO: Found 25 listings on https://www.pakwheels.com/used-cars/search/-/?sortby=model_year-desc&page=1002
2026-07-26 03:13:03 [pakwheels_full] INFO: Found 25 listings on https://www.pakwheels.com/used-cars/search/-/?sortby=model_year-desc&page=1003
2026-07-26 03:13:10 [pakwheels_full] INFO: Found 25 listings on https://www.pakwheels.com/used-cars/search/-/?sortby=model_year-desc&page=1004
2026-07-26 03:13:17 [pakwheels_full] INFO: Found 25 listings on https://www.pakwheels.com/used-cars/search/-/?sortby=model_year-desc&page=1005
2026-07-26 03:13:25 [pakwheels_full] INFO: Found 25 listings on https://www.pakwheels.com/used-cars/search/-/?sortby=model_year-desc&page=1006
2026-07-26 03:13:32 [pakwheels_full] INFO: Found 25 listings on https://www.pakwheels.com/used-cars/search/-/?sortby=model_year-desc&page=1007
2026-07-26 03:13:40 [pakwheels_full] INFO: Found 25 listings on https://www.pakwheels.com/used-cars/search/-/?sortby=model_year-desc&page=1008
2026-07-26 03:13:48 [pakwheels_full] INFO: Found 25 listings on https://www.pakwheels.com/used-cars/search/-/?sortby=model_year-desc&page=1009
2026-07-26 03:13:48 [scrapy.extensions.logstats] INFO: Crawled 18349 pages (at 149 pages/min), scraped 17339 items (at 140 items/min)
2026-07-26 03:13:55 [pakwheels_full] INFO: Found 25 listings on https://www.pakwheels.com/used-cars/search/-/?sortby=model_year-desc&page=1010
2026-07-26 03:14:04 [pakwheels_full] INFO: Found 25 listings on https://www.pakwheels.com/used-cars/search/-/?sortby=model_year-desc&page=1011
2026-07-26 03:14:11 [pakwheels_full] INFO: Found 25 listings on https://www.pakwheels.com/used-cars/search/-/?sortby=model_year-desc&page=1012
2026-07-26 03:14:19 [pakwheels_full] INFO: Found 25 listings on https://www.pakwheels.com/used-cars/search/-/?sortby=model_year-desc&page=1013
2026-07-26 03:14:25 [pakwheels_full] INFO: Found 25 listings on https://www.pakwheels.com/used-cars/search/-/?sortby=model_year-desc&page=1014
2026-07-26 03:14:32 [pakwheels_full] INFO: Found 25 listings on https://www.pakwheels.com/used-cars/search/-/?sortby=model_year-desc&page=1015
2026-07-26 03:14:38 [pakwheels_full] INFO: Found 25 listings on https://www.pakwheels.com/used-cars/search/-/?sortby=model_year-desc&page=1016
2026-07-26 03:14:45 [pakwheels_full] INFO: Found 25 listings on https://www.pakwheels.com/used-cars/search/-/?sortby=model_year-desc&page=1017
2026-07-26 03:14:48 [scrapy.extensions.logstats] INFO: Crawled 18508 pages (at 159 pages/min), scraped 17490 items (at 151 items/min)
2026-07-26 03:14:53 [pakwheels_full] INFO: Found 25 listings on https://www.pakwheels.com/used-cars/search/-/?sortby=model_year-desc&page=1018
2026-07-26 03:15:00 [pakwheels_full] INFO: Found 25 listings on https://www.pakwheels.com/used-cars/search/-/?sortby=model_year-desc&page=1019
2026-07-26 03:15:07 [pakwheels_full] INFO: Found 25 listings on https://www.pakwheels.com/used-cars/search/-/?sortby=model_year-desc&page=1020
2026-07-26 03:15:15 [pakwheels_full] INFO: Found 25 listings on https://www.pakwheels.com/used-cars/search/-/?sortby=model_year-desc&page=1021
2026-07-26 03:15:23 [pakwheels_full] INFO: Found 25 listings on https://www.pakwheels.com/used-cars/search/-/?sortby=model_year-desc&page=1022
2026-07-26 03:15:31 [pakwheels_full] INFO: Found 25 listings on https://www.pakwheels.com/used-cars/search/-/?sortby=model_year-desc&page=1023
2026-07-26 03:15:39 [pakwheels_full] INFO: Found 25 listings on https://www.pakwheels.com/used-cars/search/-/?sortby=model_year-desc&page=1024
2026-07-26 03:15:44 [pakwheels_full] INFO: Found 25 listings on https://www.pakwheels.com/used-cars/search/-/?sortby=model_year-desc&page=1025
2026-07-26 03:15:48 [scrapy.extensions.logstats] INFO: Crawled 18660 pages (at 152 pages/min), scraped 17634 items (at 144 items/min)
2026-07-26 03:15:51 [pakwheels_full] INFO: Found 25 listings on https://www.pakwheels.com/used-cars/search/-/?sortby=model_year-desc&page=1026
2026-07-26 03:15:58 [pakwheels_full] INFO: Found 25 listings on https://www.pakwheels.com/used-cars/search/-/?sortby=model_year-desc&page=1027
2026-07-26 03:16:05 [pakwheels_full] INFO: Found 25 listings on https://www.pakwheels.com/used-cars/search/-/?sortby=model_year-desc&page=1028
2026-07-26 03:16:13 [pakwheels_full] INFO: Found 25 listings on https://www.pakwheels.com/used-cars/search/-/?sortby=model_year-desc&page=1029
2026-07-26 03:16:20 [pakwheels_full] INFO: Found 25 listings on https://www.pakwheels.com/used-cars/search/-/?sortby=model_year-desc&page=1030
2026-07-26 03:16:27 [pakwheels_full] INFO: Found 25 listings on https://www.pakwheels.com/used-cars/search/-/?sortby=model_year-desc&page=1031
2026-07-26 03:16:35 [pakwheels_full] INFO: Found 25 listings on https://www.pakwheels.com/used-cars/search/-/?sortby=model_year-desc&page=1032
2026-07-26 03:16:41 [pakwheels_full] INFO: Found 25 listings on https://www.pakwheels.com/used-cars/search/-/?sortby=model_year-desc&page=1033
2026-07-26 03:16:48 [scrapy.extensions.logstats] INFO: Crawled 18811 pages (at 151 pages/min), scraped 17777 items (at 143 items/min)
2026-07-26 03:16:49 [pakwheels_full] INFO: Found 25 listings on https://www.pakwheels.com/used-cars/search/-/?sortby=model_year-desc&page=1034
2026-07-26 03:16:57 [pakwheels_full] INFO: Found 25 listings on https://www.pakwheels.com/used-cars/search/-/?sortby=model_year-desc&page=1035
2026-07-26 03:17:04 [pakwheels_full] INFO: Found 25 listings on https://www.pakwheels.com/used-cars/search/-/?sortby=model_year-desc&page=1036
2026-07-26 03:17:11 [pakwheels_full] INFO: Found 25 listings on https://www.pakwheels.com/used-cars/search/-/?sortby=model_year-desc&page=1037
2026-07-26 03:17:19 [pakwheels_full] INFO: Found 25 listings on https://www.pakwheels.com/used-cars/search/-/?sortby=model_year-desc&page=1038
2026-07-26 03:17:26 [pakwheels_full] INFO: Found 25 listings on https://www.pakwheels.com/used-cars/search/-/?sortby=model_year-desc&page=1039
2026-07-26 03:17:34 [pakwheels_full] INFO: Found 25 listings on https://www.pakwheels.com/used-cars/search/-/?sortby=model_year-desc&page=1040
2026-07-26 03:17:40 [pakwheels_full] INFO: Found 25 listings on https://www.pakwheels.com/used-cars/search/-/?sortby=model_year-desc&page=1041
2026-07-26 03:17:47 [pakwheels_full] INFO: Found 25 listings on https://www.pakwheels.com/used-cars/search/-/?sortby=model_year-desc&page=1042
2026-07-26 03:17:48 [scrapy.extensions.logstats] INFO: Crawled 18967 pages (at 156 pages/min), scraped 17924 items (at 147 items/min)
2026-07-26 03:17:57 [pakwheels_full] INFO: Found 25 listings on https://www.pakwheels.com/used-cars/search/-/?sortby=model_year-desc&page=1043
2026-07-26 03:18:03 [pakwheels_full] INFO: Found 25 listings on https://www.pakwheels.com/used-cars/search/-/?sortby=model_year-desc&page=1044
2026-07-26 03:18:09 [pakwheels_full] INFO: Found 25 listings on https://www.pakwheels.com/used-cars/search/-/?sortby=model_year-desc&page=1045
2026-07-26 03:18:15 [pakwheels_full] INFO: Found 25 listings on https://www.pakwheels.com/used-cars/search/-/?sortby=model_year-desc&page=1046
2026-07-26 03:18:22 [pakwheels_full] INFO: Found 25 listings on https://www.pakwheels.com/used-cars/search/-/?sortby=model_year-desc&page=1047
2026-07-26 03:18:28 [pakwheels_full] INFO: Found 25 listings on https://www.pakwheels.com/used-cars/search/-/?sortby=model_year-desc&page=1048
2026-07-26 03:18:34 [pakwheels_full] INFO: Found 25 listings on https://www.pakwheels.com/used-cars/search/-/?sortby=model_year-desc&page=1049
2026-07-26 03:18:41 [pakwheels_full] INFO: Found 25 listings on https://www.pakwheels.com/used-cars/search/-/?sortby=model_year-desc&page=1050
2026-07-26 03:18:48 [pakwheels_full] INFO: Found 25 listings on https://www.pakwheels.com/used-cars/search/-/?sortby=model_year-desc&page=1051
2026-07-26 03:18:48 [scrapy.extensions.logstats] INFO: Crawled 19125 pages (at 158 pages/min), scraped 18074 items (at 150 items/min)
2026-07-26 03:18:55 [pakwheels_full] INFO: Found 25 listings on https://www.pakwheels.com/used-cars/search/-/?sortby=model_year-desc&page=1052
2026-07-26 03:19:03 [pakwheels_full] INFO: Found 25 listings on https://www.pakwheels.com/used-cars/search/-/?sortby=model_year-desc&page=1053
2026-07-26 03:19:10 [pakwheels_full] INFO: Found 25 listings on https://www.pakwheels.com/used-cars/search/-/?sortby=model_year-desc&page=1054
2026-07-26 03:19:18 [pakwheels_full] INFO: Found 25 listings on https://www.pakwheels.com/used-cars/search/-/?sortby=model_year-desc&page=1055
2026-07-26 03:19:25 [pakwheels_full] INFO: Found 25 listings on https://www.pakwheels.com/used-cars/search/-/?sortby=model_year-desc&page=1056
2026-07-26 03:19:32 [pakwheels_full] INFO: Found 25 listings on https://www.pakwheels.com/used-cars/search/-/?sortby=model_year-desc&page=1057
2026-07-26 03:19:40 [pakwheels_full] INFO: Found 25 listings on https://www.pakwheels.com/used-cars/search/-/?sortby=model_year-desc&page=1058
2026-07-26 03:19:46 [pakwheels_full] INFO: Found 25 listings on https://www.pakwheels.com/used-cars/search/-/?sortby=model_year-desc&page=1059
2026-07-26 03:19:48 [scrapy.extensions.logstats] INFO: Crawled 19276 pages (at 151 pages/min), scraped 18217 items (at 143 items/min)
2026-07-26 03:19:53 [pakwheels_full] INFO: Found 25 listings on https://www.pakwheels.com/used-cars/search/-/?sortby=model_year-desc&page=1060
2026-07-26 03:20:00 [pakwheels_full] INFO: Found 25 listings on https://www.pakwheels.com/used-cars/search/-/?sortby=model_year-desc&page=1061
2026-07-26 03:20:08 [pakwheels_full] INFO: Found 25 listings on https://www.pakwheels.com/used-cars/search/-/?sortby=model_year-desc&page=1062
2026-07-26 03:20:14 [pakwheels_full] INFO: Found 25 listings on https://www.pakwheels.com/used-cars/search/-/?sortby=model_year-desc&page=1063
2026-07-26 03:20:20 [pakwheels_full] INFO: Found 25 listings on https://www.pakwheels.com/used-cars/search/-/?sortby=model_year-desc&page=1064
2026-07-26 03:20:26 [pakwheels_full] INFO: Found 25 listings on https://www.pakwheels.com/used-cars/search/-/?sortby=model_year-desc&page=1065
2026-07-26 03:20:34 [pakwheels_full] INFO: Found 25 listings on https://www.pakwheels.com/used-cars/search/-/?sortby=model_year-desc&page=1066
2026-07-26 03:20:42 [pakwheels_full] INFO: Found 25 listings on https://www.pakwheels.com/used-cars/search/-/?sortby=model_year-desc&page=1067
2026-07-26 03:20:48 [scrapy.extensions.logstats] INFO: Crawled 19429 pages (at 153 pages/min), scraped 18361 items (at 144 items/min)
2026-07-26 03:20:50 [pakwheels_full] INFO: Found 25 listings on https://www.pakwheels.com/used-cars/search/-/?sortby=model_year-desc&page=1068
2026-07-26 03:20:59 [pakwheels_full] INFO: Found 25 listings on https://www.pakwheels.com/used-cars/search/-/?sortby=model_year-desc&page=1069
2026-07-26 03:21:07 [pakwheels_full] INFO: Found 25 listings on https://www.pakwheels.com/used-cars/search/-/?sortby=model_year-desc&page=1070
2026-07-26 03:21:14 [pakwheels_full] INFO: Found 25 listings on https://www.pakwheels.com/used-cars/search/-/?sortby=model_year-desc&page=1071
2026-07-26 03:21:21 [pakwheels_full] INFO: Found 25 listings on https://www.pakwheels.com/used-cars/search/-/?sortby=model_year-desc&page=1072
2026-07-26 03:21:28 [pakwheels_full] INFO: Found 25 listings on https://www.pakwheels.com/used-cars/search/-/?sortby=model_year-desc&page=1073
2026-07-26 03:21:35 [pakwheels_full] INFO: Found 25 listings on https://www.pakwheels.com/used-cars/search/-/?sortby=model_year-desc&page=1074
2026-07-26 03:21:42 [pakwheels_full] INFO: Found 25 listings on https://www.pakwheels.com/used-cars/search/-/?sortby=model_year-desc&page=1075
2026-07-26 03:21:48 [scrapy.extensions.logstats] INFO: Crawled 19580 pages (at 151 pages/min), scraped 18505 items (at 144 items/min)
2026-07-26 03:21:50 [pakwheels_full] INFO: Found 25 listings on https://www.pakwheels.com/used-cars/search/-/?sortby=model_year-desc&page=1076
2026-07-26 03:21:56 [pakwheels_full] INFO: Found 25 listings on https://www.pakwheels.com/used-cars/search/-/?sortby=model_year-desc&page=1077
2026-07-26 03:22:04 [pakwheels_full] INFO: Found 25 listings on https://www.pakwheels.com/used-cars/search/-/?sortby=model_year-desc&page=1078
2026-07-26 03:22:10 [pakwheels_full] INFO: Found 25 listings on https://www.pakwheels.com/used-cars/search/-/?sortby=model_year-desc&page=1079
2026-07-26 03:22:17 [pakwheels_full] INFO: Found 25 listings on https://www.pakwheels.com/used-cars/search/-/?sortby=model_year-desc&page=1080
2026-07-26 03:22:23 [pakwheels_full] INFO: Found 25 listings on https://www.pakwheels.com/used-cars/search/-/?sortby=model_year-desc&page=1081
2026-07-26 03:22:31 [pakwheels_full] INFO: Found 25 listings on https://www.pakwheels.com/used-cars/search/-/?sortby=model_year-desc&page=1082
2026-07-26 03:22:39 [pakwheels_full] INFO: Found 25 listings on https://www.pakwheels.com/used-cars/search/-/?sortby=model_year-desc&page=1083
2026-07-26 03:22:45 [pakwheels_full] INFO: Found 25 listings on https://www.pakwheels.com/used-cars/search/-/?sortby=model_year-desc&page=1084
2026-07-26 03:22:48 [scrapy.extensions.logstats] INFO: Crawled 19737 pages (at 157 pages/min), scraped 18652 items (at 147 items/min)
2026-07-26 03:22:53 [pakwheels_full] INFO: Found 25 listings on https://www.pakwheels.com/used-cars/search/-/?sortby=model_year-desc&page=1085
2026-07-26 03:22:59 [pakwheels_full] INFO: Found 25 listings on https://www.pakwheels.com/used-cars/search/-/?sortby=model_year-desc&page=1086
2026-07-26 03:23:06 [pakwheels_full] INFO: Found 25 listings on https://www.pakwheels.com/used-cars/search/-/?sortby=model_year-desc&page=1087
2026-07-26 03:23:12 [pakwheels_full] INFO: Found 25 listings on https://www.pakwheels.com/used-cars/search/-/?sortby=model_year-desc&page=1088
2026-07-26 03:23:18 [pakwheels_full] INFO: Found 25 listings on https://www.pakwheels.com/used-cars/search/-/?sortby=model_year-desc&page=1089
2026-07-26 03:23:24 [pakwheels_full] INFO: Found 25 listings on https://www.pakwheels.com/used-cars/search/-/?sortby=model_year-desc&page=1090
2026-07-26 03:23:30 [pakwheels_full] INFO: Found 25 listings on https://www.pakwheels.com/used-cars/search/-/?sortby=model_year-desc&page=1091
2026-07-26 03:23:37 [pakwheels_full] INFO: Found 25 listings on https://www.pakwheels.com/used-cars/search/-/?sortby=model_year-desc&page=1092
2026-07-26 03:23:45 [pakwheels_full] INFO: Found 25 listings on https://www.pakwheels.com/used-cars/search/-/?sortby=model_year-desc&page=1093
2026-07-26 03:23:48 [scrapy.extensions.logstats] INFO: Crawled 19892 pages (at 155 pages/min), scraped 18799 items (at 147 items/min)
2026-07-26 03:23:54 [pakwheels_full] INFO: Found 25 listings on https://www.pakwheels.com/used-cars/search/-/?sortby=model_year-desc&page=1094
2026-07-26 03:24:02 [pakwheels_full] INFO: Found 25 listings on https://www.pakwheels.com/used-cars/search/-/?sortby=model_year-desc&page=1095
2026-07-26 03:24:08 [pakwheels_full] INFO: Found 25 listings on https://www.pakwheels.com/used-cars/search/-/?sortby=model_year-desc&page=1096
2026-07-26 03:24:15 [pakwheels_full] INFO: Found 25 listings on https://www.pakwheels.com/used-cars/search/-/?sortby=model_year-desc&page=1097
2026-07-26 03:24:23 [pakwheels_full] INFO: Found 25 listings on https://www.pakwheels.com/used-cars/search/-/?sortby=model_year-desc&page=1098
2026-07-26 03:24:30 [pakwheels_full] INFO: Found 25 listings on https://www.pakwheels.com/used-cars/search/-/?sortby=model_year-desc&page=1099
2026-07-26 03:24:36 [pakwheels_full] INFO: Found 25 listings on https://www.pakwheels.com/used-cars/search/-/?sortby=model_year-desc&page=1100
2026-07-26 03:24:42 [pakwheels_full] INFO: Found 25 listings on https://www.pakwheels.com/used-cars/search/-/?sortby=model_year-desc&page=1101
2026-07-26 03:24:48 [scrapy.extensions.logstats] INFO: Crawled 20052 pages (at 160 pages/min), scraped 18951 items (at 152 items/min)
2026-07-26 03:24:49 [pakwheels_full] INFO: Found 25 listings on https://www.pakwheels.com/used-cars/search/-/?sortby=model_year-desc&page=1102
2026-07-26 03:24:57 [pakwheels_full] INFO: Found 25 listings on https://www.pakwheels.com/used-cars/search/-/?sortby=model_year-desc&page=1103
2026-07-26 03:25:04 [pakwheels_full] INFO: Found 25 listings on https://www.pakwheels.com/used-cars/search/-/?sortby=model_year-desc&page=1104
2026-07-26 03:25:11 [pakwheels_full] INFO: Found 25 listings on https://www.pakwheels.com/used-cars/search/-/?sortby=model_year-desc&page=1105
2026-07-26 03:25:18 [pakwheels_full] INFO: Found 25 listings on https://www.pakwheels.com/used-cars/search/-/?sortby=model_year-desc&page=1106
2026-07-26 03:25:25 [pakwheels_full] INFO: Found 25 listings on https://www.pakwheels.com/used-cars/search/-/?sortby=model_year-desc&page=1107
2026-07-26 03:25:32 [pakwheels_full] INFO: Found 25 listings on https://www.pakwheels.com/used-cars/search/-/?sortby=model_year-desc&page=1108
2026-07-26 03:25:40 [pakwheels_full] INFO: Found 25 listings on https://www.pakwheels.com/used-cars/search/-/?sortby=model_year-desc&page=1109
2026-07-26 03:25:47 [pakwheels_full] INFO: Found 25 listings on https://www.pakwheels.com/used-cars/search/-/?sortby=model_year-desc&page=1110
2026-07-26 03:25:48 [scrapy.extensions.logstats] INFO: Crawled 20210 pages (at 158 pages/min), scraped 19100 items (at 149 items/min)
2026-07-26 03:25:55 [pakwheels_full] INFO: Found 25 listings on https://www.pakwheels.com/used-cars/search/-/?sortby=model_year-desc&page=1111
2026-07-26 03:26:01 [pakwheels_full] INFO: Found 25 listings on https://www.pakwheels.com/used-cars/search/-/?sortby=model_year-desc&page=1112
2026-07-26 03:26:07 [pakwheels_full] INFO: Found 25 listings on https://www.pakwheels.com/used-cars/search/-/?sortby=model_year-desc&page=1113
2026-07-26 03:26:15 [pakwheels_full] INFO: Found 25 listings on https://www.pakwheels.com/used-cars/search/-/?sortby=model_year-desc&page=1114
2026-07-26 03:26:22 [pakwheels_full] INFO: Found 25 listings on https://www.pakwheels.com/used-cars/search/-/?sortby=model_year-desc&page=1115
2026-07-26 03:26:28 [pakwheels_full] INFO: Found 25 listings on https://www.pakwheels.com/used-cars/search/-/?sortby=model_year-desc&page=1116
2026-07-26 03:26:35 [pakwheels_full] INFO: Found 25 listings on https://www.pakwheels.com/used-cars/search/-/?sortby=model_year-desc&page=1117
2026-07-26 03:26:42 [pakwheels_full] INFO: Found 25 listings on https://www.pakwheels.com/used-cars/search/-/?sortby=model_year-desc&page=1118
2026-07-26 03:26:48 [scrapy.extensions.logstats] INFO: Crawled 20370 pages (at 160 pages/min), scraped 19251 items (at 151 items/min)
2026-07-26 03:26:48 [pakwheels_full] INFO: Found 25 listings on https://www.pakwheels.com/used-cars/search/-/?sortby=model_year-desc&page=1119
2026-07-26 03:26:55 [pakwheels_full] INFO: Found 25 listings on https://www.pakwheels.com/used-cars/search/-/?sortby=model_year-desc&page=1120
2026-07-26 03:27:01 [pakwheels_full] INFO: Found 25 listings on https://www.pakwheels.com/used-cars/search/-/?sortby=model_year-desc&page=1121
2026-07-26 03:27:08 [pakwheels_full] INFO: Found 25 listings on https://www.pakwheels.com/used-cars/search/-/?sortby=model_year-desc&page=1122
2026-07-26 03:27:15 [pakwheels_full] INFO: Found 25 listings on https://www.pakwheels.com/used-cars/search/-/?sortby=model_year-desc&page=1123
2026-07-26 03:27:23 [pakwheels_full] INFO: Found 25 listings on https://www.pakwheels.com/used-cars/search/-/?sortby=model_year-desc&page=1124
2026-07-26 03:27:29 [pakwheels_full] INFO: Found 25 listings on https://www.pakwheels.com/used-cars/search/-/?sortby=model_year-desc&page=1125
2026-07-26 03:27:37 [pakwheels_full] INFO: Found 25 listings on https://www.pakwheels.com/used-cars/search/-/?sortby=model_year-desc&page=1126
2026-07-26 03:27:44 [pakwheels_full] INFO: Found 25 listings on https://www.pakwheels.com/used-cars/search/-/?sortby=model_year-desc&page=1127
2026-07-26 03:27:48 [scrapy.extensions.logstats] INFO: Crawled 20530 pages (at 160 pages/min), scraped 19402 items (at 151 items/min)
2026-07-26 03:27:51 [pakwheels_full] INFO: Found 25 listings on https://www.pakwheels.com/used-cars/search/-/?sortby=model_year-desc&page=1128
2026-07-26 03:27:57 [pakwheels_full] INFO: Found 25 listings on https://www.pakwheels.com/used-cars/search/-/?sortby=model_year-desc&page=1129
2026-07-26 03:28:04 [pakwheels_full] INFO: Found 25 listings on https://www.pakwheels.com/used-cars/search/-/?sortby=model_year-desc&page=1130
2026-07-26 03:28:11 [pakwheels_full] INFO: Found 25 listings on https://www.pakwheels.com/used-cars/search/-/?sortby=model_year-desc&page=1131
2026-07-26 03:28:17 [pakwheels_full] INFO: Found 25 listings on https://www.pakwheels.com/used-cars/search/-/?sortby=model_year-desc&page=1132
2026-07-26 03:28:24 [pakwheels_full] INFO: Found 25 listings on https://www.pakwheels.com/used-cars/search/-/?sortby=model_year-desc&page=1133
2026-07-26 03:28:31 [pakwheels_full] INFO: Found 25 listings on https://www.pakwheels.com/used-cars/search/-/?sortby=model_year-desc&page=1134
2026-07-26 03:28:38 [pakwheels_full] INFO: Found 25 listings on https://www.pakwheels.com/used-cars/search/-/?sortby=model_year-desc&page=1135
2026-07-26 03:28:46 [pakwheels_full] INFO: Found 25 listings on https://www.pakwheels.com/used-cars/search/-/?sortby=model_year-desc&page=1136
2026-07-26 03:28:48 [scrapy.extensions.logstats] INFO: Crawled 20684 pages (at 154 pages/min), scraped 19547 items (at 145 items/min)
2026-07-26 03:28:53 [pakwheels_full] INFO: Found 25 listings on https://www.pakwheels.com/used-cars/search/-/?sortby=model_year-desc&page=1137
2026-07-26 03:28:59 [pakwheels_full] INFO: Found 25 listings on https://www.pakwheels.com/used-cars/search/-/?sortby=model_year-desc&page=1138
2026-07-26 03:29:06 [pakwheels_full] INFO: Found 25 listings on https://www.pakwheels.com/used-cars/search/-/?sortby=model_year-desc&page=1139
2026-07-26 03:29:13 [pakwheels_full] INFO: Found 25 listings on https://www.pakwheels.com/used-cars/search/-/?sortby=model_year-desc&page=1140
2026-07-26 03:29:20 [pakwheels_full] INFO: Found 25 listings on https://www.pakwheels.com/used-cars/search/-/?sortby=model_year-desc&page=1141
2026-07-26 03:29:27 [pakwheels_full] INFO: Found 25 listings on https://www.pakwheels.com/used-cars/search/-/?sortby=model_year-desc&page=1142
2026-07-26 03:29:37 [pakwheels_full] INFO: Found 25 listings on https://www.pakwheels.com/used-cars/search/-/?sortby=model_year-desc&page=1143
2026-07-26 03:29:43 [pakwheels_full] INFO: Found 25 listings on https://www.pakwheels.com/used-cars/search/-/?sortby=model_year-desc&page=1144
2026-07-26 03:29:48 [scrapy.extensions.logstats] INFO: Crawled 20835 pages (at 151 pages/min), scraped 19690 items (at 143 items/min)
2026-07-26 03:29:51 [pakwheels_full] INFO: Found 25 listings on https://www.pakwheels.com/used-cars/search/-/?sortby=model_year-desc&page=1145
2026-07-26 03:29:58 [pakwheels_full] INFO: Found 25 listings on https://www.pakwheels.com/used-cars/search/-/?sortby=model_year-desc&page=1146
2026-07-26 03:30:04 [pakwheels_full] INFO: Found 25 listings on https://www.pakwheels.com/used-cars/search/-/?sortby=model_year-desc&page=1147
2026-07-26 03:30:12 [pakwheels_full] INFO: Found 25 listings on https://www.pakwheels.com/used-cars/search/-/?sortby=model_year-desc&page=1148
2026-07-26 03:30:18 [pakwheels_full] INFO: Found 25 listings on https://www.pakwheels.com/used-cars/search/-/?sortby=model_year-desc&page=1149
2026-07-26 03:30:25 [pakwheels_full] INFO: Found 25 listings on https://www.pakwheels.com/used-cars/search/-/?sortby=model_year-desc&page=1150
2026-07-26 03:30:32 [pakwheels_full] INFO: Found 25 listings on https://www.pakwheels.com/used-cars/search/-/?sortby=model_year-desc&page=1151
2026-07-26 03:30:39 [pakwheels_full] INFO: Found 25 listings on https://www.pakwheels.com/used-cars/search/-/?sortby=model_year-desc&page=1152
2026-07-26 03:30:45 [pakwheels_full] INFO: Found 25 listings on https://www.pakwheels.com/used-cars/search/-/?sortby=model_year-desc&page=1153
2026-07-26 03:30:48 [scrapy.extensions.logstats] INFO: Crawled 20992 pages (at 157 pages/min), scraped 19838 items (at 148 items/min)
2026-07-26 03:30:52 [pakwheels_full] INFO: Found 25 listings on https://www.pakwheels.com/used-cars/search/-/?sortby=model_year-desc&page=1154
2026-07-26 03:30:59 [pakwheels_full] INFO: Found 25 listings on https://www.pakwheels.com/used-cars/search/-/?sortby=model_year-desc&page=1155
2026-07-26 03:31:07 [pakwheels_full] INFO: Found 25 listings on https://www.pakwheels.com/used-cars/search/-/?sortby=model_year-desc&page=1156
2026-07-26 03:31:14 [pakwheels_full] INFO: Found 25 listings on https://www.pakwheels.com/used-cars/search/-/?sortby=model_year-desc&page=1157
2026-07-26 03:31:20 [pakwheels_full] INFO: Found 25 listings on https://www.pakwheels.com/used-cars/search/-/?sortby=model_year-desc&page=1158
2026-07-26 03:31:27 [pakwheels_full] INFO: Found 25 listings on https://www.pakwheels.com/used-cars/search/-/?sortby=model_year-desc&page=1159
2026-07-26 03:31:35 [pakwheels_full] INFO: Found 25 listings on https://www.pakwheels.com/used-cars/search/-/?sortby=model_year-desc&page=1160
2026-07-26 03:31:42 [pakwheels_full] INFO: Found 25 listings on https://www.pakwheels.com/used-cars/search/-/?sortby=model_year-desc&page=1161
2026-07-26 03:31:48 [pakwheels_full] INFO: Found 25 listings on https://www.pakwheels.com/used-cars/search/-/?sortby=model_year-desc&page=1162
2026-07-26 03:31:48 [scrapy.extensions.logstats] INFO: Crawled 21149 pages (at 157 pages/min), scraped 19987 items (at 149 items/min)
2026-07-26 03:31:55 [pakwheels_full] INFO: Found 25 listings on https://www.pakwheels.com/used-cars/search/-/?sortby=model_year-desc&page=1163
2026-07-26 03:32:01 [pakwheels_full] INFO: Found 25 listings on https://www.pakwheels.com/used-cars/search/-/?sortby=model_year-desc&page=1164
2026-07-26 03:32:09 [pakwheels_full] INFO: Found 25 listings on https://www.pakwheels.com/used-cars/search/-/?sortby=model_year-desc&page=1165
2026-07-26 03:32:16 [pakwheels_full] INFO: Found 25 listings on https://www.pakwheels.com/used-cars/search/-/?sortby=model_year-desc&page=1166
2026-07-26 03:32:23 [pakwheels_full] INFO: Found 25 listings on https://www.pakwheels.com/used-cars/search/-/?sortby=model_year-desc&page=1167
2026-07-26 03:32:30 [pakwheels_full] INFO: Found 25 listings on https://www.pakwheels.com/used-cars/search/-/?sortby=model_year-desc&page=1168
2026-07-26 03:32:36 [pakwheels_full] INFO: Found 25 listings on https://www.pakwheels.com/used-cars/search/-/?sortby=model_year-desc&page=1169
2026-07-26 03:32:43 [pakwheels_full] INFO: Found 25 listings on https://www.pakwheels.com/used-cars/search/-/?sortby=model_year-desc&page=1170
2026-07-26 03:32:48 [scrapy.extensions.logstats] INFO: Crawled 21311 pages (at 162 pages/min), scraped 20141 items (at 154 items/min)
2026-07-26 03:32:50 [pakwheels_full] INFO: Found 25 listings on https://www.pakwheels.com/used-cars/search/-/?sortby=model_year-desc&page=1171
2026-07-26 03:32:56 [pakwheels_full] INFO: Found 25 listings on https://www.pakwheels.com/used-cars/search/-/?sortby=model_year-desc&page=1172
2026-07-26 03:33:02 [pakwheels_full] INFO: Found 25 listings on https://www.pakwheels.com/used-cars/search/-/?sortby=model_year-desc&page=1173
2026-07-26 03:33:08 [pakwheels_full] INFO: Found 25 listings on https://www.pakwheels.com/used-cars/search/-/?sortby=model_year-desc&page=1174
2026-07-26 03:33:15 [pakwheels_full] INFO: Found 25 listings on https://www.pakwheels.com/used-cars/search/-/?sortby=model_year-desc&page=1175
2026-07-26 03:33:24 [pakwheels_full] INFO: Found 25 listings on https://www.pakwheels.com/used-cars/search/-/?sortby=model_year-desc&page=1176
2026-07-26 03:33:31 [pakwheels_full] INFO: Found 25 listings on https://www.pakwheels.com/used-cars/search/-/?sortby=model_year-desc&page=1177
2026-07-26 03:33:42 [pakwheels_full] INFO: Found 25 listings on https://www.pakwheels.com/used-cars/search/-/?sortby=model_year-desc&page=1178
2026-07-26 03:33:48 [scrapy.extensions.logstats] INFO: Crawled 21465 pages (at 154 pages/min), scraped 20286 items (at 145 items/min)
2026-07-26 03:33:49 [pakwheels_full] INFO: Found 25 listings on https://www.pakwheels.com/used-cars/search/-/?sortby=model_year-desc&page=1179
2026-07-26 03:33:56 [pakwheels_full] INFO: Found 25 listings on https://www.pakwheels.com/used-cars/search/-/?sortby=model_year-desc&page=1180
2026-07-26 03:34:02 [pakwheels_full] INFO: Found 25 listings on https://www.pakwheels.com/used-cars/search/-/?sortby=model_year-desc&page=1181
2026-07-26 03:34:09 [pakwheels_full] INFO: Found 25 listings on https://www.pakwheels.com/used-cars/search/-/?sortby=model_year-desc&page=1182
2026-07-26 03:34:15 [pakwheels_full] INFO: Found 25 listings on https://www.pakwheels.com/used-cars/search/-/?sortby=model_year-desc&page=1183
2026-07-26 03:34:22 [pakwheels_full] INFO: Found 25 listings on https://www.pakwheels.com/used-cars/search/-/?sortby=model_year-desc&page=1184
2026-07-26 03:34:28 [pakwheels_full] INFO: Found 25 listings on https://www.pakwheels.com/used-cars/search/-/?sortby=model_year-desc&page=1185
2026-07-26 03:34:35 [pakwheels_full] INFO: Found 25 listings on https://www.pakwheels.com/used-cars/search/-/?sortby=model_year-desc&page=1186
2026-07-26 03:34:42 [pakwheels_full] INFO: Found 25 listings on https://www.pakwheels.com/used-cars/search/-/?sortby=model_year-desc&page=1187
2026-07-26 03:34:48 [scrapy.extensions.logstats] INFO: Crawled 21627 pages (at 162 pages/min), scraped 20440 items (at 154 items/min)
2026-07-26 03:34:49 [pakwheels_full] INFO: Found 25 listings on https://www.pakwheels.com/used-cars/search/-/?sortby=model_year-desc&page=1188
2026-07-26 03:34:55 [pakwheels_full] INFO: Found 25 listings on https://www.pakwheels.com/used-cars/search/-/?sortby=model_year-desc&page=1189
2026-07-26 03:35:01 [pakwheels_full] INFO: Found 25 listings on https://www.pakwheels.com/used-cars/search/-/?sortby=model_year-desc&page=1190
2026-07-26 03:35:08 [pakwheels_full] INFO: Found 25 listings on https://www.pakwheels.com/used-cars/search/-/?sortby=model_year-desc&page=1191
2026-07-26 03:35:18 [pakwheels_full] INFO: Found 25 listings on https://www.pakwheels.com/used-cars/search/-/?sortby=model_year-desc&page=1192
2026-07-26 03:35:25 [pakwheels_full] INFO: Found 25 listings on https://www.pakwheels.com/used-cars/search/-/?sortby=model_year-desc&page=1193
2026-07-26 03:35:31 [pakwheels_full] INFO: Found 25 listings on https://www.pakwheels.com/used-cars/search/-/?sortby=model_year-desc&page=1194
2026-07-26 03:35:38 [pakwheels_full] INFO: Found 25 listings on https://www.pakwheels.com/used-cars/search/-/?sortby=model_year-desc&page=1195
2026-07-26 03:35:45 [pakwheels_full] INFO: Found 25 listings on https://www.pakwheels.com/used-cars/search/-/?sortby=model_year-desc&page=1196
2026-07-26 03:35:48 [scrapy.extensions.logstats] INFO: Crawled 21782 pages (at 155 pages/min), scraped 20586 items (at 146 items/min)
2026-07-26 03:35:52 [pakwheels_full] INFO: Found 25 listings on https://www.pakwheels.com/used-cars/search/-/?sortby=model_year-desc&page=1197
2026-07-26 03:35:59 [pakwheels_full] INFO: Found 25 listings on https://www.pakwheels.com/used-cars/search/-/?sortby=model_year-desc&page=1198
2026-07-26 03:36:06 [pakwheels_full] INFO: Found 25 listings on https://www.pakwheels.com/used-cars/search/-/?sortby=model_year-desc&page=1199
2026-07-26 03:36:12 [pakwheels_full] INFO: Found 25 listings on https://www.pakwheels.com/used-cars/search/-/?sortby=model_year-desc&page=1200
2026-07-26 03:36:18 [pakwheels_full] INFO: Found 25 listings on https://www.pakwheels.com/used-cars/search/-/?sortby=model_year-desc&page=1201
2026-07-26 03:36:25 [pakwheels_full] INFO: Found 25 listings on https://www.pakwheels.com/used-cars/search/-/?sortby=model_year-desc&page=1202
2026-07-26 03:36:31 [pakwheels_full] INFO: Found 25 listings on https://www.pakwheels.com/used-cars/search/-/?sortby=model_year-desc&page=1203
2026-07-26 03:36:37 [pakwheels_full] INFO: Found 25 listings on https://www.pakwheels.com/used-cars/search/-/?sortby=model_year-desc&page=1204
2026-07-26 03:36:44 [pakwheels_full] INFO: Found 25 listings on https://www.pakwheels.com/used-cars/search/-/?sortby=model_year-desc&page=1205
2026-07-26 03:36:48 [scrapy.extensions.logstats] INFO: Crawled 21942 pages (at 160 pages/min), scraped 20737 items (at 151 items/min)
2026-07-26 03:36:53 [pakwheels_full] INFO: Found 25 listings on https://www.pakwheels.com/used-cars/search/-/?sortby=model_year-desc&page=1206
2026-07-26 03:36:59 [pakwheels_full] INFO: Found 25 listings on https://www.pakwheels.com/used-cars/search/-/?sortby=model_year-desc&page=1207
2026-07-26 03:37:06 [pakwheels_full] INFO: Found 25 listings on https://www.pakwheels.com/used-cars/search/-/?sortby=model_year-desc&page=1208
2026-07-26 03:37:14 [pakwheels_full] INFO: Found 25 listings on https://www.pakwheels.com/used-cars/search/-/?sortby=model_year-desc&page=1209
2026-07-26 03:37:21 [pakwheels_full] INFO: Found 25 listings on https://www.pakwheels.com/used-cars/search/-/?sortby=model_year-desc&page=1210
2026-07-26 03:37:28 [pakwheels_full] INFO: Found 25 listings on https://www.pakwheels.com/used-cars/search/-/?sortby=model_year-desc&page=1211
2026-07-26 03:37:34 [pakwheels_full] INFO: Found 25 listings on https://www.pakwheels.com/used-cars/search/-/?sortby=model_year-desc&page=1212
2026-07-26 03:37:40 [pakwheels_full] INFO: Found 25 listings on https://www.pakwheels.com/used-cars/search/-/?sortby=model_year-desc&page=1213
2026-07-26 03:37:48 [pakwheels_full] INFO: Found 25 listings on https://www.pakwheels.com/used-cars/search/-/?sortby=model_year-desc&page=1214
2026-07-26 03:37:48 [scrapy.extensions.logstats] INFO: Crawled 22095 pages (at 153 pages/min), scraped 20881 items (at 144 items/min)
2026-07-26 03:37:54 [pakwheels_full] INFO: Found 25 listings on https://www.pakwheels.com/used-cars/search/-/?sortby=model_year-desc&page=1215
2026-07-26 03:38:02 [pakwheels_full] INFO: Found 25 listings on https://www.pakwheels.com/used-cars/search/-/?sortby=model_year-desc&page=1216
2026-07-26 03:38:10 [pakwheels_full] INFO: Found 25 listings on https://www.pakwheels.com/used-cars/search/-/?sortby=model_year-desc&page=1217
2026-07-26 03:38:17 [pakwheels_full] INFO: Found 25 listings on https://www.pakwheels.com/used-cars/search/-/?sortby=model_year-desc&page=1218
2026-07-26 03:38:24 [pakwheels_full] INFO: Found 25 listings on https://www.pakwheels.com/used-cars/search/-/?sortby=model_year-desc&page=1219
2026-07-26 03:38:31 [pakwheels_full] INFO: Found 25 listings on https://www.pakwheels.com/used-cars/search/-/?sortby=model_year-desc&page=1220
2026-07-26 03:38:38 [pakwheels_full] INFO: Found 25 listings on https://www.pakwheels.com/used-cars/search/-/?sortby=model_year-desc&page=1221
2026-07-26 03:38:46 [pakwheels_full] INFO: Found 25 listings on https://www.pakwheels.com/used-cars/search/-/?sortby=model_year-desc&page=1222
2026-07-26 03:38:48 [scrapy.extensions.logstats] INFO: Crawled 22248 pages (at 153 pages/min), scraped 21026 items (at 145 items/min)
2026-07-26 03:38:55 [pakwheels_full] INFO: Found 25 listings on https://www.pakwheels.com/used-cars/search/-/?sortby=model_year-desc&page=1223
2026-07-26 03:39:02 [pakwheels_full] INFO: Found 25 listings on https://www.pakwheels.com/used-cars/search/-/?sortby=model_year-desc&page=1224
2026-07-26 03:39:09 [pakwheels_full] INFO: Found 25 listings on https://www.pakwheels.com/used-cars/search/-/?sortby=model_year-desc&page=1225
2026-07-26 03:39:16 [pakwheels_full] INFO: Found 25 listings on https://www.pakwheels.com/used-cars/search/-/?sortby=model_year-desc&page=1226
2026-07-26 03:39:23 [pakwheels_full] INFO: Found 25 listings on https://www.pakwheels.com/used-cars/search/-/?sortby=model_year-desc&page=1227
2026-07-26 03:39:30 [pakwheels_full] INFO: Found 25 listings on https://www.pakwheels.com/used-cars/search/-/?sortby=model_year-desc&page=1228
2026-07-26 03:39:37 [pakwheels_full] INFO: Found 25 listings on https://www.pakwheels.com/used-cars/search/-/?sortby=model_year-desc&page=1229
2026-07-26 03:39:46 [pakwheels_full] INFO: Found 25 listings on https://www.pakwheels.com/used-cars/search/-/?sortby=model_year-desc&page=1230
2026-07-26 03:39:48 [scrapy.extensions.logstats] INFO: Crawled 22404 pages (at 156 pages/min), scraped 21174 items (at 148 items/min)
2026-07-26 03:39:52 [pakwheels_full] INFO: Found 25 listings on https://www.pakwheels.com/used-cars/search/-/?sortby=model_year-desc&page=1231
2026-07-26 03:39:59 [pakwheels_full] INFO: Found 25 listings on https://www.pakwheels.com/used-cars/search/-/?sortby=model_year-desc&page=1232
2026-07-26 03:40:06 [pakwheels_full] INFO: Found 25 listings on https://www.pakwheels.com/used-cars/search/-/?sortby=model_year-desc&page=1233
2026-07-26 03:40:12 [pakwheels_full] INFO: Found 25 listings on https://www.pakwheels.com/used-cars/search/-/?sortby=model_year-desc&page=1234
2026-07-26 03:40:19 [pakwheels_full] INFO: Found 25 listings on https://www.pakwheels.com/used-cars/search/-/?sortby=model_year-desc&page=1235
2026-07-26 03:40:26 [pakwheels_full] INFO: Found 25 listings on https://www.pakwheels.com/used-cars/search/-/?sortby=model_year-desc&page=1236
2026-07-26 03:40:32 [pakwheels_full] INFO: Found 25 listings on https://www.pakwheels.com/used-cars/search/-/?sortby=model_year-desc&page=1237
2026-07-26 03:40:39 [pakwheels_full] INFO: Found 25 listings on https://www.pakwheels.com/used-cars/search/-/?sortby=model_year-desc&page=1238
2026-07-26 03:40:45 [pakwheels_full] INFO: Found 25 listings on https://www.pakwheels.com/used-cars/search/-/?sortby=model_year-desc&page=1239
2026-07-26 03:40:48 [scrapy.extensions.logstats] INFO: Crawled 22573 pages (at 169 pages/min), scraped 21333 items (at 159 items/min)
2026-07-26 03:40:51 [pakwheels_full] INFO: Found 25 listings on https://www.pakwheels.com/used-cars/search/-/?sortby=model_year-desc&page=1240
2026-07-26 03:40:59 [pakwheels_full] INFO: Found 25 listings on https://www.pakwheels.com/used-cars/search/-/?sortby=model_year-desc&page=1241
2026-07-26 03:41:07 [pakwheels_full] INFO: Found 25 listings on https://www.pakwheels.com/used-cars/search/-/?sortby=model_year-desc&page=1242
2026-07-26 03:41:13 [pakwheels_full] INFO: Found 25 listings on https://www.pakwheels.com/used-cars/search/-/?sortby=model_year-desc&page=1243
2026-07-26 03:41:20 [pakwheels_full] INFO: Found 25 listings on https://www.pakwheels.com/used-cars/search/-/?sortby=model_year-desc&page=1244
2026-07-26 03:41:26 [pakwheels_full] INFO: Found 25 listings on https://www.pakwheels.com/used-cars/search/-/?sortby=model_year-desc&page=1245
2026-07-26 03:41:34 [pakwheels_full] INFO: Found 25 listings on https://www.pakwheels.com/used-cars/search/-/?sortby=model_year-desc&page=1246
2026-07-26 03:41:40 [pakwheels_full] INFO: Found 25 listings on https://www.pakwheels.com/used-cars/search/-/?sortby=model_year-desc&page=1247
2026-07-26 03:41:47 [pakwheels_full] INFO: Found 25 listings on https://www.pakwheels.com/used-cars/search/-/?sortby=model_year-desc&page=1248
2026-07-26 03:41:48 [scrapy.extensions.logstats] INFO: Crawled 22735 pages (at 162 pages/min), scraped 21485 items (at 152 items/min)
2026-07-26 03:41:55 [pakwheels_full] INFO: Found 25 listings on https://www.pakwheels.com/used-cars/search/-/?sortby=model_year-desc&page=1249
2026-07-26 03:42:03 [pakwheels_full] INFO: Found 25 listings on https://www.pakwheels.com/used-cars/search/-/?sortby=model_year-desc&page=1250
2026-07-26 03:42:10 [pakwheels_full] INFO: Found 25 listings on https://www.pakwheels.com/used-cars/search/-/?sortby=model_year-desc&page=1251
2026-07-26 03:42:17 [pakwheels_full] INFO: Found 25 listings on https://www.pakwheels.com/used-cars/search/-/?sortby=model_year-desc&page=1252
2026-07-26 03:42:24 [pakwheels_full] INFO: Found 25 listings on https://www.pakwheels.com/used-cars/search/-/?sortby=model_year-desc&page=1253
2026-07-26 03:42:30 [pakwheels_full] INFO: Found 25 listings on https://www.pakwheels.com/used-cars/search/-/?sortby=model_year-desc&page=1254
2026-07-26 03:42:37 [pakwheels_full] INFO: Found 25 listings on https://www.pakwheels.com/used-cars/search/-/?sortby=model_year-desc&page=1255
2026-07-26 03:42:44 [pakwheels_full] INFO: Found 25 listings on https://www.pakwheels.com/used-cars/search/-/?sortby=model_year-desc&page=1256
2026-07-26 03:42:48 [scrapy.extensions.logstats] INFO: Crawled 22894 pages (at 159 pages/min), scraped 21638 items (at 153 items/min)
2026-07-26 03:42:51 [pakwheels_full] INFO: Found 25 listings on https://www.pakwheels.com/used-cars/search/-/?sortby=model_year-desc&page=1257
2026-07-26 03:42:58 [pakwheels_full] INFO: Found 25 listings on https://www.pakwheels.com/used-cars/search/-/?sortby=model_year-desc&page=1258
2026-07-26 03:43:05 [pakwheels_full] INFO: Found 25 listings on https://www.pakwheels.com/used-cars/search/-/?sortby=model_year-desc&page=1259
2026-07-26 03:43:12 [pakwheels_full] INFO: Found 25 listings on https://www.pakwheels.com/used-cars/search/-/?sortby=model_year-desc&page=1260
2026-07-26 03:43:19 [pakwheels_full] INFO: Found 25 listings on https://www.pakwheels.com/used-cars/search/-/?sortby=model_year-desc&page=1261
2026-07-26 03:43:25 [pakwheels_full] INFO: Found 25 listings on https://www.pakwheels.com/used-cars/search/-/?sortby=model_year-desc&page=1262
2026-07-26 03:43:32 [pakwheels_full] INFO: Found 25 listings on https://www.pakwheels.com/used-cars/search/-/?sortby=model_year-desc&page=1263
2026-07-26 03:43:38 [pakwheels_full] INFO: Found 25 listings on https://www.pakwheels.com/used-cars/search/-/?sortby=model_year-desc&page=1264
2026-07-26 03:43:45 [pakwheels_full] INFO: Found 25 listings on https://www.pakwheels.com/used-cars/search/-/?sortby=model_year-desc&page=1265
2026-07-26 03:43:48 [scrapy.extensions.logstats] INFO: Crawled 23052 pages (at 158 pages/min), scraped 21786 items (at 148 items/min)
2026-07-26 03:43:52 [pakwheels_full] INFO: Found 25 listings on https://www.pakwheels.com/used-cars/search/-/?sortby=model_year-desc&page=1266
2026-07-26 03:43:59 [pakwheels_full] INFO: Found 25 listings on https://www.pakwheels.com/used-cars/search/-/?sortby=model_year-desc&page=1267
2026-07-26 03:44:07 [pakwheels_full] INFO: Found 25 listings on https://www.pakwheels.com/used-cars/search/-/?sortby=model_year-desc&page=1268
2026-07-26 03:44:14 [pakwheels_full] INFO: Found 25 listings on https://www.pakwheels.com/used-cars/search/-/?sortby=model_year-desc&page=1269
2026-07-26 03:44:20 [pakwheels_full] INFO: Found 25 listings on https://www.pakwheels.com/used-cars/search/-/?sortby=model_year-desc&page=1270
2026-07-26 03:44:27 [pakwheels_full] INFO: Found 25 listings on https://www.pakwheels.com/used-cars/search/-/?sortby=model_year-desc&page=1271
2026-07-26 03:44:35 [pakwheels_full] INFO: Found 25 listings on https://www.pakwheels.com/used-cars/search/-/?sortby=model_year-desc&page=1272
2026-07-26 03:44:42 [pakwheels_full] INFO: Found 25 listings on https://www.pakwheels.com/used-cars/search/-/?sortby=model_year-desc&page=1273
2026-07-26 03:44:48 [scrapy.extensions.logstats] INFO: Crawled 23216 pages (at 164 pages/min), scraped 21943 items (at 157 items/min)
2026-07-26 03:44:48 [pakwheels_full] INFO: Found 25 listings on https://www.pakwheels.com/used-cars/search/-/?sortby=model_year-desc&page=1274
2026-07-26 03:44:56 [pakwheels_full] INFO: Found 25 listings on https://www.pakwheels.com/used-cars/search/-/?sortby=model_year-desc&page=1275
2026-07-26 03:45:04 [pakwheels_full] INFO: Found 25 listings on https://www.pakwheels.com/used-cars/search/-/?sortby=model_year-desc&page=1276
2026-07-26 03:45:11 [pakwheels_full] INFO: Found 25 listings on https://www.pakwheels.com/used-cars/search/-/?sortby=model_year-desc&page=1277
2026-07-26 03:45:17 [pakwheels_full] INFO: Found 25 listings on https://www.pakwheels.com/used-cars/search/-/?sortby=model_year-desc&page=1278
2026-07-26 03:45:25 [pakwheels_full] INFO: Found 25 listings on https://www.pakwheels.com/used-cars/search/-/?sortby=model_year-desc&page=1279
2026-07-26 03:45:31 [pakwheels_full] INFO: Found 25 listings on https://www.pakwheels.com/used-cars/search/-/?sortby=model_year-desc&page=1280
2026-07-26 03:45:38 [pakwheels_full] INFO: Found 25 listings on https://www.pakwheels.com/used-cars/search/-/?sortby=model_year-desc&page=1281
2026-07-26 03:45:44 [pakwheels_full] INFO: Found 25 listings on https://www.pakwheels.com/used-cars/search/-/?sortby=model_year-desc&page=1282
2026-07-26 03:45:48 [scrapy.extensions.logstats] INFO: Crawled 23374 pages (at 158 pages/min), scraped 22092 items (at 149 items/min)
2026-07-26 03:45:50 [pakwheels_full] INFO: Found 25 listings on https://www.pakwheels.com/used-cars/search/-/?sortby=model_year-desc&page=1283
2026-07-26 03:45:57 [pakwheels_full] INFO: Found 25 listings on https://www.pakwheels.com/used-cars/search/-/?sortby=model_year-desc&page=1284
2026-07-26 03:46:03 [pakwheels_full] INFO: Found 25 listings on https://www.pakwheels.com/used-cars/search/-/?sortby=model_year-desc&page=1285
2026-07-26 03:46:11 [pakwheels_full] INFO: Found 25 listings on https://www.pakwheels.com/used-cars/search/-/?sortby=model_year-desc&page=1286
2026-07-26 03:46:18 [pakwheels_full] INFO: Found 25 listings on https://www.pakwheels.com/used-cars/search/-/?sortby=model_year-desc&page=1287
2026-07-26 03:46:24 [pakwheels_full] INFO: Found 25 listings on https://www.pakwheels.com/used-cars/search/-/?sortby=model_year-desc&page=1288
2026-07-26 03:46:32 [pakwheels_full] INFO: Found 25 listings on https://www.pakwheels.com/used-cars/search/-/?sortby=model_year-desc&page=1289
2026-07-26 03:46:39 [pakwheels_full] INFO: Found 25 listings on https://www.pakwheels.com/used-cars/search/-/?sortby=model_year-desc&page=1290
2026-07-26 03:46:45 [pakwheels_full] INFO: Found 25 listings on https://www.pakwheels.com/used-cars/search/-/?sortby=model_year-desc&page=1291
2026-07-26 03:46:48 [scrapy.extensions.logstats] INFO: Crawled 23534 pages (at 160 pages/min), scraped 22242 items (at 150 items/min)
2026-07-26 03:46:52 [pakwheels_full] INFO: Found 25 listings on https://www.pakwheels.com/used-cars/search/-/?sortby=model_year-desc&page=1292
2026-07-26 03:46:59 [pakwheels_full] INFO: Found 25 listings on https://www.pakwheels.com/used-cars/search/-/?sortby=model_year-desc&page=1293
2026-07-26 03:47:05 [pakwheels_full] INFO: Found 25 listings on https://www.pakwheels.com/used-cars/search/-/?sortby=model_year-desc&page=1294
2026-07-26 03:47:11 [pakwheels_full] INFO: Found 25 listings on https://www.pakwheels.com/used-cars/search/-/?sortby=model_year-desc&page=1295
2026-07-26 03:47:18 [pakwheels_full] INFO: Found 25 listings on https://www.pakwheels.com/used-cars/search/-/?sortby=model_year-desc&page=1296
2026-07-26 03:47:24 [pakwheels_full] INFO: Found 25 listings on https://www.pakwheels.com/used-cars/search/-/?sortby=model_year-desc&page=1297
2026-07-26 03:47:30 [pakwheels_full] INFO: Found 25 listings on https://www.pakwheels.com/used-cars/search/-/?sortby=model_year-desc&page=1298
2026-07-26 03:47:36 [pakwheels_full] INFO: Found 25 listings on https://www.pakwheels.com/used-cars/search/-/?sortby=model_year-desc&page=1299
2026-07-26 03:47:44 [pakwheels_full] INFO: Found 25 listings on https://www.pakwheels.com/used-cars/search/-/?sortby=model_year-desc&page=1300
2026-07-26 03:47:48 [scrapy.extensions.logstats] INFO: Crawled 23701 pages (at 167 pages/min), scraped 22401 items (at 159 items/min)
2026-07-26 03:47:51 [pakwheels_full] INFO: Found 25 listings on https://www.pakwheels.com/used-cars/search/-/?sortby=model_year-desc&page=1301
2026-07-26 03:47:57 [pakwheels_full] INFO: Found 25 listings on https://www.pakwheels.com/used-cars/search/-/?sortby=model_year-desc&page=1302
2026-07-26 03:48:03 [pakwheels_full] INFO: Found 25 listings on https://www.pakwheels.com/used-cars/search/-/?sortby=model_year-desc&page=1303
2026-07-26 03:48:09 [pakwheels_full] INFO: Found 25 listings on https://www.pakwheels.com/used-cars/search/-/?sortby=model_year-desc&page=1304
2026-07-26 03:48:16 [pakwheels_full] INFO: Found 25 listings on https://www.pakwheels.com/used-cars/search/-/?sortby=model_year-desc&page=1305
2026-07-26 03:48:22 [pakwheels_full] INFO: Found 25 listings on https://www.pakwheels.com/used-cars/search/-/?sortby=model_year-desc&page=1306
2026-07-26 03:48:29 [pakwheels_full] INFO: Found 25 listings on https://www.pakwheels.com/used-cars/search/-/?sortby=model_year-desc&page=1307
2026-07-26 03:48:35 [pakwheels_full] INFO: Found 25 listings on https://www.pakwheels.com/used-cars/search/-/?sortby=model_year-desc&page=1308
2026-07-26 03:48:42 [pakwheels_full] INFO: Found 25 listings on https://www.pakwheels.com/used-cars/search/-/?sortby=model_year-desc&page=1309
2026-07-26 03:48:48 [pakwheels_full] INFO: Found 25 listings on https://www.pakwheels.com/used-cars/search/-/?sortby=model_year-desc&page=1310
2026-07-26 03:48:48 [scrapy.extensions.logstats] INFO: Crawled 23871 pages (at 170 pages/min), scraped 22561 items (at 160 items/min)
2026-07-26 03:48:55 [pakwheels_full] INFO: Found 25 listings on https://www.pakwheels.com/used-cars/search/-/?sortby=model_year-desc&page=1311
2026-07-26 03:49:03 [pakwheels_full] INFO: Found 25 listings on https://www.pakwheels.com/used-cars/search/-/?sortby=model_year-desc&page=1312
2026-07-26 03:49:10 [pakwheels_full] INFO: Found 25 listings on https://www.pakwheels.com/used-cars/search/-/?sortby=model_year-desc&page=1313
2026-07-26 03:49:15 [pakwheels_full] INFO: Found 25 listings on https://www.pakwheels.com/used-cars/search/-/?sortby=model_year-desc&page=1314
2026-07-26 03:49:22 [pakwheels_full] INFO: Found 25 listings on https://www.pakwheels.com/used-cars/search/-/?sortby=model_year-desc&page=1315
2026-07-26 03:49:29 [pakwheels_full] INFO: Found 25 listings on https://www.pakwheels.com/used-cars/search/-/?sortby=model_year-desc&page=1316
2026-07-26 03:49:36 [pakwheels_full] INFO: Found 25 listings on https://www.pakwheels.com/used-cars/search/-/?sortby=model_year-desc&page=1317
2026-07-26 03:49:45 [pakwheels_full] INFO: Found 25 listings on https://www.pakwheels.com/used-cars/search/-/?sortby=model_year-desc&page=1318
2026-07-26 03:49:48 [scrapy.extensions.logstats] INFO: Crawled 24022 pages (at 151 pages/min), scraped 22704 items (at 143 items/min)
2026-07-26 03:49:53 [pakwheels_full] INFO: Found 25 listings on https://www.pakwheels.com/used-cars/search/-/?sortby=model_year-desc&page=1319
2026-07-26 03:50:01 [pakwheels_full] INFO: Found 25 listings on https://www.pakwheels.com/used-cars/search/-/?sortby=model_year-desc&page=1320
2026-07-26 03:50:07 [pakwheels_full] INFO: Found 25 listings on https://www.pakwheels.com/used-cars/search/-/?sortby=model_year-desc&page=1321
2026-07-26 03:50:15 [pakwheels_full] INFO: Found 25 listings on https://www.pakwheels.com/used-cars/search/-/?sortby=model_year-desc&page=1322
2026-07-26 03:50:21 [pakwheels_full] INFO: Found 25 listings on https://www.pakwheels.com/used-cars/search/-/?sortby=model_year-desc&page=1323
2026-07-26 03:50:29 [pakwheels_full] INFO: Found 25 listings on https://www.pakwheels.com/used-cars/search/-/?sortby=model_year-desc&page=1324
2026-07-26 03:50:36 [pakwheels_full] INFO: Found 25 listings on https://www.pakwheels.com/used-cars/search/-/?sortby=model_year-desc&page=1325
2026-07-26 03:50:42 [pakwheels_full] INFO: Found 25 listings on https://www.pakwheels.com/used-cars/search/-/?sortby=model_year-desc&page=1326
2026-07-26 03:50:48 [scrapy.extensions.logstats] INFO: Crawled 24184 pages (at 162 pages/min), scraped 22858 items (at 154 items/min)
2026-07-26 03:50:49 [pakwheels_full] INFO: Found 25 listings on https://www.pakwheels.com/used-cars/search/-/?sortby=model_year-desc&page=1327
2026-07-26 03:50:56 [pakwheels_full] INFO: Found 25 listings on https://www.pakwheels.com/used-cars/search/-/?sortby=model_year-desc&page=1328
2026-07-26 03:51:01 [pakwheels_full] INFO: Found 25 listings on https://www.pakwheels.com/used-cars/search/-/?sortby=model_year-desc&page=1329
2026-07-26 03:51:09 [pakwheels_full] INFO: Found 25 listings on https://www.pakwheels.com/used-cars/search/-/?sortby=model_year-desc&page=1330
2026-07-26 03:51:15 [pakwheels_full] INFO: Found 25 listings on https://www.pakwheels.com/used-cars/search/-/?sortby=model_year-desc&page=1331
2026-07-26 03:51:23 [pakwheels_full] INFO: Found 25 listings on https://www.pakwheels.com/used-cars/search/-/?sortby=model_year-desc&page=1332
2026-07-26 03:51:30 [pakwheels_full] INFO: Found 25 listings on https://www.pakwheels.com/used-cars/search/-/?sortby=model_year-desc&page=1333
2026-07-26 03:51:37 [pakwheels_full] INFO: Found 25 listings on https://www.pakwheels.com/used-cars/search/-/?sortby=model_year-desc&page=1334
2026-07-26 03:51:44 [pakwheels_full] INFO: Found 25 listings on https://www.pakwheels.com/used-cars/search/-/?sortby=model_year-desc&page=1335
2026-07-26 03:51:48 [scrapy.extensions.logstats] INFO: Crawled 24346 pages (at 162 pages/min), scraped 23010 items (at 152 items/min)
2026-07-26 03:51:50 [pakwheels_full] INFO: Found 25 listings on https://www.pakwheels.com/used-cars/search/-/?sortby=model_year-desc&page=1336
2026-07-26 03:51:59 [pakwheels_full] INFO: Found 25 listings on https://www.pakwheels.com/used-cars/search/-/?sortby=model_year-desc&page=1337
2026-07-26 03:52:07 [pakwheels_full] INFO: Found 25 listings on https://www.pakwheels.com/used-cars/search/-/?sortby=model_year-desc&page=1338
2026-07-26 03:52:14 [pakwheels_full] INFO: Found 25 listings on https://www.pakwheels.com/used-cars/search/-/?sortby=model_year-desc&page=1339
2026-07-26 03:52:21 [pakwheels_full] INFO: Found 25 listings on https://www.pakwheels.com/used-cars/search/-/?sortby=model_year-desc&page=1340
2026-07-26 03:52:28 [pakwheels_full] INFO: Found 25 listings on https://www.pakwheels.com/used-cars/search/-/?sortby=model_year-desc&page=1341
2026-07-26 03:52:36 [pakwheels_full] INFO: Found 25 listings on https://www.pakwheels.com/used-cars/search/-/?sortby=model_year-desc&page=1342
2026-07-26 03:52:43 [pakwheels_full] INFO: Found 25 listings on https://www.pakwheels.com/used-cars/search/-/?sortby=model_year-desc&page=1343
2026-07-26 03:52:48 [scrapy.extensions.logstats] INFO: Crawled 24494 pages (at 148 pages/min), scraped 23151 items (at 141 items/min)
2026-07-26 03:52:51 [pakwheels_full] INFO: Found 25 listings on https://www.pakwheels.com/used-cars/search/-/?sortby=model_year-desc&page=1344
2026-07-26 03:52:59 [pakwheels_full] INFO: Found 25 listings on https://www.pakwheels.com/used-cars/search/-/?sortby=model_year-desc&page=1345
2026-07-26 03:53:06 [pakwheels_full] INFO: Found 25 listings on https://www.pakwheels.com/used-cars/search/-/?sortby=model_year-desc&page=1346
2026-07-26 03:53:12 [pakwheels_full] INFO: Found 25 listings on https://www.pakwheels.com/used-cars/search/-/?sortby=model_year-desc&page=1347
2026-07-26 03:53:19 [pakwheels_full] INFO: Found 25 listings on https://www.pakwheels.com/used-cars/search/-/?sortby=model_year-desc&page=1348
2026-07-26 03:53:25 [pakwheels_full] INFO: Found 25 listings on https://www.pakwheels.com/used-cars/search/-/?sortby=model_year-desc&page=1349
2026-07-26 03:53:32 [pakwheels_full] INFO: Found 25 listings on https://www.pakwheels.com/used-cars/search/-/?sortby=model_year-desc&page=1350
2026-07-26 03:53:40 [pakwheels_full] INFO: Found 25 listings on https://www.pakwheels.com/used-cars/search/-/?sortby=model_year-desc&page=1351
2026-07-26 03:53:48 [scrapy.extensions.logstats] INFO: Crawled 24646 pages (at 152 pages/min), scraped 23294 items (at 143 items/min)
2026-07-26 03:53:48 [pakwheels_full] INFO: Found 25 listings on https://www.pakwheels.com/used-cars/search/-/?sortby=model_year-desc&page=1352
2026-07-26 03:53:56 [pakwheels_full] INFO: Found 25 listings on https://www.pakwheels.com/used-cars/search/-/?sortby=model_year-desc&page=1353
2026-07-26 03:54:03 [pakwheels_full] INFO: Found 25 listings on https://www.pakwheels.com/used-cars/search/-/?sortby=model_year-desc&page=1354
2026-07-26 03:54:10 [pakwheels_full] INFO: Found 25 listings on https://www.pakwheels.com/used-cars/search/-/?sortby=model_year-desc&page=1355
2026-07-26 03:54:17 [pakwheels_full] INFO: Found 25 listings on https://www.pakwheels.com/used-cars/search/-/?sortby=model_year-desc&page=1356
2026-07-26 03:54:23 [pakwheels_full] INFO: Found 25 listings on https://www.pakwheels.com/used-cars/search/-/?sortby=model_year-desc&page=1357
2026-07-26 03:54:30 [pakwheels_full] INFO: Found 25 listings on https://www.pakwheels.com/used-cars/search/-/?sortby=model_year-desc&page=1358
2026-07-26 03:54:37 [pakwheels_full] INFO: Found 25 listings on https://www.pakwheels.com/used-cars/search/-/?sortby=model_year-desc&page=1359
2026-07-26 03:54:43 [pakwheels_full] INFO: Found 25 listings on https://www.pakwheels.com/used-cars/search/-/?sortby=model_year-desc&page=1360
2026-07-26 03:54:48 [scrapy.extensions.logstats] INFO: Crawled 24807 pages (at 161 pages/min), scraped 23447 items (at 153 items/min)
2026-07-26 03:54:49 [pakwheels_full] INFO: Found 25 listings on https://www.pakwheels.com/used-cars/search/-/?sortby=model_year-desc&page=1361
2026-07-26 03:54:56 [pakwheels_full] INFO: Found 25 listings on https://www.pakwheels.com/used-cars/search/-/?sortby=model_year-desc&page=1362
2026-07-26 03:55:03 [pakwheels_full] INFO: Found 25 listings on https://www.pakwheels.com/used-cars/search/-/?sortby=model_year-desc&page=1363
2026-07-26 03:55:11 [pakwheels_full] INFO: Found 25 listings on https://www.pakwheels.com/used-cars/search/-/?sortby=model_year-desc&page=1364
2026-07-26 03:55:18 [pakwheels_full] INFO: Found 25 listings on https://www.pakwheels.com/used-cars/search/-/?sortby=model_year-desc&page=1365
2026-07-26 03:55:25 [pakwheels_full] INFO: Found 25 listings on https://www.pakwheels.com/used-cars/search/-/?sortby=model_year-desc&page=1366
2026-07-26 03:55:31 [pakwheels_full] INFO: Found 25 listings on https://www.pakwheels.com/used-cars/search/-/?sortby=model_year-desc&page=1367
2026-07-26 03:55:38 [pakwheels_full] INFO: Found 25 listings on https://www.pakwheels.com/used-cars/search/-/?sortby=model_year-desc&page=1368
2026-07-26 03:55:44 [pakwheels_full] INFO: Found 25 listings on https://www.pakwheels.com/used-cars/search/-/?sortby=model_year-desc&page=1369
2026-07-26 03:55:48 [scrapy.extensions.logstats] INFO: Crawled 24965 pages (at 158 pages/min), scraped 23596 items (at 149 items/min)
2026-07-26 03:55:52 [pakwheels_full] INFO: Found 25 listings on https://www.pakwheels.com/used-cars/search/-/?sortby=model_year-desc&page=1370
2026-07-26 03:55:59 [pakwheels_full] INFO: Found 25 listings on https://www.pakwheels.com/used-cars/search/-/?sortby=model_year-desc&page=1371
2026-07-26 03:56:06 [pakwheels_full] INFO: Found 25 listings on https://www.pakwheels.com/used-cars/search/-/?sortby=model_year-desc&page=1372
2026-07-26 03:56:14 [pakwheels_full] INFO: Found 25 listings on https://www.pakwheels.com/used-cars/search/-/?sortby=model_year-desc&page=1373
2026-07-26 03:56:22 [pakwheels_full] INFO: Found 25 listings on https://www.pakwheels.com/used-cars/search/-/?sortby=model_year-desc&page=1374
2026-07-26 03:56:29 [pakwheels_full] INFO: Found 25 listings on https://www.pakwheels.com/used-cars/search/-/?sortby=model_year-desc&page=1375
2026-07-26 03:56:36 [pakwheels_full] INFO: Found 25 listings on https://www.pakwheels.com/used-cars/search/-/?sortby=model_year-desc&page=1376
2026-07-26 03:56:43 [pakwheels_full] INFO: Found 25 listings on https://www.pakwheels.com/used-cars/search/-/?sortby=model_year-desc&page=1377
2026-07-26 03:56:48 [scrapy.extensions.logstats] INFO: Crawled 25117 pages (at 152 pages/min), scraped 23740 items (at 144 items/min)
2026-07-26 03:56:51 [pakwheels_full] INFO: Found 25 listings on https://www.pakwheels.com/used-cars/search/-/?sortby=model_year-desc&page=1378
2026-07-26 03:56:58 [pakwheels_full] INFO: Found 25 listings on https://www.pakwheels.com/used-cars/search/-/?sortby=model_year-desc&page=1379
2026-07-26 03:57:05 [pakwheels_full] INFO: Found 25 listings on https://www.pakwheels.com/used-cars/search/-/?sortby=model_year-desc&page=1380
2026-07-26 03:57:12 [pakwheels_full] INFO: Found 25 listings on https://www.pakwheels.com/used-cars/search/-/?sortby=model_year-desc&page=1381
2026-07-26 03:57:19 [pakwheels_full] INFO: Found 25 listings on https://www.pakwheels.com/used-cars/search/-/?sortby=model_year-desc&page=1382
2026-07-26 03:57:27 [pakwheels_full] INFO: Found 25 listings on https://www.pakwheels.com/used-cars/search/-/?sortby=model_year-desc&page=1383
2026-07-26 03:57:34 [pakwheels_full] INFO: Found 25 listings on https://www.pakwheels.com/used-cars/search/-/?sortby=model_year-desc&page=1384
2026-07-26 03:57:41 [pakwheels_full] INFO: Found 25 listings on https://www.pakwheels.com/used-cars/search/-/?sortby=model_year-desc&page=1385
2026-07-26 03:57:48 [scrapy.extensions.logstats] INFO: Crawled 25273 pages (at 156 pages/min), scraped 23887 items (at 147 items/min)
2026-07-26 03:57:49 [pakwheels_full] INFO: Found 25 listings on https://www.pakwheels.com/used-cars/search/-/?sortby=model_year-desc&page=1386
2026-07-26 03:57:56 [pakwheels_full] INFO: Found 25 listings on https://www.pakwheels.com/used-cars/search/-/?sortby=model_year-desc&page=1387
2026-07-26 03:58:04 [pakwheels_full] INFO: Found 25 listings on https://www.pakwheels.com/used-cars/search/-/?sortby=model_year-desc&page=1388
2026-07-26 03:58:10 [pakwheels_full] INFO: Found 25 listings on https://www.pakwheels.com/used-cars/search/-/?sortby=model_year-desc&page=1389
2026-07-26 03:58:16 [pakwheels_full] INFO: Found 25 listings on https://www.pakwheels.com/used-cars/search/-/?sortby=model_year-desc&page=1390
2026-07-26 03:58:22 [pakwheels_full] INFO: Found 25 listings on https://www.pakwheels.com/used-cars/search/-/?sortby=model_year-desc&page=1391
2026-07-26 03:58:29 [pakwheels_full] INFO: Found 25 listings on https://www.pakwheels.com/used-cars/search/-/?sortby=model_year-desc&page=1392
2026-07-26 03:58:36 [pakwheels_full] INFO: Found 25 listings on https://www.pakwheels.com/used-cars/search/-/?sortby=model_year-desc&page=1393
2026-07-26 03:58:42 [pakwheels_full] INFO: Found 25 listings on https://www.pakwheels.com/used-cars/search/-/?sortby=model_year-desc&page=1394
2026-07-26 03:58:48 [scrapy.extensions.logstats] INFO: Crawled 25439 pages (at 166 pages/min), scraped 24045 items (at 158 items/min)
2026-07-26 03:58:49 [pakwheels_full] INFO: Found 25 listings on https://www.pakwheels.com/used-cars/search/-/?sortby=model_year-desc&page=1395
2026-07-26 03:58:56 [pakwheels_full] INFO: Found 25 listings on https://www.pakwheels.com/used-cars/search/-/?sortby=model_year-desc&page=1396
2026-07-26 03:59:03 [pakwheels_full] INFO: Found 25 listings on https://www.pakwheels.com/used-cars/search/-/?sortby=model_year-desc&page=1397
2026-07-26 03:59:10 [pakwheels_full] INFO: Found 25 listings on https://www.pakwheels.com/used-cars/search/-/?sortby=model_year-desc&page=1398
2026-07-26 03:59:17 [pakwheels_full] INFO: Found 25 listings on https://www.pakwheels.com/used-cars/search/-/?sortby=model_year-desc&page=1399
2026-07-26 03:59:24 [pakwheels_full] INFO: Found 25 listings on https://www.pakwheels.com/used-cars/search/-/?sortby=model_year-desc&page=1400
2026-07-26 03:59:32 [pakwheels_full] INFO: Found 25 listings on https://www.pakwheels.com/used-cars/search/-/?sortby=model_year-desc&page=1401
2026-07-26 03:59:39 [pakwheels_full] INFO: Found 25 listings on https://www.pakwheels.com/used-cars/search/-/?sortby=model_year-desc&page=1402
2026-07-26 03:59:44 [pakwheels_full] INFO: Found 25 listings on https://www.pakwheels.com/used-cars/search/-/?sortby=model_year-desc&page=1403
2026-07-26 03:59:48 [scrapy.extensions.logstats] INFO: Crawled 25597 pages (at 158 pages/min), scraped 24194 items (at 149 items/min)
2026-07-26 03:59:51 [pakwheels_full] INFO: Found 25 listings on https://www.pakwheels.com/used-cars/search/-/?sortby=model_year-desc&page=1404
2026-07-26 03:59:59 [pakwheels_full] INFO: Found 25 listings on https://www.pakwheels.com/used-cars/search/-/?sortby=model_year-desc&page=1405
2026-07-26 04:00:07 [pakwheels_full] INFO: Found 25 listings on https://www.pakwheels.com/used-cars/search/-/?sortby=model_year-desc&page=1406
2026-07-26 04:00:15 [pakwheels_full] INFO: Found 25 listings on https://www.pakwheels.com/used-cars/search/-/?sortby=model_year-desc&page=1407
2026-07-26 04:00:21 [pakwheels_full] INFO: Found 25 listings on https://www.pakwheels.com/used-cars/search/-/?sortby=model_year-desc&page=1408
2026-07-26 04:00:30 [pakwheels_full] INFO: Found 25 listings on https://www.pakwheels.com/used-cars/search/-/?sortby=model_year-desc&page=1409
2026-07-26 04:00:38 [pakwheels_full] INFO: Found 25 listings on https://www.pakwheels.com/used-cars/search/-/?sortby=model_year-desc&page=1410
2026-07-26 04:00:44 [pakwheels_full] INFO: Found 25 listings on https://www.pakwheels.com/used-cars/search/-/?sortby=model_year-desc&page=1411
2026-07-26 04:00:48 [scrapy.extensions.logstats] INFO: Crawled 25746 pages (at 149 pages/min), scraped 24334 items (at 140 items/min)
2026-07-26 04:00:51 [pakwheels_full] INFO: Found 25 listings on https://www.pakwheels.com/used-cars/search/-/?sortby=model_year-desc&page=1412
2026-07-26 04:00:58 [pakwheels_full] INFO: Found 25 listings on https://www.pakwheels.com/used-cars/search/-/?sortby=model_year-desc&page=1413
2026-07-26 04:01:05 [pakwheels_full] INFO: Found 25 listings on https://www.pakwheels.com/used-cars/search/-/?sortby=model_year-desc&page=1414
2026-07-26 04:01:12 [pakwheels_full] INFO: Found 25 listings on https://www.pakwheels.com/used-cars/search/-/?sortby=model_year-desc&page=1415
2026-07-26 04:01:18 [pakwheels_full] INFO: Found 25 listings on https://www.pakwheels.com/used-cars/search/-/?sortby=model_year-desc&page=1416
2026-07-26 04:01:25 [pakwheels_full] INFO: Found 25 listings on https://www.pakwheels.com/used-cars/search/-/?sortby=model_year-desc&page=1417
2026-07-26 04:01:32 [pakwheels_full] INFO: Found 25 listings on https://www.pakwheels.com/used-cars/search/-/?sortby=model_year-desc&page=1418
2026-07-26 04:01:40 [pakwheels_full] INFO: Found 25 listings on https://www.pakwheels.com/used-cars/search/-/?sortby=model_year-desc&page=1419
2026-07-26 04:01:48 [scrapy.extensions.logstats] INFO: Crawled 25901 pages (at 155 pages/min), scraped 24481 items (at 147 items/min)
2026-07-26 04:01:48 [pakwheels_full] INFO: Found 25 listings on https://www.pakwheels.com/used-cars/search/-/?sortby=model_year-desc&page=1420
2026-07-26 04:01:55 [pakwheels_full] INFO: Found 25 listings on https://www.pakwheels.com/used-cars/search/-/?sortby=model_year-desc&page=1421
2026-07-26 04:02:01 [pakwheels_full] INFO: Found 25 listings on https://www.pakwheels.com/used-cars/search/-/?sortby=model_year-desc&page=1422
2026-07-26 04:02:08 [pakwheels_full] INFO: Found 25 listings on https://www.pakwheels.com/used-cars/search/-/?sortby=model_year-desc&page=1423
2026-07-26 04:02:14 [pakwheels_full] INFO: Found 25 listings on https://www.pakwheels.com/used-cars/search/-/?sortby=model_year-desc&page=1424
2026-07-26 04:02:20 [pakwheels_full] INFO: Found 25 listings on https://www.pakwheels.com/used-cars/search/-/?sortby=model_year-desc&page=1425
2026-07-26 04:02:27 [pakwheels_full] INFO: Found 25 listings on https://www.pakwheels.com/used-cars/search/-/?sortby=model_year-desc&page=1426
2026-07-26 04:02:34 [pakwheels_full] INFO: Found 25 listings on https://www.pakwheels.com/used-cars/search/-/?sortby=model_year-desc&page=1427
2026-07-26 04:02:41 [pakwheels_full] INFO: Found 25 listings on https://www.pakwheels.com/used-cars/search/-/?sortby=model_year-desc&page=1428
2026-07-26 04:02:47 [pakwheels_full] INFO: Found 25 listings on https://www.pakwheels.com/used-cars/search/-/?sortby=model_year-desc&page=1429
2026-07-26 04:02:48 [scrapy.extensions.logstats] INFO: Crawled 26072 pages (at 171 pages/min), scraped 24643 items (at 162 items/min)
2026-07-26 04:02:53 [pakwheels_full] INFO: Found 25 listings on https://www.pakwheels.com/used-cars/search/-/?sortby=model_year-desc&page=1430
2026-07-26 04:03:00 [pakwheels_full] INFO: Found 25 listings on https://www.pakwheels.com/used-cars/search/-/?sortby=model_year-desc&page=1431
2026-07-26 04:03:05 [pakwheels_full] INFO: Found 25 listings on https://www.pakwheels.com/used-cars/search/-/?sortby=model_year-desc&page=1432
2026-07-26 04:03:11 [pakwheels_full] INFO: Found 25 listings on https://www.pakwheels.com/used-cars/search/-/?sortby=model_year-desc&page=1433
2026-07-26 04:03:18 [pakwheels_full] INFO: Found 25 listings on https://www.pakwheels.com/used-cars/search/-/?sortby=model_year-desc&page=1434
2026-07-26 04:03:27 [pakwheels_full] INFO: Found 25 listings on https://www.pakwheels.com/used-cars/search/-/?sortby=model_year-desc&page=1435
2026-07-26 04:03:36 [pakwheels_full] INFO: Found 25 listings on https://www.pakwheels.com/used-cars/search/-/?sortby=model_year-desc&page=1436
2026-07-26 04:03:44 [pakwheels_full] INFO: Found 25 listings on https://www.pakwheels.com/used-cars/search/-/?sortby=model_year-desc&page=1437
2026-07-26 04:03:48 [scrapy.extensions.logstats] INFO: Crawled 26231 pages (at 159 pages/min), scraped 24794 items (at 151 items/min)
2026-07-26 04:03:51 [pakwheels_full] INFO: Found 25 listings on https://www.pakwheels.com/used-cars/search/-/?sortby=model_year-desc&page=1438
2026-07-26 04:03:57 [pakwheels_full] INFO: Found 25 listings on https://www.pakwheels.com/used-cars/search/-/?sortby=model_year-desc&page=1439
2026-07-26 04:04:04 [pakwheels_full] INFO: Found 25 listings on https://www.pakwheels.com/used-cars/search/-/?sortby=model_year-desc&page=1440
2026-07-26 04:04:11 [pakwheels_full] INFO: Found 25 listings on https://www.pakwheels.com/used-cars/search/-/?sortby=model_year-desc&page=1441
2026-07-26 04:04:17 [pakwheels_full] INFO: Found 25 listings on https://www.pakwheels.com/used-cars/search/-/?sortby=model_year-desc&page=1442
2026-07-26 04:04:23 [pakwheels_full] INFO: Found 25 listings on https://www.pakwheels.com/used-cars/search/-/?sortby=model_year-desc&page=1443
2026-07-26 04:04:30 [pakwheels_full] INFO: Found 25 listings on https://www.pakwheels.com/used-cars/search/-/?sortby=model_year-desc&page=1444
2026-07-26 04:04:37 [pakwheels_full] INFO: Found 25 listings on https://www.pakwheels.com/used-cars/search/-/?sortby=model_year-desc&page=1445
2026-07-26 04:04:44 [pakwheels_full] INFO: Found 25 listings on https://www.pakwheels.com/used-cars/search/-/?sortby=model_year-desc&page=1446
2026-07-26 04:04:48 [scrapy.extensions.logstats] INFO: Crawled 26401 pages (at 170 pages/min), scraped 24955 items (at 161 items/min)
2026-07-26 04:04:51 [pakwheels_full] INFO: Found 25 listings on https://www.pakwheels.com/used-cars/search/-/?sortby=model_year-desc&page=1447
2026-07-26 04:04:57 [pakwheels_full] INFO: Found 25 listings on https://www.pakwheels.com/used-cars/search/-/?sortby=model_year-desc&page=1448
2026-07-26 04:05:04 [pakwheels_full] INFO: Found 25 listings on https://www.pakwheels.com/used-cars/search/-/?sortby=model_year-desc&page=1449
2026-07-26 04:05:12 [pakwheels_full] INFO: Found 25 listings on https://www.pakwheels.com/used-cars/search/-/?sortby=model_year-desc&page=1450
2026-07-26 04:05:19 [pakwheels_full] INFO: Found 25 listings on https://www.pakwheels.com/used-cars/search/-/?sortby=model_year-desc&page=1451
2026-07-26 04:05:26 [pakwheels_full] INFO: Found 25 listings on https://www.pakwheels.com/used-cars/search/-/?sortby=model_year-desc&page=1452
2026-07-26 04:05:32 [pakwheels_full] INFO: Found 25 listings on https://www.pakwheels.com/used-cars/search/-/?sortby=model_year-desc&page=1453
2026-07-26 04:05:39 [pakwheels_full] INFO: Found 25 listings on https://www.pakwheels.com/used-cars/search/-/?sortby=model_year-desc&page=1454
2026-07-26 04:05:46 [pakwheels_full] INFO: Found 25 listings on https://www.pakwheels.com/used-cars/search/-/?sortby=model_year-desc&page=1455
2026-07-26 04:05:48 [scrapy.extensions.logstats] INFO: Crawled 26560 pages (at 159 pages/min), scraped 25105 items (at 150 items/min)
2026-07-26 04:05:55 [pakwheels_full] INFO: Found 25 listings on https://www.pakwheels.com/used-cars/search/-/?sortby=model_year-desc&page=1456
2026-07-26 04:06:01 [pakwheels_full] INFO: Found 25 listings on https://www.pakwheels.com/used-cars/search/-/?sortby=model_year-desc&page=1457
2026-07-26 04:06:08 [pakwheels_full] INFO: Found 25 listings on https://www.pakwheels.com/used-cars/search/-/?sortby=model_year-desc&page=1458
2026-07-26 04:06:14 [pakwheels_full] INFO: Found 25 listings on https://www.pakwheels.com/used-cars/search/-/?sortby=model_year-desc&page=1459
2026-07-26 04:06:20 [pakwheels_full] INFO: Found 25 listings on https://www.pakwheels.com/used-cars/search/-/?sortby=model_year-desc&page=1460
2026-07-26 04:06:26 [pakwheels_full] INFO: Found 25 listings on https://www.pakwheels.com/used-cars/search/-/?sortby=model_year-desc&page=1461
2026-07-26 04:06:33 [pakwheels_full] INFO: Found 25 listings on https://www.pakwheels.com/used-cars/search/-/?sortby=model_year-desc&page=1462
2026-07-26 04:06:39 [pakwheels_full] INFO: Found 25 listings on https://www.pakwheels.com/used-cars/search/-/?sortby=model_year-desc&page=1463
2026-07-26 04:06:46 [pakwheels_full] INFO: Found 25 listings on https://www.pakwheels.com/used-cars/search/-/?sortby=model_year-desc&page=1464
2026-07-26 04:06:48 [scrapy.extensions.logstats] INFO: Crawled 26727 pages (at 167 pages/min), scraped 25263 items (at 158 items/min)
2026-07-26 04:06:53 [pakwheels_full] INFO: Found 25 listings on https://www.pakwheels.com/used-cars/search/-/?sortby=model_year-desc&page=1465
2026-07-26 04:06:59 [pakwheels_full] INFO: Found 25 listings on https://www.pakwheels.com/used-cars/search/-/?sortby=model_year-desc&page=1466
2026-07-26 04:07:05 [pakwheels_full] INFO: Found 25 listings on https://www.pakwheels.com/used-cars/search/-/?sortby=model_year-desc&page=1467
2026-07-26 04:07:12 [pakwheels_full] INFO: Found 25 listings on https://www.pakwheels.com/used-cars/search/-/?sortby=model_year-desc&page=1468
2026-07-26 04:07:18 [pakwheels_full] INFO: Found 25 listings on https://www.pakwheels.com/used-cars/search/-/?sortby=model_year-desc&page=1469
2026-07-26 04:07:24 [pakwheels_full] INFO: Found 25 listings on https://www.pakwheels.com/used-cars/search/-/?sortby=model_year-desc&page=1470
2026-07-26 04:07:31 [pakwheels_full] INFO: Found 25 listings on https://www.pakwheels.com/used-cars/search/-/?sortby=model_year-desc&page=1471
2026-07-26 04:07:37 [pakwheels_full] INFO: Found 25 listings on https://www.pakwheels.com/used-cars/search/-/?sortby=model_year-desc&page=1472
2026-07-26 04:07:44 [pakwheels_full] INFO: Found 25 listings on https://www.pakwheels.com/used-cars/search/-/?sortby=model_year-desc&page=1473
2026-07-26 04:07:48 [scrapy.extensions.logstats] INFO: Crawled 26895 pages (at 168 pages/min), scraped 25422 items (at 159 items/min)
2026-07-26 04:07:51 [pakwheels_full] INFO: Found 25 listings on https://www.pakwheels.com/used-cars/search/-/?sortby=model_year-desc&page=1474
2026-07-26 04:07:58 [pakwheels_full] INFO: Found 25 listings on https://www.pakwheels.com/used-cars/search/-/?sortby=model_year-desc&page=1475
2026-07-26 04:08:04 [pakwheels_full] INFO: Found 25 listings on https://www.pakwheels.com/used-cars/search/-/?sortby=model_year-desc&page=1476
2026-07-26 04:08:11 [pakwheels_full] INFO: Found 25 listings on https://www.pakwheels.com/used-cars/search/-/?sortby=model_year-desc&page=1477
2026-07-26 04:08:17 [pakwheels_full] INFO: Found 25 listings on https://www.pakwheels.com/used-cars/search/-/?sortby=model_year-desc&page=1478
2026-07-26 04:08:24 [pakwheels_full] INFO: Found 25 listings on https://www.pakwheels.com/used-cars/search/-/?sortby=model_year-desc&page=1479
2026-07-26 04:08:29 [pakwheels_full] INFO: Found 25 listings on https://www.pakwheels.com/used-cars/search/-/?sortby=model_year-desc&page=1480
2026-07-26 04:08:37 [pakwheels_full] INFO: Found 25 listings on https://www.pakwheels.com/used-cars/search/-/?sortby=model_year-desc&page=1481
2026-07-26 04:08:45 [pakwheels_full] INFO: Found 25 listings on https://www.pakwheels.com/used-cars/search/-/?sortby=model_year-desc&page=1482
2026-07-26 04:08:48 [scrapy.extensions.logstats] INFO: Crawled 27055 pages (at 160 pages/min), scraped 25572 items (at 150 items/min)
2026-07-26 04:08:51 [pakwheels_full] INFO: Found 25 listings on https://www.pakwheels.com/used-cars/search/-/?sortby=model_year-desc&page=1483
2026-07-26 04:08:58 [pakwheels_full] INFO: Found 25 listings on https://www.pakwheels.com/used-cars/search/-/?sortby=model_year-desc&page=1484
2026-07-26 04:09:05 [pakwheels_full] INFO: Found 25 listings on https://www.pakwheels.com/used-cars/search/-/?sortby=model_year-desc&page=1485
2026-07-26 04:09:11 [pakwheels_full] INFO: Found 25 listings on https://www.pakwheels.com/used-cars/search/-/?sortby=model_year-desc&page=1486
2026-07-26 04:09:19 [pakwheels_full] INFO: Found 25 listings on https://www.pakwheels.com/used-cars/search/-/?sortby=model_year-desc&page=1487
2026-07-26 04:09:27 [pakwheels_full] INFO: Found 25 listings on https://www.pakwheels.com/used-cars/search/-/?sortby=model_year-desc&page=1488
2026-07-26 04:09:33 [pakwheels_full] INFO: Found 25 listings on https://www.pakwheels.com/used-cars/search/-/?sortby=model_year-desc&page=1489
2026-07-26 04:09:39 [pakwheels_full] INFO: Found 25 listings on https://www.pakwheels.com/used-cars/search/-/?sortby=model_year-desc&page=1490
2026-07-26 04:09:45 [pakwheels_full] INFO: Found 25 listings on https://www.pakwheels.com/used-cars/search/-/?sortby=model_year-desc&page=1491
2026-07-26 04:09:48 [scrapy.extensions.logstats] INFO: Crawled 27222 pages (at 167 pages/min), scraped 25731 items (at 159 items/min)
2026-07-26 04:09:51 [pakwheels_full] INFO: Found 25 listings on https://www.pakwheels.com/used-cars/search/-/?sortby=model_year-desc&page=1492
2026-07-26 04:09:56 [pakwheels_full] INFO: Found 25 listings on https://www.pakwheels.com/used-cars/search/-/?sortby=model_year-desc&page=1493
2026-07-26 04:10:03 [pakwheels_full] INFO: Found 25 listings on https://www.pakwheels.com/used-cars/search/-/?sortby=model_year-desc&page=1494
2026-07-26 04:10:10 [pakwheels_full] INFO: Found 25 listings on https://www.pakwheels.com/used-cars/search/-/?sortby=model_year-desc&page=1495
2026-07-26 04:10:17 [pakwheels_full] INFO: Found 25 listings on https://www.pakwheels.com/used-cars/search/-/?sortby=model_year-desc&page=1496
2026-07-26 04:10:24 [pakwheels_full] INFO: Found 25 listings on https://www.pakwheels.com/used-cars/search/-/?sortby=model_year-desc&page=1497
2026-07-26 04:10:31 [pakwheels_full] INFO: Found 25 listings on https://www.pakwheels.com/used-cars/search/-/?sortby=model_year-desc&page=1498
2026-07-26 04:10:37 [pakwheels_full] INFO: Found 25 listings on https://www.pakwheels.com/used-cars/search/-/?sortby=model_year-desc&page=1499
2026-07-26 04:10:44 [pakwheels_full] INFO: Found 25 listings on https://www.pakwheels.com/used-cars/search/-/?sortby=model_year-desc&page=1500
2026-07-26 04:10:48 [scrapy.extensions.logstats] INFO: Crawled 27391 pages (at 169 pages/min), scraped 25891 items (at 160 items/min)
2026-07-26 04:10:50 [pakwheels_full] INFO: Found 25 listings on https://www.pakwheels.com/used-cars/search/-/?sortby=model_year-desc&page=1501
2026-07-26 04:10:56 [pakwheels_full] INFO: Found 25 listings on https://www.pakwheels.com/used-cars/search/-/?sortby=model_year-desc&page=1502
2026-07-26 04:11:04 [pakwheels_full] INFO: Found 25 listings on https://www.pakwheels.com/used-cars/search/-/?sortby=model_year-desc&page=1503
2026-07-26 04:11:11 [pakwheels_full] INFO: Found 25 listings on https://www.pakwheels.com/used-cars/search/-/?sortby=model_year-desc&page=1504
2026-07-26 04:11:17 [pakwheels_full] INFO: Found 25 listings on https://www.pakwheels.com/used-cars/search/-/?sortby=model_year-desc&page=1505
2026-07-26 04:11:24 [pakwheels_full] INFO: Found 25 listings on https://www.pakwheels.com/used-cars/search/-/?sortby=model_year-desc&page=1506
2026-07-26 04:11:30 [pakwheels_full] INFO: Found 25 listings on https://www.pakwheels.com/used-cars/search/-/?sortby=model_year-desc&page=1507
2026-07-26 04:11:36 [pakwheels_full] INFO: Found 25 listings on https://www.pakwheels.com/used-cars/search/-/?sortby=model_year-desc&page=1508
2026-07-26 04:11:43 [pakwheels_full] INFO: Found 25 listings on https://www.pakwheels.com/used-cars/search/-/?sortby=model_year-desc&page=1509
2026-07-26 04:11:48 [scrapy.extensions.logstats] INFO: Crawled 27553 pages (at 162 pages/min), scraped 26044 items (at 153 items/min)
2026-07-26 04:11:52 [pakwheels_full] INFO: Found 25 listings on https://www.pakwheels.com/used-cars/search/-/?sortby=model_year-desc&page=1510
2026-07-26 04:12:01 [pakwheels_full] INFO: Found 25 listings on https://www.pakwheels.com/used-cars/search/-/?sortby=model_year-desc&page=1511
2026-07-26 04:12:08 [pakwheels_full] INFO: Found 25 listings on https://www.pakwheels.com/used-cars/search/-/?sortby=model_year-desc&page=1512
2026-07-26 04:12:15 [pakwheels_full] INFO: Found 25 listings on https://www.pakwheels.com/used-cars/search/-/?sortby=model_year-desc&page=1513
2026-07-26 04:12:21 [pakwheels_full] INFO: Found 25 listings on https://www.pakwheels.com/used-cars/search/-/?sortby=model_year-desc&page=1514
2026-07-26 04:12:27 [pakwheels_full] INFO: Found 25 listings on https://www.pakwheels.com/used-cars/search/-/?sortby=model_year-desc&page=1515
2026-07-26 04:12:33 [pakwheels_full] INFO: Found 25 listings on https://www.pakwheels.com/used-cars/search/-/?sortby=model_year-desc&page=1516
2026-07-26 04:12:40 [pakwheels_full] INFO: Found 25 listings on https://www.pakwheels.com/used-cars/search/-/?sortby=model_year-desc&page=1517
2026-07-26 04:12:47 [pakwheels_full] INFO: Found 25 listings on https://www.pakwheels.com/used-cars/search/-/?sortby=model_year-desc&page=1518
2026-07-26 04:12:48 [scrapy.extensions.logstats] INFO: Crawled 27717 pages (at 164 pages/min), scraped 26199 items (at 155 items/min)
2026-07-26 04:12:53 [pakwheels_full] INFO: Found 25 listings on https://www.pakwheels.com/used-cars/search/-/?sortby=model_year-desc&page=1519
2026-07-26 04:13:00 [pakwheels_full] INFO: Found 25 listings on https://www.pakwheels.com/used-cars/search/-/?sortby=model_year-desc&page=1520
2026-07-26 04:13:06 [pakwheels_full] INFO: Found 25 listings on https://www.pakwheels.com/used-cars/search/-/?sortby=model_year-desc&page=1521
2026-07-26 04:13:12 [pakwheels_full] INFO: Found 25 listings on https://www.pakwheels.com/used-cars/search/-/?sortby=model_year-desc&page=1522
2026-07-26 04:13:19 [pakwheels_full] INFO: Found 25 listings on https://www.pakwheels.com/used-cars/search/-/?sortby=model_year-desc&page=1523
2026-07-26 04:13:25 [pakwheels_full] INFO: Found 25 listings on https://www.pakwheels.com/used-cars/search/-/?sortby=model_year-desc&page=1524
2026-07-26 04:13:30 [pakwheels_full] INFO: Found 25 listings on https://www.pakwheels.com/used-cars/search/-/?sortby=model_year-desc&page=1525
2026-07-26 04:13:37 [pakwheels_full] INFO: Found 25 listings on https://www.pakwheels.com/used-cars/search/-/?sortby=model_year-desc&page=1526
2026-07-26 04:13:45 [pakwheels_full] INFO: Found 25 listings on https://www.pakwheels.com/used-cars/search/-/?sortby=model_year-desc&page=1527
2026-07-26 04:13:48 [scrapy.extensions.logstats] INFO: Crawled 27882 pages (at 165 pages/min), scraped 26355 items (at 156 items/min)
2026-07-26 04:13:53 [pakwheels_full] INFO: Found 25 listings on https://www.pakwheels.com/used-cars/search/-/?sortby=model_year-desc&page=1528
2026-07-26 04:14:00 [dealwheel_scraper.extractors] WARNING: No usable JSON-LD found on https://www.pakwheels.com/used-cars/nissan-infinity-2016-for-sale-in-islamabad-11454120 — falling back to spec-list/meta-description.
2026-07-26 04:14:00 [pakwheels_full] INFO: Found 25 listings on https://www.pakwheels.com/used-cars/search/-/?sortby=model_year-desc&page=1529
2026-07-26 04:14:07 [pakwheels_full] INFO: Found 25 listings on https://www.pakwheels.com/used-cars/search/-/?sortby=model_year-desc&page=1530
2026-07-26 04:14:15 [pakwheels_full] INFO: Found 25 listings on https://www.pakwheels.com/used-cars/search/-/?sortby=model_year-desc&page=1531
2026-07-26 04:14:23 [pakwheels_full] INFO: Found 25 listings on https://www.pakwheels.com/used-cars/search/-/?sortby=model_year-desc&page=1532
2026-07-26 04:14:30 [pakwheels_full] INFO: Found 25 listings on https://www.pakwheels.com/used-cars/search/-/?sortby=model_year-desc&page=1533
2026-07-26 04:14:36 [pakwheels_full] INFO: Found 25 listings on https://www.pakwheels.com/used-cars/search/-/?sortby=model_year-desc&page=1534
2026-07-26 04:14:43 [pakwheels_full] INFO: Found 25 listings on https://www.pakwheels.com/used-cars/search/-/?sortby=model_year-desc&page=1535
2026-07-26 04:14:48 [scrapy.extensions.logstats] INFO: Crawled 28041 pages (at 159 pages/min), scraped 26506 items (at 151 items/min)
2026-07-26 04:14:51 [pakwheels_full] INFO: Found 25 listings on https://www.pakwheels.com/used-cars/search/-/?sortby=model_year-desc&page=1536
2026-07-26 04:14:58 [pakwheels_full] INFO: Found 25 listings on https://www.pakwheels.com/used-cars/search/-/?sortby=model_year-desc&page=1537
2026-07-26 04:15:05 [pakwheels_full] INFO: Found 25 listings on https://www.pakwheels.com/used-cars/search/-/?sortby=model_year-desc&page=1538
2026-07-26 04:15:13 [pakwheels_full] INFO: Found 25 listings on https://www.pakwheels.com/used-cars/search/-/?sortby=model_year-desc&page=1539
2026-07-26 04:15:20 [pakwheels_full] INFO: Found 25 listings on https://www.pakwheels.com/used-cars/search/-/?sortby=model_year-desc&page=1540
2026-07-26 04:15:25 [pakwheels_full] INFO: Found 25 listings on https://www.pakwheels.com/used-cars/search/-/?sortby=model_year-desc&page=1541
2026-07-26 04:15:32 [pakwheels_full] INFO: Found 25 listings on https://www.pakwheels.com/used-cars/search/-/?sortby=model_year-desc&page=1542
2026-07-26 04:15:38 [pakwheels_full] INFO: Found 25 listings on https://www.pakwheels.com/used-cars/search/-/?sortby=model_year-desc&page=1543
2026-07-26 04:15:45 [pakwheels_full] INFO: Found 25 listings on https://www.pakwheels.com/used-cars/search/-/?sortby=model_year-desc&page=1544
2026-07-26 04:15:48 [scrapy.extensions.logstats] INFO: Crawled 28206 pages (at 165 pages/min), scraped 26661 items (at 155 items/min)
2026-07-26 04:15:52 [pakwheels_full] INFO: Found 25 listings on https://www.pakwheels.com/used-cars/search/-/?sortby=model_year-desc&page=1545
2026-07-26 04:15:59 [pakwheels_full] INFO: Found 25 listings on https://www.pakwheels.com/used-cars/search/-/?sortby=model_year-desc&page=1546
2026-07-26 04:16:05 [pakwheels_full] INFO: Found 25 listings on https://www.pakwheels.com/used-cars/search/-/?sortby=model_year-desc&page=1547
2026-07-26 04:16:13 [pakwheels_full] INFO: Found 25 listings on https://www.pakwheels.com/used-cars/search/-/?sortby=model_year-desc&page=1548
2026-07-26 04:16:20 [pakwheels_full] INFO: Found 25 listings on https://www.pakwheels.com/used-cars/search/-/?sortby=model_year-desc&page=1549
2026-07-26 04:16:26 [pakwheels_full] INFO: Found 25 listings on https://www.pakwheels.com/used-cars/search/-/?sortby=model_year-desc&page=1550
2026-07-26 04:16:34 [pakwheels_full] INFO: Found 25 listings on https://www.pakwheels.com/used-cars/search/-/?sortby=model_year-desc&page=1551
2026-07-26 04:16:40 [pakwheels_full] INFO: Found 25 listings on https://www.pakwheels.com/used-cars/search/-/?sortby=model_year-desc&page=1552
2026-07-26 04:16:47 [pakwheels_full] INFO: Found 25 listings on https://www.pakwheels.com/used-cars/search/-/?sortby=model_year-desc&page=1553
2026-07-26 04:16:48 [scrapy.extensions.logstats] INFO: Crawled 28369 pages (at 163 pages/min), scraped 26815 items (at 154 items/min)
2026-07-26 04:16:54 [pakwheels_full] INFO: Found 25 listings on https://www.pakwheels.com/used-cars/search/-/?sortby=model_year-desc&page=1554
2026-07-26 04:17:00 [pakwheels_full] INFO: Found 25 listings on https://www.pakwheels.com/used-cars/search/-/?sortby=model_year-desc&page=1555
2026-07-26 04:17:08 [pakwheels_full] INFO: Found 25 listings on https://www.pakwheels.com/used-cars/search/-/?sortby=model_year-desc&page=1556
2026-07-26 04:17:15 [pakwheels_full] INFO: Found 25 listings on https://www.pakwheels.com/used-cars/search/-/?sortby=model_year-desc&page=1557
2026-07-26 04:17:21 [pakwheels_full] INFO: Found 25 listings on https://www.pakwheels.com/used-cars/search/-/?sortby=model_year-desc&page=1558
2026-07-26 04:17:28 [pakwheels_full] INFO: Found 25 listings on https://www.pakwheels.com/used-cars/search/-/?sortby=model_year-desc&page=1559
2026-07-26 04:17:36 [pakwheels_full] INFO: Found 25 listings on https://www.pakwheels.com/used-cars/search/-/?sortby=model_year-desc&page=1560
2026-07-26 04:17:41 [dealwheel_scraper.extractors] WARNING: No usable JSON-LD found on https://www.pakwheels.com/used-cars/porsche-cayenne-2016-for-sale-in-karachi-11532526 — falling back to spec-list/meta-description.
2026-07-26 04:17:42 [pakwheels_full] INFO: Found 25 listings on https://www.pakwheels.com/used-cars/search/-/?sortby=model_year-desc&page=1561
2026-07-26 04:17:48 [scrapy.extensions.logstats] INFO: Crawled 28529 pages (at 160 pages/min), scraped 26968 items (at 153 items/min)
2026-07-26 04:17:49 [pakwheels_full] INFO: Found 25 listings on https://www.pakwheels.com/used-cars/search/-/?sortby=model_year-desc&page=1562
2026-07-26 04:17:56 [pakwheels_full] INFO: Found 25 listings on https://www.pakwheels.com/used-cars/search/-/?sortby=model_year-desc&page=1563
2026-07-26 04:18:02 [pakwheels_full] INFO: Found 25 listings on https://www.pakwheels.com/used-cars/search/-/?sortby=model_year-desc&page=1564
2026-07-26 04:18:07 [pakwheels_full] INFO: Found 25 listings on https://www.pakwheels.com/used-cars/search/-/?sortby=model_year-desc&page=1565
2026-07-26 04:18:14 [pakwheels_full] INFO: Found 25 listings on https://www.pakwheels.com/used-cars/search/-/?sortby=model_year-desc&page=1566
2026-07-26 04:18:20 [pakwheels_full] INFO: Found 25 listings on https://www.pakwheels.com/used-cars/search/-/?sortby=model_year-desc&page=1567
2026-07-26 04:18:27 [pakwheels_full] INFO: Found 25 listings on https://www.pakwheels.com/used-cars/search/-/?sortby=model_year-desc&page=1568
2026-07-26 04:18:34 [pakwheels_full] INFO: Found 25 listings on https://www.pakwheels.com/used-cars/search/-/?sortby=model_year-desc&page=1569
2026-07-26 04:18:41 [pakwheels_full] INFO: Found 25 listings on https://www.pakwheels.com/used-cars/search/-/?sortby=model_year-desc&page=1570
2026-07-26 04:18:48 [pakwheels_full] INFO: Found 25 listings on https://www.pakwheels.com/used-cars/search/-/?sortby=model_year-desc&page=1571
2026-07-26 04:18:48 [scrapy.extensions.logstats] INFO: Crawled 28694 pages (at 165 pages/min), scraped 27123 items (at 155 items/min)
2026-07-26 04:18:54 [pakwheels_full] INFO: Found 25 listings on https://www.pakwheels.com/used-cars/search/-/?sortby=model_year-desc&page=1572
2026-07-26 04:19:00 [pakwheels_full] INFO: Found 25 listings on https://www.pakwheels.com/used-cars/search/-/?sortby=model_year-desc&page=1573
2026-07-26 04:19:06 [pakwheels_full] INFO: Found 25 listings on https://www.pakwheels.com/used-cars/search/-/?sortby=model_year-desc&page=1574
2026-07-26 04:19:13 [pakwheels_full] INFO: Found 25 listings on https://www.pakwheels.com/used-cars/search/-/?sortby=model_year-desc&page=1575
2026-07-26 04:19:19 [pakwheels_full] INFO: Found 25 listings on https://www.pakwheels.com/used-cars/search/-/?sortby=model_year-desc&page=1576
2026-07-26 04:19:26 [pakwheels_full] INFO: Found 25 listings on https://www.pakwheels.com/used-cars/search/-/?sortby=model_year-desc&page=1577
2026-07-26 04:19:34 [pakwheels_full] INFO: Found 25 listings on https://www.pakwheels.com/used-cars/search/-/?sortby=model_year-desc&page=1578
2026-07-26 04:19:42 [pakwheels_full] INFO: Found 25 listings on https://www.pakwheels.com/used-cars/search/-/?sortby=model_year-desc&page=1579
2026-07-26 04:19:48 [scrapy.extensions.logstats] INFO: Crawled 28851 pages (at 157 pages/min), scraped 27272 items (at 149 items/min)
2026-07-26 04:19:49 [pakwheels_full] INFO: Found 25 listings on https://www.pakwheels.com/used-cars/search/-/?sortby=model_year-desc&page=1580
2026-07-26 04:19:55 [pakwheels_full] INFO: Found 25 listings on https://www.pakwheels.com/used-cars/search/-/?sortby=model_year-desc&page=1581
2026-07-26 04:20:02 [pakwheels_full] INFO: Found 25 listings on https://www.pakwheels.com/used-cars/search/-/?sortby=model_year-desc&page=1582
2026-07-26 04:20:09 [pakwheels_full] INFO: Found 25 listings on https://www.pakwheels.com/used-cars/search/-/?sortby=model_year-desc&page=1583
2026-07-26 04:20:16 [pakwheels_full] INFO: Found 25 listings on https://www.pakwheels.com/used-cars/search/-/?sortby=model_year-desc&page=1584
2026-07-26 04:20:22 [pakwheels_full] INFO: Found 25 listings on https://www.pakwheels.com/used-cars/search/-/?sortby=model_year-desc&page=1585
2026-07-26 04:20:29 [pakwheels_full] INFO: Found 25 listings on https://www.pakwheels.com/used-cars/search/-/?sortby=model_year-desc&page=1586
2026-07-26 04:20:35 [pakwheels_full] INFO: Found 25 listings on https://www.pakwheels.com/used-cars/search/-/?sortby=model_year-desc&page=1587
2026-07-26 04:20:41 [pakwheels_full] INFO: Found 25 listings on https://www.pakwheels.com/used-cars/search/-/?sortby=model_year-desc&page=1588
2026-07-26 04:20:48 [scrapy.extensions.logstats] INFO: Crawled 29020 pages (at 169 pages/min), scraped 27432 items (at 160 items/min)
2026-07-26 04:20:49 [pakwheels_full] INFO: Found 25 listings on https://www.pakwheels.com/used-cars/search/-/?sortby=model_year-desc&page=1589
2026-07-26 04:20:56 [pakwheels_full] INFO: Found 25 listings on https://www.pakwheels.com/used-cars/search/-/?sortby=model_year-desc&page=1590
2026-07-26 04:21:02 [pakwheels_full] INFO: Found 25 listings on https://www.pakwheels.com/used-cars/search/-/?sortby=model_year-desc&page=1591
2026-07-26 04:21:08 [pakwheels_full] INFO: Found 25 listings on https://www.pakwheels.com/used-cars/search/-/?sortby=model_year-desc&page=1592
2026-07-26 04:21:15 [pakwheels_full] INFO: Found 25 listings on https://www.pakwheels.com/used-cars/search/-/?sortby=model_year-desc&page=1593
2026-07-26 04:21:22 [pakwheels_full] INFO: Found 25 listings on https://www.pakwheels.com/used-cars/search/-/?sortby=model_year-desc&page=1594
2026-07-26 04:21:29 [pakwheels_full] INFO: Found 25 listings on https://www.pakwheels.com/used-cars/search/-/?sortby=model_year-desc&page=1595
2026-07-26 04:21:35 [pakwheels_full] INFO: Found 25 listings on https://www.pakwheels.com/used-cars/search/-/?sortby=model_year-desc&page=1596
2026-07-26 04:21:41 [pakwheels_full] INFO: Found 25 listings on https://www.pakwheels.com/used-cars/search/-/?sortby=model_year-desc&page=1597
2026-07-26 04:21:47 [pakwheels_full] INFO: Found 25 listings on https://www.pakwheels.com/used-cars/search/-/?sortby=model_year-desc&page=1598
2026-07-26 04:21:48 [scrapy.extensions.logstats] INFO: Crawled 29189 pages (at 169 pages/min), scraped 27591 items (at 159 items/min)
2026-07-26 04:21:54 [pakwheels_full] INFO: Found 25 listings on https://www.pakwheels.com/used-cars/search/-/?sortby=model_year-desc&page=1599
2026-07-26 04:22:02 [pakwheels_full] INFO: Found 25 listings on https://www.pakwheels.com/used-cars/search/-/?sortby=model_year-desc&page=1600
2026-07-26 04:22:08 [pakwheels_full] INFO: Found 25 listings on https://www.pakwheels.com/used-cars/search/-/?sortby=model_year-desc&page=1601
2026-07-26 04:22:15 [pakwheels_full] INFO: Found 25 listings on https://www.pakwheels.com/used-cars/search/-/?sortby=model_year-desc&page=1602
2026-07-26 04:22:21 [pakwheels_full] INFO: Found 25 listings on https://www.pakwheels.com/used-cars/search/-/?sortby=model_year-desc&page=1603
2026-07-26 04:22:28 [pakwheels_full] INFO: Found 25 listings on https://www.pakwheels.com/used-cars/search/-/?sortby=model_year-desc&page=1604
2026-07-26 04:22:36 [pakwheels_full] INFO: Found 25 listings on https://www.pakwheels.com/used-cars/search/-/?sortby=model_year-desc&page=1605
2026-07-26 04:22:42 [pakwheels_full] INFO: Found 25 listings on https://www.pakwheels.com/used-cars/search/-/?sortby=model_year-desc&page=1606
2026-07-26 04:22:48 [scrapy.extensions.logstats] INFO: Crawled 29358 pages (at 169 pages/min), scraped 27750 items (at 159 items/min)
2026-07-26 04:22:48 [pakwheels_full] INFO: Found 25 listings on https://www.pakwheels.com/used-cars/search/-/?sortby=model_year-desc&page=1607
2026-07-26 04:22:54 [pakwheels_full] INFO: Found 25 listings on https://www.pakwheels.com/used-cars/search/-/?sortby=model_year-desc&page=1608
2026-07-26 04:23:01 [pakwheels_full] INFO: Found 25 listings on https://www.pakwheels.com/used-cars/search/-/?sortby=model_year-desc&page=1609
2026-07-26 04:23:09 [pakwheels_full] INFO: Found 25 listings on https://www.pakwheels.com/used-cars/search/-/?sortby=model_year-desc&page=1610
2026-07-26 04:23:16 [pakwheels_full] INFO: Found 25 listings on https://www.pakwheels.com/used-cars/search/-/?sortby=model_year-desc&page=1611
2026-07-26 04:23:23 [pakwheels_full] INFO: Found 25 listings on https://www.pakwheels.com/used-cars/search/-/?sortby=model_year-desc&page=1612
2026-07-26 04:23:30 [pakwheels_full] INFO: Found 25 listings on https://www.pakwheels.com/used-cars/search/-/?sortby=model_year-desc&page=1613
2026-07-26 04:23:36 [pakwheels_full] INFO: Found 25 listings on https://www.pakwheels.com/used-cars/search/-/?sortby=model_year-desc&page=1614
2026-07-26 04:23:41 [pakwheels_full] INFO: Found 25 listings on https://www.pakwheels.com/used-cars/search/-/?sortby=model_year-desc&page=1615
2026-07-26 04:23:48 [pakwheels_full] INFO: Found 25 listings on https://www.pakwheels.com/used-cars/search/-/?sortby=model_year-desc&page=1616
2026-07-26 04:23:48 [scrapy.extensions.logstats] INFO: Crawled 29522 pages (at 164 pages/min), scraped 27906 items (at 156 items/min)
2026-07-26 04:23:56 [pakwheels_full] INFO: Found 25 listings on https://www.pakwheels.com/used-cars/search/-/?sortby=model_year-desc&page=1617
2026-07-26 04:24:03 [pakwheels_full] INFO: Found 25 listings on https://www.pakwheels.com/used-cars/search/-/?sortby=model_year-desc&page=1618
2026-07-26 04:24:09 [pakwheels_full] INFO: Found 25 listings on https://www.pakwheels.com/used-cars/search/-/?sortby=model_year-desc&page=1619
2026-07-26 04:24:16 [pakwheels_full] INFO: Found 25 listings on https://www.pakwheels.com/used-cars/search/-/?sortby=model_year-desc&page=1620
2026-07-26 04:24:22 [pakwheels_full] INFO: Found 25 listings on https://www.pakwheels.com/used-cars/search/-/?sortby=model_year-desc&page=1621
2026-07-26 04:24:29 [pakwheels_full] INFO: Found 25 listings on https://www.pakwheels.com/used-cars/search/-/?sortby=model_year-desc&page=1622
2026-07-26 04:24:35 [pakwheels_full] INFO: Found 25 listings on https://www.pakwheels.com/used-cars/search/-/?sortby=model_year-desc&page=1623
2026-07-26 04:24:44 [pakwheels_full] INFO: Found 25 listings on https://www.pakwheels.com/used-cars/search/-/?sortby=model_year-desc&page=1624
2026-07-26 04:24:48 [scrapy.extensions.logstats] INFO: Crawled 29693 pages (at 171 pages/min), scraped 28069 items (at 163 items/min)
2026-07-26 04:24:51 [pakwheels_full] INFO: Found 25 listings on https://www.pakwheels.com/used-cars/search/-/?sortby=model_year-desc&page=1625
2026-07-26 04:24:57 [pakwheels_full] INFO: Found 25 listings on https://www.pakwheels.com/used-cars/search/-/?sortby=model_year-desc&page=1626
2026-07-26 04:25:06 [pakwheels_full] INFO: Found 25 listings on https://www.pakwheels.com/used-cars/search/-/?sortby=model_year-desc&page=1627
2026-07-26 04:25:13 [pakwheels_full] INFO: Found 25 listings on https://www.pakwheels.com/used-cars/search/-/?sortby=model_year-desc&page=1628
2026-07-26 04:25:20 [pakwheels_full] INFO: Found 25 listings on https://www.pakwheels.com/used-cars/search/-/?sortby=model_year-desc&page=1629
2026-07-26 04:25:26 [pakwheels_full] INFO: Found 25 listings on https://www.pakwheels.com/used-cars/search/-/?sortby=model_year-desc&page=1630
2026-07-26 04:25:32 [pakwheels_full] INFO: Found 25 listings on https://www.pakwheels.com/used-cars/search/-/?sortby=model_year-desc&page=1631
2026-07-26 04:25:38 [pakwheels_full] INFO: Found 25 listings on https://www.pakwheels.com/used-cars/search/-/?sortby=model_year-desc&page=1632
2026-07-26 04:25:44 [pakwheels_full] INFO: Found 25 listings on https://www.pakwheels.com/used-cars/search/-/?sortby=model_year-desc&page=1633
2026-07-26 04:25:48 [scrapy.extensions.logstats] INFO: Crawled 29857 pages (at 164 pages/min), scraped 28223 items (at 154 items/min)
2026-07-26 04:25:53 [pakwheels_full] INFO: Found 25 listings on https://www.pakwheels.com/used-cars/search/-/?sortby=model_year-desc&page=1634
2026-07-26 04:25:59 [pakwheels_full] INFO: Found 25 listings on https://www.pakwheels.com/used-cars/search/-/?sortby=model_year-desc&page=1635
2026-07-26 04:26:06 [pakwheels_full] INFO: Found 25 listings on https://www.pakwheels.com/used-cars/search/-/?sortby=model_year-desc&page=1636
2026-07-26 04:26:14 [pakwheels_full] INFO: Found 25 listings on https://www.pakwheels.com/used-cars/search/-/?sortby=model_year-desc&page=1637
2026-07-26 04:26:21 [pakwheels_full] INFO: Found 25 listings on https://www.pakwheels.com/used-cars/search/-/?sortby=model_year-desc&page=1638
2026-07-26 04:26:28 [pakwheels_full] INFO: Found 25 listings on https://www.pakwheels.com/used-cars/search/-/?sortby=model_year-desc&page=1639
2026-07-26 04:26:33 [pakwheels_full] INFO: Found 25 listings on https://www.pakwheels.com/used-cars/search/-/?sortby=model_year-desc&page=1640
2026-07-26 04:26:40 [pakwheels_full] INFO: Found 25 listings on https://www.pakwheels.com/used-cars/search/-/?sortby=model_year-desc&page=1641
2026-07-26 04:26:47 [pakwheels_full] INFO: Found 25 listings on https://www.pakwheels.com/used-cars/search/-/?sortby=model_year-desc&page=1642
2026-07-26 04:26:48 [scrapy.extensions.logstats] INFO: Crawled 30022 pages (at 165 pages/min), scraped 28380 items (at 157 items/min)
2026-07-26 04:26:54 [pakwheels_full] INFO: Found 25 listings on https://www.pakwheels.com/used-cars/search/-/?sortby=model_year-desc&page=1643
2026-07-26 04:27:00 [pakwheels_full] INFO: Found 25 listings on https://www.pakwheels.com/used-cars/search/-/?sortby=model_year-desc&page=1644
2026-07-26 04:27:07 [pakwheels_full] INFO: Found 25 listings on https://www.pakwheels.com/used-cars/search/-/?sortby=model_year-desc&page=1645
2026-07-26 04:27:14 [pakwheels_full] INFO: Found 25 listings on https://www.pakwheels.com/used-cars/search/-/?sortby=model_year-desc&page=1646
2026-07-26 04:27:22 [pakwheels_full] INFO: Found 25 listings on https://www.pakwheels.com/used-cars/search/-/?sortby=model_year-desc&page=1647
2026-07-26 04:27:28 [pakwheels_full] INFO: Found 25 listings on https://www.pakwheels.com/used-cars/search/-/?sortby=model_year-desc&page=1648
2026-07-26 04:27:35 [pakwheels_full] INFO: Found 25 listings on https://www.pakwheels.com/used-cars/search/-/?sortby=model_year-desc&page=1649
2026-07-26 04:27:42 [pakwheels_full] INFO: Found 25 listings on https://www.pakwheels.com/used-cars/search/-/?sortby=model_year-desc&page=1650
2026-07-26 04:27:48 [scrapy.extensions.logstats] INFO: Crawled 30186 pages (at 164 pages/min), scraped 28536 items (at 156 items/min)
2026-07-26 04:27:48 [pakwheels_full] INFO: Found 25 listings on https://www.pakwheels.com/used-cars/search/-/?sortby=model_year-desc&page=1651
2026-07-26 04:27:55 [pakwheels_full] INFO: Found 25 listings on https://www.pakwheels.com/used-cars/search/-/?sortby=model_year-desc&page=1652
2026-07-26 04:28:02 [pakwheels_full] INFO: Found 25 listings on https://www.pakwheels.com/used-cars/search/-/?sortby=model_year-desc&page=1653
2026-07-26 04:28:09 [pakwheels_full] INFO: Found 25 listings on https://www.pakwheels.com/used-cars/search/-/?sortby=model_year-desc&page=1654
2026-07-26 04:28:15 [pakwheels_full] INFO: Found 25 listings on https://www.pakwheels.com/used-cars/search/-/?sortby=model_year-desc&page=1655
2026-07-26 04:28:24 [pakwheels_full] INFO: Found 25 listings on https://www.pakwheels.com/used-cars/search/-/?sortby=model_year-desc&page=1656
2026-07-26 04:28:31 [pakwheels_full] INFO: Found 25 listings on https://www.pakwheels.com/used-cars/search/-/?sortby=model_year-desc&page=1657
2026-07-26 04:28:37 [pakwheels_full] INFO: Found 25 listings on https://www.pakwheels.com/used-cars/search/-/?sortby=model_year-desc&page=1658
2026-07-26 04:28:43 [pakwheels_full] INFO: Found 25 listings on https://www.pakwheels.com/used-cars/search/-/?sortby=model_year-desc&page=1659
2026-07-26 04:28:48 [scrapy.extensions.logstats] INFO: Crawled 30351 pages (at 165 pages/min), scraped 28692 items (at 156 items/min)
2026-07-26 04:28:49 [pakwheels_full] INFO: Found 25 listings on https://www.pakwheels.com/used-cars/search/-/?sortby=model_year-desc&page=1660
2026-07-26 04:28:57 [pakwheels_full] INFO: Found 25 listings on https://www.pakwheels.com/used-cars/search/-/?sortby=model_year-desc&page=1661
2026-07-26 04:29:05 [pakwheels_full] INFO: Found 25 listings on https://www.pakwheels.com/used-cars/search/-/?sortby=model_year-desc&page=1662
2026-07-26 04:29:11 [pakwheels_full] INFO: Found 25 listings on https://www.pakwheels.com/used-cars/search/-/?sortby=model_year-desc&page=1663
2026-07-26 04:29:18 [pakwheels_full] INFO: Found 25 listings on https://www.pakwheels.com/used-cars/search/-/?sortby=model_year-desc&page=1664
2026-07-26 04:29:23 [pakwheels_full] INFO: Found 25 listings on https://www.pakwheels.com/used-cars/search/-/?sortby=model_year-desc&page=1665
2026-07-26 04:29:29 [pakwheels_full] INFO: Found 25 listings on https://www.pakwheels.com/used-cars/search/-/?sortby=model_year-desc&page=1666
2026-07-26 04:29:36 [pakwheels_full] INFO: Found 25 listings on https://www.pakwheels.com/used-cars/search/-/?sortby=model_year-desc&page=1667
2026-07-26 04:29:43 [pakwheels_full] INFO: Found 25 listings on https://www.pakwheels.com/used-cars/search/-/?sortby=model_year-desc&page=1668
2026-07-26 04:29:48 [scrapy.extensions.logstats] INFO: Crawled 30520 pages (at 169 pages/min), scraped 28852 items (at 160 items/min)
2026-07-26 04:29:49 [pakwheels_full] INFO: Found 25 listings on https://www.pakwheels.com/used-cars/search/-/?sortby=model_year-desc&page=1669
2026-07-26 04:29:56 [pakwheels_full] INFO: Found 25 listings on https://www.pakwheels.com/used-cars/search/-/?sortby=model_year-desc&page=1670
2026-07-26 04:30:03 [pakwheels_full] INFO: Found 25 listings on https://www.pakwheels.com/used-cars/search/-/?sortby=model_year-desc&page=1671
2026-07-26 04:30:08 [dealwheel_scraper.extractors] WARNING: No usable JSON-LD found on https://www.pakwheels.com/used-cars/porsche-cayenne-2015-for-sale-in-karachi-11627756 — falling back to spec-list/meta-description.
2026-07-26 04:30:10 [pakwheels_full] INFO: Found 25 listings on https://www.pakwheels.com/used-cars/search/-/?sortby=model_year-desc&page=1672
2026-07-26 04:30:17 [pakwheels_full] INFO: Found 25 listings on https://www.pakwheels.com/used-cars/search/-/?sortby=model_year-desc&page=1673
2026-07-26 04:30:24 [pakwheels_full] INFO: Found 25 listings on https://www.pakwheels.com/used-cars/search/-/?sortby=model_year-desc&page=1674
2026-07-26 04:30:31 [pakwheels_full] INFO: Found 25 listings on https://www.pakwheels.com/used-cars/search/-/?sortby=model_year-desc&page=1675
2026-07-26 04:30:38 [pakwheels_full] INFO: Found 25 listings on https://www.pakwheels.com/used-cars/search/-/?sortby=model_year-desc&page=1676
2026-07-26 04:30:45 [pakwheels_full] INFO: Found 25 listings on https://www.pakwheels.com/used-cars/search/-/?sortby=model_year-desc&page=1677
2026-07-26 04:30:48 [scrapy.extensions.logstats] INFO: Crawled 30682 pages (at 162 pages/min), scraped 29005 items (at 153 items/min)
2026-07-26 04:30:53 [pakwheels_full] INFO: Found 25 listings on https://www.pakwheels.com/used-cars/search/-/?sortby=model_year-desc&page=1678
2026-07-26 04:30:59 [pakwheels_full] INFO: Found 25 listings on https://www.pakwheels.com/used-cars/search/-/?sortby=model_year-desc&page=1679
2026-07-26 04:31:05 [pakwheels_full] INFO: Found 25 listings on https://www.pakwheels.com/used-cars/search/-/?sortby=model_year-desc&page=1680
2026-07-26 04:31:12 [pakwheels_full] INFO: Found 25 listings on https://www.pakwheels.com/used-cars/search/-/?sortby=model_year-desc&page=1681
2026-07-26 04:31:18 [pakwheels_full] INFO: Found 25 listings on https://www.pakwheels.com/used-cars/search/-/?sortby=model_year-desc&page=1682
2026-07-26 04:31:25 [pakwheels_full] INFO: Found 25 listings on https://www.pakwheels.com/used-cars/search/-/?sortby=model_year-desc&page=1683
2026-07-26 04:31:30 [pakwheels_full] INFO: Found 25 listings on https://www.pakwheels.com/used-cars/search/-/?sortby=model_year-desc&page=1684
2026-07-26 04:31:37 [pakwheels_full] INFO: Found 25 listings on https://www.pakwheels.com/used-cars/search/-/?sortby=model_year-desc&page=1685
2026-07-26 04:31:43 [pakwheels_full] INFO: Found 25 listings on https://www.pakwheels.com/used-cars/search/-/?sortby=model_year-desc&page=1686
2026-07-26 04:31:48 [scrapy.extensions.logstats] INFO: Crawled 30854 pages (at 172 pages/min), scraped 29168 items (at 163 items/min)
2026-07-26 04:31:50 [pakwheels_full] INFO: Found 25 listings on https://www.pakwheels.com/used-cars/search/-/?sortby=model_year-desc&page=1687
2026-07-26 04:31:56 [pakwheels_full] INFO: Found 25 listings on https://www.pakwheels.com/used-cars/search/-/?sortby=model_year-desc&page=1688
2026-07-26 04:32:02 [pakwheels_full] INFO: Found 25 listings on https://www.pakwheels.com/used-cars/search/-/?sortby=model_year-desc&page=1689
2026-07-26 04:32:09 [pakwheels_full] INFO: Found 25 listings on https://www.pakwheels.com/used-cars/search/-/?sortby=model_year-desc&page=1690
2026-07-26 04:32:14 [pakwheels_full] INFO: Found 25 listings on https://www.pakwheels.com/used-cars/search/-/?sortby=model_year-desc&page=1691
2026-07-26 04:32:21 [pakwheels_full] INFO: Found 25 listings on https://www.pakwheels.com/used-cars/search/-/?sortby=model_year-desc&page=1692
2026-07-26 04:32:27 [pakwheels_full] INFO: Found 25 listings on https://www.pakwheels.com/used-cars/search/-/?sortby=model_year-desc&page=1693
2026-07-26 04:32:33 [pakwheels_full] INFO: Found 25 listings on https://www.pakwheels.com/used-cars/search/-/?sortby=model_year-desc&page=1694
2026-07-26 04:32:40 [pakwheels_full] INFO: Found 25 listings on https://www.pakwheels.com/used-cars/search/-/?sortby=model_year-desc&page=1695
2026-07-26 04:32:47 [pakwheels_full] INFO: Found 25 listings on https://www.pakwheels.com/used-cars/search/-/?sortby=model_year-desc&page=1696
2026-07-26 04:32:48 [scrapy.extensions.logstats] INFO: Crawled 31025 pages (at 171 pages/min), scraped 29329 items (at 161 items/min)
2026-07-26 04:32:53 [pakwheels_full] INFO: Found 25 listings on https://www.pakwheels.com/used-cars/search/-/?sortby=model_year-desc&page=1697
2026-07-26 04:32:59 [pakwheels_full] INFO: Found 25 listings on https://www.pakwheels.com/used-cars/search/-/?sortby=model_year-desc&page=1698
2026-07-26 04:33:05 [pakwheels_full] INFO: Found 25 listings on https://www.pakwheels.com/used-cars/search/-/?sortby=model_year-desc&page=1699
2026-07-26 04:33:12 [pakwheels_full] INFO: Found 25 listings on https://www.pakwheels.com/used-cars/search/-/?sortby=model_year-desc&page=1700
2026-07-26 04:33:20 [pakwheels_full] INFO: Found 25 listings on https://www.pakwheels.com/used-cars/search/-/?sortby=model_year-desc&page=1701
2026-07-26 04:33:27 [pakwheels_full] INFO: Found 25 listings on https://www.pakwheels.com/used-cars/search/-/?sortby=model_year-desc&page=1702
2026-07-26 04:33:34 [pakwheels_full] INFO: Found 25 listings on https://www.pakwheels.com/used-cars/search/-/?sortby=model_year-desc&page=1703
2026-07-26 04:33:41 [pakwheels_full] INFO: Found 25 listings on https://www.pakwheels.com/used-cars/search/-/?sortby=model_year-desc&page=1704
2026-07-26 04:33:47 [pakwheels_full] INFO: Found 25 listings on https://www.pakwheels.com/used-cars/search/-/?sortby=model_year-desc&page=1705
2026-07-26 04:33:48 [scrapy.extensions.logstats] INFO: Crawled 31196 pages (at 171 pages/min), scraped 29491 items (at 162 items/min)
2026-07-26 04:33:53 [pakwheels_full] INFO: Found 25 listings on https://www.pakwheels.com/used-cars/search/-/?sortby=model_year-desc&page=1706
2026-07-26 04:33:59 [pakwheels_full] INFO: Found 25 listings on https://www.pakwheels.com/used-cars/search/-/?sortby=model_year-desc&page=1707
2026-07-26 04:34:05 [pakwheels_full] INFO: Found 25 listings on https://www.pakwheels.com/used-cars/search/-/?sortby=model_year-desc&page=1708
2026-07-26 04:34:11 [pakwheels_full] INFO: Found 25 listings on https://www.pakwheels.com/used-cars/search/-/?sortby=model_year-desc&page=1709
2026-07-26 04:34:17 [pakwheels_full] INFO: Found 25 listings on https://www.pakwheels.com/used-cars/search/-/?sortby=model_year-desc&page=1710
2026-07-26 04:34:23 [pakwheels_full] INFO: Found 25 listings on https://www.pakwheels.com/used-cars/search/-/?sortby=model_year-desc&page=1711
2026-07-26 04:34:29 [pakwheels_full] INFO: Found 25 listings on https://www.pakwheels.com/used-cars/search/-/?sortby=model_year-desc&page=1712
2026-07-26 04:34:36 [pakwheels_full] INFO: Found 25 listings on https://www.pakwheels.com/used-cars/search/-/?sortby=model_year-desc&page=1713
2026-07-26 04:34:43 [pakwheels_full] INFO: Found 25 listings on https://www.pakwheels.com/used-cars/search/-/?sortby=model_year-desc&page=1714
2026-07-26 04:34:48 [scrapy.extensions.logstats] INFO: Crawled 31374 pages (at 178 pages/min), scraped 29660 items (at 169 items/min)
2026-07-26 04:34:49 [pakwheels_full] INFO: Found 25 listings on https://www.pakwheels.com/used-cars/search/-/?sortby=model_year-desc&page=1715
2026-07-26 04:34:57 [pakwheels_full] INFO: Found 25 listings on https://www.pakwheels.com/used-cars/search/-/?sortby=model_year-desc&page=1716
2026-07-26 04:35:03 [pakwheels_full] INFO: Found 25 listings on https://www.pakwheels.com/used-cars/search/-/?sortby=model_year-desc&page=1717
2026-07-26 04:35:09 [pakwheels_full] INFO: Found 25 listings on https://www.pakwheels.com/used-cars/search/-/?sortby=model_year-desc&page=1718
2026-07-26 04:35:16 [pakwheels_full] INFO: Found 25 listings on https://www.pakwheels.com/used-cars/search/-/?sortby=model_year-desc&page=1719
2026-07-26 04:35:22 [pakwheels_full] INFO: Found 25 listings on https://www.pakwheels.com/used-cars/search/-/?sortby=model_year-desc&page=1720
2026-07-26 04:35:28 [pakwheels_full] INFO: Found 25 listings on https://www.pakwheels.com/used-cars/search/-/?sortby=model_year-desc&page=1721
2026-07-26 04:35:34 [pakwheels_full] INFO: Found 25 listings on https://www.pakwheels.com/used-cars/search/-/?sortby=model_year-desc&page=1722
2026-07-26 04:35:40 [pakwheels_full] INFO: Found 25 listings on https://www.pakwheels.com/used-cars/search/-/?sortby=model_year-desc&page=1723
2026-07-26 04:35:46 [pakwheels_full] INFO: Found 25 listings on https://www.pakwheels.com/used-cars/search/-/?sortby=model_year-desc&page=1724
2026-07-26 04:35:48 [scrapy.extensions.logstats] INFO: Crawled 31545 pages (at 171 pages/min), scraped 29820 items (at 160 items/min)
2026-07-26 04:35:52 [pakwheels_full] INFO: Found 25 listings on https://www.pakwheels.com/used-cars/search/-/?sortby=model_year-desc&page=1725
2026-07-26 04:35:58 [pakwheels_full] INFO: Found 25 listings on https://www.pakwheels.com/used-cars/search/-/?sortby=model_year-desc&page=1726
2026-07-26 04:36:05 [pakwheels_full] INFO: Found 25 listings on https://www.pakwheels.com/used-cars/search/-/?sortby=model_year-desc&page=1727
2026-07-26 04:36:11 [pakwheels_full] INFO: Found 25 listings on https://www.pakwheels.com/used-cars/search/-/?sortby=model_year-desc&page=1728
2026-07-26 04:36:17 [pakwheels_full] INFO: Found 25 listings on https://www.pakwheels.com/used-cars/search/-/?sortby=model_year-desc&page=1729
2026-07-26 04:36:23 [pakwheels_full] INFO: Found 25 listings on https://www.pakwheels.com/used-cars/search/-/?sortby=model_year-desc&page=1730
2026-07-26 04:36:29 [pakwheels_full] INFO: Found 25 listings on https://www.pakwheels.com/used-cars/search/-/?sortby=model_year-desc&page=1731
2026-07-26 04:36:34 [pakwheels_full] INFO: Found 25 listings on https://www.pakwheels.com/used-cars/search/-/?sortby=model_year-desc&page=1732
2026-07-26 04:36:40 [pakwheels_full] INFO: Found 25 listings on https://www.pakwheels.com/used-cars/search/-/?sortby=model_year-desc&page=1733
2026-07-26 04:36:47 [pakwheels_full] INFO: Found 25 listings on https://www.pakwheels.com/used-cars/search/-/?sortby=model_year-desc&page=1734
2026-07-26 04:36:48 [scrapy.extensions.logstats] INFO: Crawled 31726 pages (at 181 pages/min), scraped 29991 items (at 171 items/min)
2026-07-26 04:36:53 [pakwheels_full] INFO: Found 25 listings on https://www.pakwheels.com/used-cars/search/-/?sortby=model_year-desc&page=1735
2026-07-26 04:37:00 [pakwheels_full] INFO: Found 25 listings on https://www.pakwheels.com/used-cars/search/-/?sortby=model_year-desc&page=1736
2026-07-26 04:37:06 [pakwheels_full] INFO: Found 25 listings on https://www.pakwheels.com/used-cars/search/-/?sortby=model_year-desc&page=1737
2026-07-26 04:37:13 [pakwheels_full] INFO: Found 25 listings on https://www.pakwheels.com/used-cars/search/-/?sortby=model_year-desc&page=1738
2026-07-26 04:37:19 [pakwheels_full] INFO: Found 25 listings on https://www.pakwheels.com/used-cars/search/-/?sortby=model_year-desc&page=1739
2026-07-26 04:37:25 [pakwheels_full] INFO: Found 25 listings on https://www.pakwheels.com/used-cars/search/-/?sortby=model_year-desc&page=1740
2026-07-26 04:37:31 [pakwheels_full] INFO: Found 25 listings on https://www.pakwheels.com/used-cars/search/-/?sortby=model_year-desc&page=1741
2026-07-26 04:37:38 [pakwheels_full] INFO: Found 25 listings on https://www.pakwheels.com/used-cars/search/-/?sortby=model_year-desc&page=1742
2026-07-26 04:37:44 [pakwheels_full] INFO: Found 25 listings on https://www.pakwheels.com/used-cars/search/-/?sortby=model_year-desc&page=1743
2026-07-26 04:37:48 [scrapy.extensions.logstats] INFO: Crawled 31902 pages (at 176 pages/min), scraped 30159 items (at 168 items/min)
2026-07-26 04:37:50 [pakwheels_full] INFO: Found 25 listings on https://www.pakwheels.com/used-cars/search/-/?sortby=model_year-desc&page=1744
2026-07-26 04:37:57 [pakwheels_full] INFO: Found 25 listings on https://www.pakwheels.com/used-cars/search/-/?sortby=model_year-desc&page=1745
2026-07-26 04:38:04 [pakwheels_full] INFO: Found 25 listings on https://www.pakwheels.com/used-cars/search/-/?sortby=model_year-desc&page=1746
2026-07-26 04:38:09 [pakwheels_full] INFO: Found 25 listings on https://www.pakwheels.com/used-cars/search/-/?sortby=model_year-desc&page=1747
2026-07-26 04:38:15 [pakwheels_full] INFO: Found 25 listings on https://www.pakwheels.com/used-cars/search/-/?sortby=model_year-desc&page=1748
2026-07-26 04:38:21 [pakwheels_full] INFO: Found 25 listings on https://www.pakwheels.com/used-cars/search/-/?sortby=model_year-desc&page=1749
2026-07-26 04:38:27 [pakwheels_full] INFO: Found 25 listings on https://www.pakwheels.com/used-cars/search/-/?sortby=model_year-desc&page=1750
2026-07-26 04:38:32 [pakwheels_full] INFO: Found 25 listings on https://www.pakwheels.com/used-cars/search/-/?sortby=model_year-desc&page=1751
2026-07-26 04:38:40 [pakwheels_full] INFO: Found 25 listings on https://www.pakwheels.com/used-cars/search/-/?sortby=model_year-desc&page=1752
2026-07-26 04:38:47 [pakwheels_full] INFO: Found 25 listings on https://www.pakwheels.com/used-cars/search/-/?sortby=model_year-desc&page=1753
2026-07-26 04:38:48 [scrapy.extensions.logstats] INFO: Crawled 32073 pages (at 171 pages/min), scraped 30319 items (at 160 items/min)
2026-07-26 04:38:54 [pakwheels_full] INFO: Found 25 listings on https://www.pakwheels.com/used-cars/search/-/?sortby=model_year-desc&page=1754
2026-07-26 04:39:00 [pakwheels_full] INFO: Found 25 listings on https://www.pakwheels.com/used-cars/search/-/?sortby=model_year-desc&page=1755
2026-07-26 04:39:05 [pakwheels_full] INFO: Found 25 listings on https://www.pakwheels.com/used-cars/search/-/?sortby=model_year-desc&page=1756
2026-07-26 04:39:11 [pakwheels_full] INFO: Found 25 listings on https://www.pakwheels.com/used-cars/search/-/?sortby=model_year-desc&page=1757
2026-07-26 04:39:17 [pakwheels_full] INFO: Found 25 listings on https://www.pakwheels.com/used-cars/search/-/?sortby=model_year-desc&page=1758
2026-07-26 04:39:23 [pakwheels_full] INFO: Found 25 listings on https://www.pakwheels.com/used-cars/search/-/?sortby=model_year-desc&page=1759
2026-07-26 04:39:29 [pakwheels_full] INFO: Found 25 listings on https://www.pakwheels.com/used-cars/search/-/?sortby=model_year-desc&page=1760
2026-07-26 04:39:35 [pakwheels_full] INFO: Found 25 listings on https://www.pakwheels.com/used-cars/search/-/?sortby=model_year-desc&page=1761
2026-07-26 04:39:41 [pakwheels_full] INFO: Found 25 listings on https://www.pakwheels.com/used-cars/search/-/?sortby=model_year-desc&page=1762
2026-07-26 04:39:46 [pakwheels_full] INFO: Found 25 listings on https://www.pakwheels.com/used-cars/search/-/?sortby=model_year-desc&page=1763
2026-07-26 04:39:48 [scrapy.extensions.logstats] INFO: Crawled 32251 pages (at 178 pages/min), scraped 30488 items (at 169 items/min)
2026-07-26 04:39:52 [pakwheels_full] INFO: Found 25 listings on https://www.pakwheels.com/used-cars/search/-/?sortby=model_year-desc&page=1764
2026-07-26 04:39:58 [pakwheels_full] INFO: Found 25 listings on https://www.pakwheels.com/used-cars/search/-/?sortby=model_year-desc&page=1765
2026-07-26 04:40:03 [pakwheels_full] INFO: Found 25 listings on https://www.pakwheels.com/used-cars/search/-/?sortby=model_year-desc&page=1766
2026-07-26 04:40:10 [pakwheels_full] INFO: Found 25 listings on https://www.pakwheels.com/used-cars/search/-/?sortby=model_year-desc&page=1767
2026-07-26 04:40:17 [pakwheels_full] INFO: Found 25 listings on https://www.pakwheels.com/used-cars/search/-/?sortby=model_year-desc&page=1768
2026-07-26 04:40:22 [pakwheels_full] INFO: Found 25 listings on https://www.pakwheels.com/used-cars/search/-/?sortby=model_year-desc&page=1769
2026-07-26 04:40:28 [pakwheels_full] INFO: Found 25 listings on https://www.pakwheels.com/used-cars/search/-/?sortby=model_year-desc&page=1770
2026-07-26 04:40:34 [pakwheels_full] INFO: Found 25 listings on https://www.pakwheels.com/used-cars/search/-/?sortby=model_year-desc&page=1771
2026-07-26 04:40:42 [pakwheels_full] INFO: Found 25 listings on https://www.pakwheels.com/used-cars/search/-/?sortby=model_year-desc&page=1772
2026-07-26 04:40:48 [scrapy.extensions.logstats] INFO: Crawled 32425 pages (at 174 pages/min), scraped 30653 items (at 165 items/min)
2026-07-26 04:40:49 [pakwheels_full] INFO: Found 25 listings on https://www.pakwheels.com/used-cars/search/-/?sortby=model_year-desc&page=1773
2026-07-26 04:40:54 [pakwheels_full] INFO: Found 25 listings on https://www.pakwheels.com/used-cars/search/-/?sortby=model_year-desc&page=1774
2026-07-26 04:41:01 [pakwheels_full] INFO: Found 25 listings on https://www.pakwheels.com/used-cars/search/-/?sortby=model_year-desc&page=1775
2026-07-26 04:41:07 [pakwheels_full] INFO: Found 25 listings on https://www.pakwheels.com/used-cars/search/-/?sortby=model_year-desc&page=1776
2026-07-26 04:41:12 [pakwheels_full] INFO: Found 25 listings on https://www.pakwheels.com/used-cars/search/-/?sortby=model_year-desc&page=1777
2026-07-26 04:41:19 [pakwheels_full] INFO: Found 25 listings on https://www.pakwheels.com/used-cars/search/-/?sortby=model_year-desc&page=1778
2026-07-26 04:41:26 [pakwheels_full] INFO: Found 25 listings on https://www.pakwheels.com/used-cars/search/-/?sortby=model_year-desc&page=1779
2026-07-26 04:41:33 [pakwheels_full] INFO: Found 25 listings on https://www.pakwheels.com/used-cars/search/-/?sortby=model_year-desc&page=1780
2026-07-26 04:41:40 [pakwheels_full] INFO: Found 25 listings on https://www.pakwheels.com/used-cars/search/-/?sortby=model_year-desc&page=1781
2026-07-26 04:41:48 [pakwheels_full] INFO: Found 25 listings on https://www.pakwheels.com/used-cars/search/-/?sortby=model_year-desc&page=1782
2026-07-26 04:41:48 [scrapy.extensions.logstats] INFO: Crawled 32597 pages (at 172 pages/min), scraped 30815 items (at 162 items/min)
2026-07-26 04:41:54 [pakwheels_full] INFO: Found 25 listings on https://www.pakwheels.com/used-cars/search/-/?sortby=model_year-desc&page=1783
2026-07-26 04:42:02 [pakwheels_full] INFO: Found 25 listings on https://www.pakwheels.com/used-cars/search/-/?sortby=model_year-desc&page=1784
2026-07-26 04:42:07 [pakwheels_full] INFO: Found 25 listings on https://www.pakwheels.com/used-cars/search/-/?sortby=model_year-desc&page=1785
2026-07-26 04:42:14 [pakwheels_full] INFO: Found 25 listings on https://www.pakwheels.com/used-cars/search/-/?sortby=model_year-desc&page=1786
2026-07-26 04:42:21 [pakwheels_full] INFO: Found 25 listings on https://www.pakwheels.com/used-cars/search/-/?sortby=model_year-desc&page=1787
2026-07-26 04:42:28 [pakwheels_full] INFO: Found 25 listings on https://www.pakwheels.com/used-cars/search/-/?sortby=model_year-desc&page=1788
2026-07-26 04:42:34 [pakwheels_full] INFO: Found 25 listings on https://www.pakwheels.com/used-cars/search/-/?sortby=model_year-desc&page=1789
2026-07-26 04:42:41 [pakwheels_full] INFO: Found 25 listings on https://www.pakwheels.com/used-cars/search/-/?sortby=model_year-desc&page=1790
2026-07-26 04:42:48 [scrapy.extensions.logstats] INFO: Crawled 32761 pages (at 164 pages/min), scraped 30970 items (at 155 items/min)
2026-07-26 04:42:48 [pakwheels_full] INFO: Found 25 listings on https://www.pakwheels.com/used-cars/search/-/?sortby=model_year-desc&page=1791
2026-07-26 04:42:55 [pakwheels_full] INFO: Found 25 listings on https://www.pakwheels.com/used-cars/search/-/?sortby=model_year-desc&page=1792
2026-07-26 04:43:01 [pakwheels_full] INFO: Found 25 listings on https://www.pakwheels.com/used-cars/search/-/?sortby=model_year-desc&page=1793
2026-07-26 04:43:07 [pakwheels_full] INFO: Found 25 listings on https://www.pakwheels.com/used-cars/search/-/?sortby=model_year-desc&page=1794
2026-07-26 04:43:15 [pakwheels_full] INFO: Found 25 listings on https://www.pakwheels.com/used-cars/search/-/?sortby=model_year-desc&page=1795
2026-07-26 04:43:22 [pakwheels_full] INFO: Found 25 listings on https://www.pakwheels.com/used-cars/search/-/?sortby=model_year-desc&page=1796
2026-07-26 04:43:29 [pakwheels_full] INFO: Found 25 listings on https://www.pakwheels.com/used-cars/search/-/?sortby=model_year-desc&page=1797
2026-07-26 04:43:37 [pakwheels_full] INFO: Found 25 listings on https://www.pakwheels.com/used-cars/search/-/?sortby=model_year-desc&page=1798
2026-07-26 04:43:47 [pakwheels_full] INFO: Found 25 listings on https://www.pakwheels.com/used-cars/search/-/?sortby=model_year-desc&page=1799
2026-07-26 04:43:48 [scrapy.extensions.logstats] INFO: Crawled 32913 pages (at 152 pages/min), scraped 31114 items (at 144 items/min)
2026-07-26 04:43:54 [pakwheels_full] INFO: Found 25 listings on https://www.pakwheels.com/used-cars/search/-/?sortby=model_year-desc&page=1800
2026-07-26 04:44:01 [pakwheels_full] INFO: Found 25 listings on https://www.pakwheels.com/used-cars/search/-/?sortby=model_year-desc&page=1801
2026-07-26 04:44:08 [pakwheels_full] INFO: Found 25 listings on https://www.pakwheels.com/used-cars/search/-/?sortby=model_year-desc&page=1802
2026-07-26 04:44:16 [pakwheels_full] INFO: Found 25 listings on https://www.pakwheels.com/used-cars/search/-/?sortby=model_year-desc&page=1803
2026-07-26 04:44:22 [pakwheels_full] INFO: Found 25 listings on https://www.pakwheels.com/used-cars/search/-/?sortby=model_year-desc&page=1804
2026-07-26 04:44:28 [pakwheels_full] INFO: Found 25 listings on https://www.pakwheels.com/used-cars/search/-/?sortby=model_year-desc&page=1805
2026-07-26 04:44:35 [pakwheels_full] INFO: Found 25 listings on https://www.pakwheels.com/used-cars/search/-/?sortby=model_year-desc&page=1806
2026-07-26 04:44:42 [pakwheels_full] INFO: Found 25 listings on https://www.pakwheels.com/used-cars/search/-/?sortby=model_year-desc&page=1807
2026-07-26 04:44:48 [scrapy.extensions.logstats] INFO: Crawled 33074 pages (at 161 pages/min), scraped 31265 items (at 151 items/min)
2026-07-26 04:44:49 [pakwheels_full] INFO: Found 25 listings on https://www.pakwheels.com/used-cars/search/-/?sortby=model_year-desc&page=1808
2026-07-26 04:44:56 [pakwheels_full] INFO: Found 25 listings on https://www.pakwheels.com/used-cars/search/-/?sortby=model_year-desc&page=1809
2026-07-26 04:45:03 [pakwheels_full] INFO: Found 25 listings on https://www.pakwheels.com/used-cars/search/-/?sortby=model_year-desc&page=1810
2026-07-26 04:45:10 [pakwheels_full] INFO: Found 25 listings on https://www.pakwheels.com/used-cars/search/-/?sortby=model_year-desc&page=1811
2026-07-26 04:45:18 [pakwheels_full] INFO: Found 25 listings on https://www.pakwheels.com/used-cars/search/-/?sortby=model_year-desc&page=1812
2026-07-26 04:45:25 [pakwheels_full] INFO: Found 25 listings on https://www.pakwheels.com/used-cars/search/-/?sortby=model_year-desc&page=1813
2026-07-26 04:45:31 [pakwheels_full] INFO: Found 25 listings on https://www.pakwheels.com/used-cars/search/-/?sortby=model_year-desc&page=1814
2026-07-26 04:45:37 [pakwheels_full] INFO: Found 25 listings on https://www.pakwheels.com/used-cars/search/-/?sortby=model_year-desc&page=1815
2026-07-26 04:45:44 [pakwheels_full] INFO: Found 25 listings on https://www.pakwheels.com/used-cars/search/-/?sortby=model_year-desc&page=1816
2026-07-26 04:45:48 [scrapy.extensions.logstats] INFO: Crawled 33234 pages (at 160 pages/min), scraped 31418 items (at 153 items/min)
2026-07-26 04:45:50 [pakwheels_full] INFO: Found 25 listings on https://www.pakwheels.com/used-cars/search/-/?sortby=model_year-desc&page=1817
2026-07-26 04:45:58 [pakwheels_full] INFO: Found 25 listings on https://www.pakwheels.com/used-cars/search/-/?sortby=model_year-desc&page=1818
2026-07-26 04:46:04 [pakwheels_full] INFO: Found 25 listings on https://www.pakwheels.com/used-cars/search/-/?sortby=model_year-desc&page=1819
2026-07-26 04:46:13 [pakwheels_full] INFO: Found 25 listings on https://www.pakwheels.com/used-cars/search/-/?sortby=model_year-desc&page=1820
2026-07-26 04:46:19 [pakwheels_full] INFO: Found 25 listings on https://www.pakwheels.com/used-cars/search/-/?sortby=model_year-desc&page=1821
2026-07-26 04:46:25 [pakwheels_full] INFO: Found 25 listings on https://www.pakwheels.com/used-cars/search/-/?sortby=model_year-desc&page=1822
2026-07-26 04:46:31 [pakwheels_full] INFO: Found 25 listings on https://www.pakwheels.com/used-cars/search/-/?sortby=model_year-desc&page=1823
2026-07-26 04:46:39 [pakwheels_full] INFO: Found 25 listings on https://www.pakwheels.com/used-cars/search/-/?sortby=model_year-desc&page=1824
2026-07-26 04:46:45 [pakwheels_full] INFO: Found 25 listings on https://www.pakwheels.com/used-cars/search/-/?sortby=model_year-desc&page=1825
2026-07-26 04:46:48 [scrapy.extensions.logstats] INFO: Crawled 33393 pages (at 159 pages/min), scraped 31567 items (at 149 items/min)
2026-07-26 04:46:52 [pakwheels_full] INFO: Found 25 listings on https://www.pakwheels.com/used-cars/search/-/?sortby=model_year-desc&page=1826
2026-07-26 04:46:58 [pakwheels_full] INFO: Found 25 listings on https://www.pakwheels.com/used-cars/search/-/?sortby=model_year-desc&page=1827
2026-07-26 04:47:04 [pakwheels_full] INFO: Found 25 listings on https://www.pakwheels.com/used-cars/search/-/?sortby=model_year-desc&page=1828
2026-07-26 04:47:10 [pakwheels_full] INFO: Found 25 listings on https://www.pakwheels.com/used-cars/search/-/?sortby=model_year-desc&page=1829
2026-07-26 04:47:17 [pakwheels_full] INFO: Found 25 listings on https://www.pakwheels.com/used-cars/search/-/?sortby=model_year-desc&page=1830
2026-07-26 04:47:24 [pakwheels_full] INFO: Found 25 listings on https://www.pakwheels.com/used-cars/search/-/?sortby=model_year-desc&page=1831
2026-07-26 04:47:30 [pakwheels_full] INFO: Found 25 listings on https://www.pakwheels.com/used-cars/search/-/?sortby=model_year-desc&page=1832
2026-07-26 04:47:38 [pakwheels_full] INFO: Found 25 listings on https://www.pakwheels.com/used-cars/search/-/?sortby=model_year-desc&page=1833
2026-07-26 04:47:45 [pakwheels_full] INFO: Found 25 listings on https://www.pakwheels.com/used-cars/search/-/?sortby=model_year-desc&page=1834
2026-07-26 04:47:48 [scrapy.extensions.logstats] INFO: Crawled 33559 pages (at 166 pages/min), scraped 31725 items (at 158 items/min)
2026-07-26 04:47:53 [pakwheels_full] INFO: Found 25 listings on https://www.pakwheels.com/used-cars/search/-/?sortby=model_year-desc&page=1835
2026-07-26 04:47:59 [pakwheels_full] INFO: Found 25 listings on https://www.pakwheels.com/used-cars/search/-/?sortby=model_year-desc&page=1836
2026-07-26 04:48:06 [pakwheels_full] INFO: Found 25 listings on https://www.pakwheels.com/used-cars/search/-/?sortby=model_year-desc&page=1837
2026-07-26 04:48:13 [pakwheels_full] INFO: Found 25 listings on https://www.pakwheels.com/used-cars/search/-/?sortby=model_year-desc&page=1838
2026-07-26 04:48:19 [pakwheels_full] INFO: Found 25 listings on https://www.pakwheels.com/used-cars/search/-/?sortby=model_year-desc&page=1839
2026-07-26 04:48:26 [pakwheels_full] INFO: Found 25 listings on https://www.pakwheels.com/used-cars/search/-/?sortby=model_year-desc&page=1840
2026-07-26 04:48:32 [pakwheels_full] INFO: Found 25 listings on https://www.pakwheels.com/used-cars/search/-/?sortby=model_year-desc&page=1841
2026-07-26 04:48:40 [pakwheels_full] INFO: Found 25 listings on https://www.pakwheels.com/used-cars/search/-/?sortby=model_year-desc&page=1842
2026-07-26 04:48:46 [pakwheels_full] INFO: Found 25 listings on https://www.pakwheels.com/used-cars/search/-/?sortby=model_year-desc&page=1843
2026-07-26 04:48:48 [scrapy.extensions.logstats] INFO: Crawled 33721 pages (at 162 pages/min), scraped 31878 items (at 153 items/min)
2026-07-26 04:48:53 [pakwheels_full] INFO: Found 25 listings on https://www.pakwheels.com/used-cars/search/-/?sortby=model_year-desc&page=1844
2026-07-26 04:49:00 [pakwheels_full] INFO: Found 25 listings on https://www.pakwheels.com/used-cars/search/-/?sortby=model_year-desc&page=1845
2026-07-26 04:49:07 [pakwheels_full] INFO: Found 25 listings on https://www.pakwheels.com/used-cars/search/-/?sortby=model_year-desc&page=1846
2026-07-26 04:49:15 [pakwheels_full] INFO: Found 25 listings on https://www.pakwheels.com/used-cars/search/-/?sortby=model_year-desc&page=1847
2026-07-26 04:49:22 [pakwheels_full] INFO: Found 25 listings on https://www.pakwheels.com/used-cars/search/-/?sortby=model_year-desc&page=1848
2026-07-26 04:49:28 [pakwheels_full] INFO: Found 25 listings on https://www.pakwheels.com/used-cars/search/-/?sortby=model_year-desc&page=1849
2026-07-26 04:49:35 [pakwheels_full] INFO: Found 25 listings on https://www.pakwheels.com/used-cars/search/-/?sortby=model_year-desc&page=1850
2026-07-26 04:49:40 [pakwheels_full] INFO: Found 25 listings on https://www.pakwheels.com/used-cars/search/-/?sortby=model_year-desc&page=1851
2026-07-26 04:49:47 [pakwheels_full] INFO: Found 25 listings on https://www.pakwheels.com/used-cars/search/-/?sortby=model_year-desc&page=1852
2026-07-26 04:49:48 [scrapy.extensions.logstats] INFO: Crawled 33890 pages (at 169 pages/min), scraped 32037 items (at 159 items/min)
2026-07-26 04:49:53 [pakwheels_full] INFO: Found 25 listings on https://www.pakwheels.com/used-cars/search/-/?sortby=model_year-desc&page=1853
2026-07-26 04:50:00 [pakwheels_full] INFO: Found 25 listings on https://www.pakwheels.com/used-cars/search/-/?sortby=model_year-desc&page=1854
2026-07-26 04:50:07 [pakwheels_full] INFO: Found 25 listings on https://www.pakwheels.com/used-cars/search/-/?sortby=model_year-desc&page=1855
2026-07-26 04:50:15 [pakwheels_full] INFO: Found 25 listings on https://www.pakwheels.com/used-cars/search/-/?sortby=model_year-desc&page=1856
2026-07-26 04:50:20 [pakwheels_full] INFO: Found 25 listings on https://www.pakwheels.com/used-cars/search/-/?sortby=model_year-desc&page=1857
2026-07-26 04:50:27 [pakwheels_full] INFO: Found 25 listings on https://www.pakwheels.com/used-cars/search/-/?sortby=model_year-desc&page=1858
2026-07-26 04:50:35 [pakwheels_full] INFO: Found 25 listings on https://www.pakwheels.com/used-cars/search/-/?sortby=model_year-desc&page=1859
2026-07-26 04:50:42 [pakwheels_full] INFO: Found 25 listings on https://www.pakwheels.com/used-cars/search/-/?sortby=model_year-desc&page=1860
2026-07-26 04:50:48 [scrapy.extensions.logstats] INFO: Crawled 34051 pages (at 161 pages/min), scraped 32191 items (at 154 items/min)
2026-07-26 04:50:49 [pakwheels_full] INFO: Found 25 listings on https://www.pakwheels.com/used-cars/search/-/?sortby=model_year-desc&page=1861
2026-07-26 04:50:55 [pakwheels_full] INFO: Found 25 listings on https://www.pakwheels.com/used-cars/search/-/?sortby=model_year-desc&page=1862
2026-07-26 04:51:01 [pakwheels_full] INFO: Found 25 listings on https://www.pakwheels.com/used-cars/search/-/?sortby=model_year-desc&page=1863
2026-07-26 04:51:07 [pakwheels_full] INFO: Found 25 listings on https://www.pakwheels.com/used-cars/search/-/?sortby=model_year-desc&page=1864
2026-07-26 04:51:14 [pakwheels_full] INFO: Found 25 listings on https://www.pakwheels.com/used-cars/search/-/?sortby=model_year-desc&page=1865
2026-07-26 04:51:20 [pakwheels_full] INFO: Found 25 listings on https://www.pakwheels.com/used-cars/search/-/?sortby=model_year-desc&page=1866
2026-07-26 04:51:28 [pakwheels_full] INFO: Found 25 listings on https://www.pakwheels.com/used-cars/search/-/?sortby=model_year-desc&page=1867
2026-07-26 04:51:36 [pakwheels_full] INFO: Found 25 listings on https://www.pakwheels.com/used-cars/search/-/?sortby=model_year-desc&page=1868
2026-07-26 04:51:45 [pakwheels_full] INFO: Found 25 listings on https://www.pakwheels.com/used-cars/search/-/?sortby=model_year-desc&page=1869
2026-07-26 04:51:48 [scrapy.extensions.logstats] INFO: Crawled 34210 pages (at 159 pages/min), scraped 32340 items (at 149 items/min)
2026-07-26 04:51:51 [pakwheels_full] INFO: Found 25 listings on https://www.pakwheels.com/used-cars/search/-/?sortby=model_year-desc&page=1870
2026-07-26 04:51:59 [pakwheels_full] INFO: Found 25 listings on https://www.pakwheels.com/used-cars/search/-/?sortby=model_year-desc&page=1871
2026-07-26 04:52:06 [pakwheels_full] INFO: Found 25 listings on https://www.pakwheels.com/used-cars/search/-/?sortby=model_year-desc&page=1872
2026-07-26 04:52:12 [pakwheels_full] INFO: Found 25 listings on https://www.pakwheels.com/used-cars/search/-/?sortby=model_year-desc&page=1873
2026-07-26 04:52:19 [pakwheels_full] INFO: Found 25 listings on https://www.pakwheels.com/used-cars/search/-/?sortby=model_year-desc&page=1874
2026-07-26 04:52:25 [pakwheels_full] INFO: Found 25 listings on https://www.pakwheels.com/used-cars/search/-/?sortby=model_year-desc&page=1875
2026-07-26 04:52:32 [pakwheels_full] INFO: Found 25 listings on https://www.pakwheels.com/used-cars/search/-/?sortby=model_year-desc&page=1876
2026-07-26 04:52:39 [pakwheels_full] INFO: Found 25 listings on https://www.pakwheels.com/used-cars/search/-/?sortby=model_year-desc&page=1877
2026-07-26 04:52:46 [pakwheels_full] INFO: Found 25 listings on https://www.pakwheels.com/used-cars/search/-/?sortby=model_year-desc&page=1878
2026-07-26 04:52:48 [scrapy.extensions.logstats] INFO: Crawled 34370 pages (at 160 pages/min), scraped 32491 items (at 151 items/min)
2026-07-26 04:52:54 [pakwheels_full] INFO: Found 25 listings on https://www.pakwheels.com/used-cars/search/-/?sortby=model_year-desc&page=1879
2026-07-26 04:53:00 [pakwheels_full] INFO: Found 25 listings on https://www.pakwheels.com/used-cars/search/-/?sortby=model_year-desc&page=1880
2026-07-26 04:53:07 [pakwheels_full] INFO: Found 25 listings on https://www.pakwheels.com/used-cars/search/-/?sortby=model_year-desc&page=1881
2026-07-26 04:53:14 [pakwheels_full] INFO: Found 25 listings on https://www.pakwheels.com/used-cars/search/-/?sortby=model_year-desc&page=1882
2026-07-26 04:53:20 [pakwheels_full] INFO: Found 25 listings on https://www.pakwheels.com/used-cars/search/-/?sortby=model_year-desc&page=1883
2026-07-26 04:53:27 [pakwheels_full] INFO: Found 25 listings on https://www.pakwheels.com/used-cars/search/-/?sortby=model_year-desc&page=1884
2026-07-26 04:53:33 [pakwheels_full] INFO: Found 25 listings on https://www.pakwheels.com/used-cars/search/-/?sortby=model_year-desc&page=1885
2026-07-26 04:53:39 [pakwheels_full] INFO: Found 25 listings on https://www.pakwheels.com/used-cars/search/-/?sortby=model_year-desc&page=1886
2026-07-26 04:53:45 [pakwheels_full] INFO: Found 25 listings on https://www.pakwheels.com/used-cars/search/-/?sortby=model_year-desc&page=1887
2026-07-26 04:53:48 [scrapy.extensions.logstats] INFO: Crawled 34542 pages (at 172 pages/min), scraped 32654 items (at 163 items/min)
2026-07-26 04:53:51 [pakwheels_full] INFO: Found 25 listings on https://www.pakwheels.com/used-cars/search/-/?sortby=model_year-desc&page=1888
2026-07-26 04:53:59 [pakwheels_full] INFO: Found 25 listings on https://www.pakwheels.com/used-cars/search/-/?sortby=model_year-desc&page=1889
2026-07-26 04:54:05 [pakwheels_full] INFO: Found 25 listings on https://www.pakwheels.com/used-cars/search/-/?sortby=model_year-desc&page=1890
2026-07-26 04:54:12 [pakwheels_full] INFO: Found 25 listings on https://www.pakwheels.com/used-cars/search/-/?sortby=model_year-desc&page=1891
2026-07-26 04:54:19 [pakwheels_full] INFO: Found 25 listings on https://www.pakwheels.com/used-cars/search/-/?sortby=model_year-desc&page=1892
2026-07-26 04:54:26 [pakwheels_full] INFO: Found 25 listings on https://www.pakwheels.com/used-cars/search/-/?sortby=model_year-desc&page=1893
2026-07-26 04:54:32 [pakwheels_full] INFO: Found 25 listings on https://www.pakwheels.com/used-cars/search/-/?sortby=model_year-desc&page=1894
2026-07-26 04:54:39 [pakwheels_full] INFO: Found 25 listings on https://www.pakwheels.com/used-cars/search/-/?sortby=model_year-desc&page=1895
2026-07-26 04:54:46 [pakwheels_full] INFO: Found 25 listings on https://www.pakwheels.com/used-cars/search/-/?sortby=model_year-desc&page=1896
2026-07-26 04:54:48 [scrapy.extensions.logstats] INFO: Crawled 34705 pages (at 163 pages/min), scraped 32809 items (at 155 items/min)
2026-07-26 04:54:52 [pakwheels_full] INFO: Found 25 listings on https://www.pakwheels.com/used-cars/search/-/?sortby=model_year-desc&page=1897
2026-07-26 04:54:58 [pakwheels_full] INFO: Found 25 listings on https://www.pakwheels.com/used-cars/search/-/?sortby=model_year-desc&page=1898
2026-07-26 04:55:05 [pakwheels_full] INFO: Found 25 listings on https://www.pakwheels.com/used-cars/search/-/?sortby=model_year-desc&page=1899
2026-07-26 04:55:13 [pakwheels_full] INFO: Found 25 listings on https://www.pakwheels.com/used-cars/search/-/?sortby=model_year-desc&page=1900
2026-07-26 04:55:20 [pakwheels_full] INFO: Found 25 listings on https://www.pakwheels.com/used-cars/search/-/?sortby=model_year-desc&page=1901
2026-07-26 04:55:28 [pakwheels_full] INFO: Found 25 listings on https://www.pakwheels.com/used-cars/search/-/?sortby=model_year-desc&page=1902
2026-07-26 04:55:34 [pakwheels_full] INFO: Found 25 listings on https://www.pakwheels.com/used-cars/search/-/?sortby=model_year-desc&page=1903
2026-07-26 04:55:41 [pakwheels_full] INFO: Found 25 listings on https://www.pakwheels.com/used-cars/search/-/?sortby=model_year-desc&page=1904
2026-07-26 04:55:47 [pakwheels_full] INFO: Found 25 listings on https://www.pakwheels.com/used-cars/search/-/?sortby=model_year-desc&page=1905
2026-07-26 04:55:48 [scrapy.extensions.logstats] INFO: Crawled 34867 pages (at 162 pages/min), scraped 32961 items (at 152 items/min)
2026-07-26 04:55:54 [pakwheels_full] INFO: Found 25 listings on https://www.pakwheels.com/used-cars/search/-/?sortby=model_year-desc&page=1906
2026-07-26 04:56:02 [pakwheels_full] INFO: Found 25 listings on https://www.pakwheels.com/used-cars/search/-/?sortby=model_year-desc&page=1907
2026-07-26 04:56:11 [pakwheels_full] INFO: Found 25 listings on https://www.pakwheels.com/used-cars/search/-/?sortby=model_year-desc&page=1908
2026-07-26 04:56:19 [pakwheels_full] INFO: Found 25 listings on https://www.pakwheels.com/used-cars/search/-/?sortby=model_year-desc&page=1909
2026-07-26 04:56:26 [pakwheels_full] INFO: Found 25 listings on https://www.pakwheels.com/used-cars/search/-/?sortby=model_year-desc&page=1910
2026-07-26 04:56:33 [pakwheels_full] INFO: Found 25 listings on https://www.pakwheels.com/used-cars/search/-/?sortby=model_year-desc&page=1911
2026-07-26 04:56:39 [pakwheels_full] INFO: Found 25 listings on https://www.pakwheels.com/used-cars/search/-/?sortby=model_year-desc&page=1912
2026-07-26 04:56:46 [pakwheels_full] INFO: Found 25 listings on https://www.pakwheels.com/used-cars/search/-/?sortby=model_year-desc&page=1913
2026-07-26 04:56:48 [scrapy.extensions.logstats] INFO: Crawled 35015 pages (at 148 pages/min), scraped 33101 items (at 140 items/min)
2026-07-26 04:56:53 [pakwheels_full] INFO: Found 25 listings on https://www.pakwheels.com/used-cars/search/-/?sortby=model_year-desc&page=1914
2026-07-26 04:56:59 [pakwheels_full] INFO: Found 25 listings on https://www.pakwheels.com/used-cars/search/-/?sortby=model_year-desc&page=1915
2026-07-26 04:57:06 [pakwheels_full] INFO: Found 25 listings on https://www.pakwheels.com/used-cars/search/-/?sortby=model_year-desc&page=1916
2026-07-26 04:57:12 [pakwheels_full] INFO: Found 25 listings on https://www.pakwheels.com/used-cars/search/-/?sortby=model_year-desc&page=1917
2026-07-26 04:57:21 [pakwheels_full] INFO: Found 25 listings on https://www.pakwheels.com/used-cars/search/-/?sortby=model_year-desc&page=1918
2026-07-26 04:57:28 [pakwheels_full] INFO: Found 25 listings on https://www.pakwheels.com/used-cars/search/-/?sortby=model_year-desc&page=1919
2026-07-26 04:57:34 [pakwheels_full] INFO: Found 25 listings on https://www.pakwheels.com/used-cars/search/-/?sortby=model_year-desc&page=1920
2026-07-26 04:57:40 [pakwheels_full] INFO: Found 25 listings on https://www.pakwheels.com/used-cars/search/-/?sortby=model_year-desc&page=1921
2026-07-26 04:57:45 [pakwheels_full] INFO: Found 25 listings on https://www.pakwheels.com/used-cars/search/-/?sortby=model_year-desc&page=1922
2026-07-26 04:57:48 [scrapy.extensions.logstats] INFO: Crawled 35181 pages (at 166 pages/min), scraped 33259 items (at 158 items/min)
2026-07-26 04:57:51 [pakwheels_full] INFO: Found 25 listings on https://www.pakwheels.com/used-cars/search/-/?sortby=model_year-desc&page=1923
2026-07-26 04:57:57 [pakwheels_full] INFO: Found 25 listings on https://www.pakwheels.com/used-cars/search/-/?sortby=model_year-desc&page=1924
2026-07-26 04:58:05 [pakwheels_full] INFO: Found 25 listings on https://www.pakwheels.com/used-cars/search/-/?sortby=model_year-desc&page=1925
2026-07-26 04:58:11 [pakwheels_full] INFO: Found 25 listings on https://www.pakwheels.com/used-cars/search/-/?sortby=model_year-desc&page=1926
2026-07-26 04:58:18 [pakwheels_full] INFO: Found 25 listings on https://www.pakwheels.com/used-cars/search/-/?sortby=model_year-desc&page=1927
2026-07-26 04:58:25 [pakwheels_full] INFO: Found 25 listings on https://www.pakwheels.com/used-cars/search/-/?sortby=model_year-desc&page=1928
2026-07-26 04:58:32 [pakwheels_full] INFO: Found 25 listings on https://www.pakwheels.com/used-cars/search/-/?sortby=model_year-desc&page=1929
2026-07-26 04:58:39 [pakwheels_full] INFO: Found 25 listings on https://www.pakwheels.com/used-cars/search/-/?sortby=model_year-desc&page=1930
2026-07-26 04:58:45 [pakwheels_full] INFO: Found 25 listings on https://www.pakwheels.com/used-cars/search/-/?sortby=model_year-desc&page=1931
2026-07-26 04:58:48 [scrapy.extensions.logstats] INFO: Crawled 35345 pages (at 164 pages/min), scraped 33413 items (at 154 items/min)
2026-07-26 04:58:52 [pakwheels_full] INFO: Found 25 listings on https://www.pakwheels.com/used-cars/search/-/?sortby=model_year-desc&page=1932
2026-07-26 04:58:59 [pakwheels_full] INFO: Found 25 listings on https://www.pakwheels.com/used-cars/search/-/?sortby=model_year-desc&page=1933
2026-07-26 04:59:07 [pakwheels_full] INFO: Found 25 listings on https://www.pakwheels.com/used-cars/search/-/?sortby=model_year-desc&page=1934
2026-07-26 04:59:14 [pakwheels_full] INFO: Found 25 listings on https://www.pakwheels.com/used-cars/search/-/?sortby=model_year-desc&page=1935
2026-07-26 04:59:21 [pakwheels_full] INFO: Found 25 listings on https://www.pakwheels.com/used-cars/search/-/?sortby=model_year-desc&page=1936
2026-07-26 04:59:27 [pakwheels_full] INFO: Found 25 listings on https://www.pakwheels.com/used-cars/search/-/?sortby=model_year-desc&page=1937
2026-07-26 04:59:33 [pakwheels_full] INFO: Found 25 listings on https://www.pakwheels.com/used-cars/search/-/?sortby=model_year-desc&page=1938
2026-07-26 04:59:41 [pakwheels_full] INFO: Found 25 listings on https://www.pakwheels.com/used-cars/search/-/?sortby=model_year-desc&page=1939
2026-07-26 04:59:48 [scrapy.extensions.logstats] INFO: Crawled 35506 pages (at 161 pages/min), scraped 33567 items (at 154 items/min)
2026-07-26 04:59:48 [pakwheels_full] INFO: Found 25 listings on https://www.pakwheels.com/used-cars/search/-/?sortby=model_year-desc&page=1940
2026-07-26 04:59:55 [pakwheels_full] INFO: Found 25 listings on https://www.pakwheels.com/used-cars/search/-/?sortby=model_year-desc&page=1941
2026-07-26 05:00:02 [pakwheels_full] INFO: Found 25 listings on https://www.pakwheels.com/used-cars/search/-/?sortby=model_year-desc&page=1942
2026-07-26 05:00:09 [pakwheels_full] INFO: Found 25 listings on https://www.pakwheels.com/used-cars/search/-/?sortby=model_year-desc&page=1943
2026-07-26 05:00:15 [pakwheels_full] INFO: Found 25 listings on https://www.pakwheels.com/used-cars/search/-/?sortby=model_year-desc&page=1944
2026-07-26 05:00:22 [pakwheels_full] INFO: Found 25 listings on https://www.pakwheels.com/used-cars/search/-/?sortby=model_year-desc&page=1945
2026-07-26 05:00:28 [pakwheels_full] INFO: Found 25 listings on https://www.pakwheels.com/used-cars/search/-/?sortby=model_year-desc&page=1946
2026-07-26 05:00:35 [pakwheels_full] INFO: Found 25 listings on https://www.pakwheels.com/used-cars/search/-/?sortby=model_year-desc&page=1947
2026-07-26 05:00:41 [pakwheels_full] INFO: Found 25 listings on https://www.pakwheels.com/used-cars/search/-/?sortby=model_year-desc&page=1948
2026-07-26 05:00:47 [pakwheels_full] INFO: Found 25 listings on https://www.pakwheels.com/used-cars/search/-/?sortby=model_year-desc&page=1949
2026-07-26 05:00:48 [scrapy.extensions.logstats] INFO: Crawled 35677 pages (at 171 pages/min), scraped 33727 items (at 160 items/min)
2026-07-26 05:00:53 [pakwheels_full] INFO: Found 25 listings on https://www.pakwheels.com/used-cars/search/-/?sortby=model_year-desc&page=1950
2026-07-26 05:01:00 [pakwheels_full] INFO: Found 25 listings on https://www.pakwheels.com/used-cars/search/-/?sortby=model_year-desc&page=1951
2026-07-26 05:01:07 [pakwheels_full] INFO: Found 25 listings on https://www.pakwheels.com/used-cars/search/-/?sortby=model_year-desc&page=1952
2026-07-26 05:01:14 [pakwheels_full] INFO: Found 25 listings on https://www.pakwheels.com/used-cars/search/-/?sortby=model_year-desc&page=1953
2026-07-26 05:01:20 [pakwheels_full] INFO: Found 25 listings on https://www.pakwheels.com/used-cars/search/-/?sortby=model_year-desc&page=1954
2026-07-26 05:01:26 [pakwheels_full] INFO: Found 25 listings on https://www.pakwheels.com/used-cars/search/-/?sortby=model_year-desc&page=1955
2026-07-26 05:01:32 [pakwheels_full] INFO: Found 25 listings on https://www.pakwheels.com/used-cars/search/-/?sortby=model_year-desc&page=1956
2026-07-26 05:01:38 [pakwheels_full] INFO: Found 25 listings on https://www.pakwheels.com/used-cars/search/-/?sortby=model_year-desc&page=1957
2026-07-26 05:01:45 [pakwheels_full] INFO: Found 25 listings on https://www.pakwheels.com/used-cars/search/-/?sortby=model_year-desc&page=1958
2026-07-26 05:01:48 [scrapy.extensions.logstats] INFO: Crawled 35850 pages (at 173 pages/min), scraped 33892 items (at 165 items/min)
2026-07-26 05:01:52 [pakwheels_full] INFO: Found 25 listings on https://www.pakwheels.com/used-cars/search/-/?sortby=model_year-desc&page=1959
2026-07-26 05:01:58 [pakwheels_full] INFO: Found 25 listings on https://www.pakwheels.com/used-cars/search/-/?sortby=model_year-desc&page=1960
2026-07-26 05:02:04 [pakwheels_full] INFO: Found 25 listings on https://www.pakwheels.com/used-cars/search/-/?sortby=model_year-desc&page=1961
2026-07-26 05:02:11 [pakwheels_full] INFO: Found 25 listings on https://www.pakwheels.com/used-cars/search/-/?sortby=model_year-desc&page=1962
2026-07-26 05:02:18 [pakwheels_full] INFO: Found 25 listings on https://www.pakwheels.com/used-cars/search/-/?sortby=model_year-desc&page=1963
2026-07-26 05:02:25 [pakwheels_full] INFO: Found 25 listings on https://www.pakwheels.com/used-cars/search/-/?sortby=model_year-desc&page=1964
2026-07-26 05:02:31 [pakwheels_full] INFO: Found 25 listings on https://www.pakwheels.com/used-cars/search/-/?sortby=model_year-desc&page=1965
2026-07-26 05:02:39 [pakwheels_full] INFO: Found 25 listings on https://www.pakwheels.com/used-cars/search/-/?sortby=model_year-desc&page=1966
2026-07-26 05:02:47 [pakwheels_full] INFO: Found 25 listings on https://www.pakwheels.com/used-cars/search/-/?sortby=model_year-desc&page=1967
2026-07-26 05:02:48 [scrapy.extensions.logstats] INFO: Crawled 36010 pages (at 160 pages/min), scraped 34042 items (at 150 items/min)
2026-07-26 05:02:53 [pakwheels_full] INFO: Found 25 listings on https://www.pakwheels.com/used-cars/search/-/?sortby=model_year-desc&page=1968
2026-07-26 05:02:59 [pakwheels_full] INFO: Found 25 listings on https://www.pakwheels.com/used-cars/search/-/?sortby=model_year-desc&page=1969
2026-07-26 05:03:05 [pakwheels_full] INFO: Found 25 listings on https://www.pakwheels.com/used-cars/search/-/?sortby=model_year-desc&page=1970
2026-07-26 05:03:13 [pakwheels_full] INFO: Found 25 listings on https://www.pakwheels.com/used-cars/search/-/?sortby=model_year-desc&page=1971
2026-07-26 05:03:19 [pakwheels_full] INFO: Found 25 listings on https://www.pakwheels.com/used-cars/search/-/?sortby=model_year-desc&page=1972
2026-07-26 05:03:25 [pakwheels_full] INFO: Found 25 listings on https://www.pakwheels.com/used-cars/search/-/?sortby=model_year-desc&page=1973
2026-07-26 05:03:31 [pakwheels_full] INFO: Found 25 listings on https://www.pakwheels.com/used-cars/search/-/?sortby=model_year-desc&page=1974
2026-07-26 05:03:38 [pakwheels_full] INFO: Found 25 listings on https://www.pakwheels.com/used-cars/search/-/?sortby=model_year-desc&page=1975
2026-07-26 05:03:48 [pakwheels_full] INFO: Found 25 listings on https://www.pakwheels.com/used-cars/search/-/?sortby=model_year-desc&page=1976
2026-07-26 05:03:48 [scrapy.extensions.logstats] INFO: Crawled 36171 pages (at 161 pages/min), scraped 34194 items (at 152 items/min)
2026-07-26 05:03:54 [pakwheels_full] INFO: Found 25 listings on https://www.pakwheels.com/used-cars/search/-/?sortby=model_year-desc&page=1977
2026-07-26 05:04:00 [pakwheels_full] INFO: Found 25 listings on https://www.pakwheels.com/used-cars/search/-/?sortby=model_year-desc&page=1978
2026-07-26 05:04:06 [pakwheels_full] INFO: Found 25 listings on https://www.pakwheels.com/used-cars/search/-/?sortby=model_year-desc&page=1979
2026-07-26 05:04:12 [pakwheels_full] INFO: Found 25 listings on https://www.pakwheels.com/used-cars/search/-/?sortby=model_year-desc&page=1980
2026-07-26 05:04:19 [pakwheels_full] INFO: Found 25 listings on https://www.pakwheels.com/used-cars/search/-/?sortby=model_year-desc&page=1981
2026-07-26 05:04:25 [pakwheels_full] INFO: Found 25 listings on https://www.pakwheels.com/used-cars/search/-/?sortby=model_year-desc&page=1982
2026-07-26 05:04:31 [pakwheels_full] INFO: Found 25 listings on https://www.pakwheels.com/used-cars/search/-/?sortby=model_year-desc&page=1983
2026-07-26 05:04:38 [pakwheels_full] INFO: Found 25 listings on https://www.pakwheels.com/used-cars/search/-/?sortby=model_year-desc&page=1984
2026-07-26 05:04:44 [pakwheels_full] INFO: Found 25 listings on https://www.pakwheels.com/used-cars/search/-/?sortby=model_year-desc&page=1985
2026-07-26 05:04:48 [scrapy.extensions.logstats] INFO: Crawled 36338 pages (at 167 pages/min), scraped 34353 items (at 159 items/min)
2026-07-26 05:04:50 [pakwheels_full] INFO: Found 25 listings on https://www.pakwheels.com/used-cars/search/-/?sortby=model_year-desc&page=1986
2026-07-26 05:04:58 [pakwheels_full] INFO: Found 25 listings on https://www.pakwheels.com/used-cars/search/-/?sortby=model_year-desc&page=1987
2026-07-26 05:05:04 [pakwheels_full] INFO: Found 25 listings on https://www.pakwheels.com/used-cars/search/-/?sortby=model_year-desc&page=1988
2026-07-26 05:05:11 [pakwheels_full] INFO: Found 25 listings on https://www.pakwheels.com/used-cars/search/-/?sortby=model_year-desc&page=1989
2026-07-26 05:05:18 [pakwheels_full] INFO: Found 25 listings on https://www.pakwheels.com/used-cars/search/-/?sortby=model_year-desc&page=1990
2026-07-26 05:05:25 [pakwheels_full] INFO: Found 25 listings on https://www.pakwheels.com/used-cars/search/-/?sortby=model_year-desc&page=1991
2026-07-26 05:05:32 [pakwheels_full] INFO: Found 25 listings on https://www.pakwheels.com/used-cars/search/-/?sortby=model_year-desc&page=1992
2026-07-26 05:05:39 [pakwheels_full] INFO: Found 25 listings on https://www.pakwheels.com/used-cars/search/-/?sortby=model_year-desc&page=1993
2026-07-26 05:05:46 [pakwheels_full] INFO: Found 25 listings on https://www.pakwheels.com/used-cars/search/-/?sortby=model_year-desc&page=1994
2026-07-26 05:05:48 [scrapy.extensions.logstats] INFO: Crawled 36500 pages (at 162 pages/min), scraped 34506 items (at 153 items/min)
2026-07-26 05:05:52 [pakwheels_full] INFO: Found 25 listings on https://www.pakwheels.com/used-cars/search/-/?sortby=model_year-desc&page=1995
2026-07-26 05:05:59 [pakwheels_full] INFO: Found 25 listings on https://www.pakwheels.com/used-cars/search/-/?sortby=model_year-desc&page=1996
2026-07-26 05:06:06 [pakwheels_full] INFO: Found 25 listings on https://www.pakwheels.com/used-cars/search/-/?sortby=model_year-desc&page=1997
2026-07-26 05:06:13 [pakwheels_full] INFO: Found 25 listings on https://www.pakwheels.com/used-cars/search/-/?sortby=model_year-desc&page=1998
2026-07-26 05:06:19 [pakwheels_full] INFO: Found 25 listings on https://www.pakwheels.com/used-cars/search/-/?sortby=model_year-desc&page=1999
2026-07-26 05:06:25 [pakwheels_full] INFO: Found 25 listings on https://www.pakwheels.com/used-cars/search/-/?sortby=model_year-desc&page=2000
2026-07-26 05:06:31 [pakwheels_full] INFO: Found 25 listings on https://www.pakwheels.com/used-cars/search/-/?sortby=model_year-desc&page=2001
2026-07-26 05:06:36 [pakwheels_full] INFO: Found 25 listings on https://www.pakwheels.com/used-cars/search/-/?sortby=model_year-desc&page=2002
2026-07-26 05:06:42 [pakwheels_full] INFO: Found 25 listings on https://www.pakwheels.com/used-cars/search/-/?sortby=model_year-desc&page=2003
2026-07-26 05:06:48 [scrapy.extensions.logstats] INFO: Crawled 36670 pages (at 170 pages/min), scraped 34666 items (at 160 items/min)
2026-07-26 05:06:48 [pakwheels_full] INFO: Found 25 listings on https://www.pakwheels.com/used-cars/search/-/?sortby=model_year-desc&page=2004
2026-07-26 05:06:55 [pakwheels_full] INFO: Found 25 listings on https://www.pakwheels.com/used-cars/search/-/?sortby=model_year-desc&page=2005
2026-07-26 05:07:01 [pakwheels_full] INFO: Found 25 listings on https://www.pakwheels.com/used-cars/search/-/?sortby=model_year-desc&page=2006
2026-07-26 05:07:07 [pakwheels_full] INFO: Found 25 listings on https://www.pakwheels.com/used-cars/search/-/?sortby=model_year-desc&page=2007
2026-07-26 05:07:14 [pakwheels_full] INFO: Found 25 listings on https://www.pakwheels.com/used-cars/search/-/?sortby=model_year-desc&page=2008
2026-07-26 05:07:20 [pakwheels_full] INFO: Found 25 listings on https://www.pakwheels.com/used-cars/search/-/?sortby=model_year-desc&page=2009
2026-07-26 05:07:26 [pakwheels_full] INFO: Found 25 listings on https://www.pakwheels.com/used-cars/search/-/?sortby=model_year-desc&page=2010
2026-07-26 05:07:32 [pakwheels_full] INFO: Found 25 listings on https://www.pakwheels.com/used-cars/search/-/?sortby=model_year-desc&page=2011
2026-07-26 05:07:38 [pakwheels_full] INFO: Found 25 listings on https://www.pakwheels.com/used-cars/search/-/?sortby=model_year-desc&page=2012
2026-07-26 05:07:45 [pakwheels_full] INFO: Found 25 listings on https://www.pakwheels.com/used-cars/search/-/?sortby=model_year-desc&page=2013
2026-07-26 05:07:48 [scrapy.extensions.logstats] INFO: Crawled 36847 pages (at 177 pages/min), scraped 34834 items (at 168 items/min)
2026-07-26 05:07:52 [pakwheels_full] INFO: Found 25 listings on https://www.pakwheels.com/used-cars/search/-/?sortby=model_year-desc&page=2014
2026-07-26 05:07:58 [pakwheels_full] INFO: Found 25 listings on https://www.pakwheels.com/used-cars/search/-/?sortby=model_year-desc&page=2015
2026-07-26 05:08:05 [pakwheels_full] INFO: Found 25 listings on https://www.pakwheels.com/used-cars/search/-/?sortby=model_year-desc&page=2016
2026-07-26 05:08:13 [pakwheels_full] INFO: Found 25 listings on https://www.pakwheels.com/used-cars/search/-/?sortby=model_year-desc&page=2017
2026-07-26 05:08:18 [pakwheels_full] INFO: Found 25 listings on https://www.pakwheels.com/used-cars/search/-/?sortby=model_year-desc&page=2018
2026-07-26 05:08:24 [pakwheels_full] INFO: Found 25 listings on https://www.pakwheels.com/used-cars/search/-/?sortby=model_year-desc&page=2019
2026-07-26 05:08:30 [pakwheels_full] INFO: Found 25 listings on https://www.pakwheels.com/used-cars/search/-/?sortby=model_year-desc&page=2020
2026-07-26 05:08:35 [pakwheels_full] INFO: Found 25 listings on https://www.pakwheels.com/used-cars/search/-/?sortby=model_year-desc&page=2021
2026-07-26 05:08:41 [pakwheels_full] INFO: Found 25 listings on https://www.pakwheels.com/used-cars/search/-/?sortby=model_year-desc&page=2022
2026-07-26 05:08:48 [scrapy.extensions.logstats] INFO: Crawled 37019 pages (at 172 pages/min), scraped 34996 items (at 162 items/min)
2026-07-26 05:08:48 [pakwheels_full] INFO: Found 25 listings on https://www.pakwheels.com/used-cars/search/-/?sortby=model_year-desc&page=2023
2026-07-26 05:08:54 [pakwheels_full] INFO: Found 25 listings on https://www.pakwheels.com/used-cars/search/-/?sortby=model_year-desc&page=2024
2026-07-26 05:09:01 [pakwheels_full] INFO: Found 25 listings on https://www.pakwheels.com/used-cars/search/-/?sortby=model_year-desc&page=2025
2026-07-26 05:09:07 [pakwheels_full] INFO: Found 25 listings on https://www.pakwheels.com/used-cars/search/-/?sortby=model_year-desc&page=2026
2026-07-26 05:09:13 [pakwheels_full] INFO: Found 25 listings on https://www.pakwheels.com/used-cars/search/-/?sortby=model_year-desc&page=2027
2026-07-26 05:09:19 [pakwheels_full] INFO: Found 25 listings on https://www.pakwheels.com/used-cars/search/-/?sortby=model_year-desc&page=2028
2026-07-26 05:09:26 [pakwheels_full] INFO: Found 25 listings on https://www.pakwheels.com/used-cars/search/-/?sortby=model_year-desc&page=2029
2026-07-26 05:09:32 [pakwheels_full] INFO: Found 25 listings on https://www.pakwheels.com/used-cars/search/-/?sortby=model_year-desc&page=2030
2026-07-26 05:09:37 [pakwheels_full] INFO: Found 25 listings on https://www.pakwheels.com/used-cars/search/-/?sortby=model_year-desc&page=2031
2026-07-26 05:09:43 [pakwheels_full] INFO: Found 25 listings on https://www.pakwheels.com/used-cars/search/-/?sortby=model_year-desc&page=2032
2026-07-26 05:09:48 [scrapy.extensions.logstats] INFO: Crawled 37199 pages (at 180 pages/min), scraped 35167 items (at 171 items/min)
2026-07-26 05:09:50 [pakwheels_full] INFO: Found 25 listings on https://www.pakwheels.com/used-cars/search/-/?sortby=model_year-desc&page=2033
2026-07-26 05:09:56 [pakwheels_full] INFO: Found 25 listings on https://www.pakwheels.com/used-cars/search/-/?sortby=model_year-desc&page=2034
2026-07-26 05:10:02 [pakwheels_full] INFO: Found 25 listings on https://www.pakwheels.com/used-cars/search/-/?sortby=model_year-desc&page=2035
2026-07-26 05:10:09 [pakwheels_full] INFO: Found 25 listings on https://www.pakwheels.com/used-cars/search/-/?sortby=model_year-desc&page=2036
2026-07-26 05:10:15 [pakwheels_full] INFO: Found 25 listings on https://www.pakwheels.com/used-cars/search/-/?sortby=model_year-desc&page=2037
2026-07-26 05:10:20 [pakwheels_full] INFO: Found 25 listings on https://www.pakwheels.com/used-cars/search/-/?sortby=model_year-desc&page=2038
2026-07-26 05:10:26 [pakwheels_full] INFO: Found 25 listings on https://www.pakwheels.com/used-cars/search/-/?sortby=model_year-desc&page=2039
2026-07-26 05:10:32 [pakwheels_full] INFO: Found 25 listings on https://www.pakwheels.com/used-cars/search/-/?sortby=model_year-desc&page=2040
2026-07-26 05:10:38 [pakwheels_full] INFO: Found 25 listings on https://www.pakwheels.com/used-cars/search/-/?sortby=model_year-desc&page=2041
2026-07-26 05:10:45 [pakwheels_full] INFO: Found 25 listings on https://www.pakwheels.com/used-cars/search/-/?sortby=model_year-desc&page=2042
2026-07-26 05:10:48 [scrapy.extensions.logstats] INFO: Crawled 37378 pages (at 179 pages/min), scraped 35336 items (at 169 items/min)
2026-07-26 05:10:50 [pakwheels_full] INFO: Found 25 listings on https://www.pakwheels.com/used-cars/search/-/?sortby=model_year-desc&page=2043
2026-07-26 05:10:56 [pakwheels_full] INFO: Found 25 listings on https://www.pakwheels.com/used-cars/search/-/?sortby=model_year-desc&page=2044
2026-07-26 05:11:02 [pakwheels_full] INFO: Found 25 listings on https://www.pakwheels.com/used-cars/search/-/?sortby=model_year-desc&page=2045
2026-07-26 05:11:09 [pakwheels_full] INFO: Found 25 listings on https://www.pakwheels.com/used-cars/search/-/?sortby=model_year-desc&page=2046
2026-07-26 05:11:16 [pakwheels_full] INFO: Found 25 listings on https://www.pakwheels.com/used-cars/search/-/?sortby=model_year-desc&page=2047
2026-07-26 05:11:22 [pakwheels_full] INFO: Found 25 listings on https://www.pakwheels.com/used-cars/search/-/?sortby=model_year-desc&page=2048
2026-07-26 05:11:29 [pakwheels_full] INFO: Found 25 listings on https://www.pakwheels.com/used-cars/search/-/?sortby=model_year-desc&page=2049
2026-07-26 05:11:36 [pakwheels_full] INFO: Found 25 listings on https://www.pakwheels.com/used-cars/search/-/?sortby=model_year-desc&page=2050
2026-07-26 05:11:43 [pakwheels_full] INFO: Found 25 listings on https://www.pakwheels.com/used-cars/search/-/?sortby=model_year-desc&page=2051
2026-07-26 05:11:48 [scrapy.extensions.logstats] INFO: Crawled 37549 pages (at 171 pages/min), scraped 35498 items (at 162 items/min)
2026-07-26 05:11:49 [pakwheels_full] INFO: Found 25 listings on https://www.pakwheels.com/used-cars/search/-/?sortby=model_year-desc&page=2052
2026-07-26 05:11:55 [pakwheels_full] INFO: Found 25 listings on https://www.pakwheels.com/used-cars/search/-/?sortby=model_year-desc&page=2053
2026-07-26 05:12:02 [pakwheels_full] INFO: Found 25 listings on https://www.pakwheels.com/used-cars/search/-/?sortby=model_year-desc&page=2054
2026-07-26 05:12:09 [pakwheels_full] INFO: Found 25 listings on https://www.pakwheels.com/used-cars/search/-/?sortby=model_year-desc&page=2055
2026-07-26 05:12:15 [pakwheels_full] INFO: Found 25 listings on https://www.pakwheels.com/used-cars/search/-/?sortby=model_year-desc&page=2056
2026-07-26 05:12:21 [pakwheels_full] INFO: Found 25 listings on https://www.pakwheels.com/used-cars/search/-/?sortby=model_year-desc&page=2057
2026-07-26 05:12:27 [pakwheels_full] INFO: Found 25 listings on https://www.pakwheels.com/used-cars/search/-/?sortby=model_year-desc&page=2058
2026-07-26 05:12:34 [pakwheels_full] INFO: Found 25 listings on https://www.pakwheels.com/used-cars/search/-/?sortby=model_year-desc&page=2059
2026-07-26 05:12:43 [pakwheels_full] INFO: Found 25 listings on https://www.pakwheels.com/used-cars/search/-/?sortby=model_year-desc&page=2060
2026-07-26 05:12:48 [scrapy.extensions.logstats] INFO: Crawled 37719 pages (at 170 pages/min), scraped 35659 items (at 161 items/min)
2026-07-26 05:12:49 [pakwheels_full] INFO: Found 25 listings on https://www.pakwheels.com/used-cars/search/-/?sortby=model_year-desc&page=2061
2026-07-26 05:12:55 [pakwheels_full] INFO: Found 25 listings on https://www.pakwheels.com/used-cars/search/-/?sortby=model_year-desc&page=2062
2026-07-26 05:13:01 [pakwheels_full] INFO: Found 25 listings on https://www.pakwheels.com/used-cars/search/-/?sortby=model_year-desc&page=2063
2026-07-26 05:13:07 [pakwheels_full] INFO: Found 25 listings on https://www.pakwheels.com/used-cars/search/-/?sortby=model_year-desc&page=2064
2026-07-26 05:13:14 [pakwheels_full] INFO: Found 25 listings on https://www.pakwheels.com/used-cars/search/-/?sortby=model_year-desc&page=2065
2026-07-26 05:13:21 [pakwheels_full] INFO: Found 25 listings on https://www.pakwheels.com/used-cars/search/-/?sortby=model_year-desc&page=2066
2026-07-26 05:13:28 [pakwheels_full] INFO: Found 25 listings on https://www.pakwheels.com/used-cars/search/-/?sortby=model_year-desc&page=2067
2026-07-26 05:13:33 [pakwheels_full] INFO: Found 25 listings on https://www.pakwheels.com/used-cars/search/-/?sortby=model_year-desc&page=2068
2026-07-26 05:13:39 [pakwheels_full] INFO: Found 25 listings on https://www.pakwheels.com/used-cars/search/-/?sortby=model_year-desc&page=2069
2026-07-26 05:13:45 [pakwheels_full] INFO: Found 25 listings on https://www.pakwheels.com/used-cars/search/-/?sortby=model_year-desc&page=2070
2026-07-26 05:13:48 [scrapy.extensions.logstats] INFO: Crawled 37893 pages (at 174 pages/min), scraped 35822 items (at 163 items/min)
2026-07-26 05:13:51 [pakwheels_full] INFO: Found 25 listings on https://www.pakwheels.com/used-cars/search/-/?sortby=model_year-desc&page=2071
2026-07-26 05:13:57 [pakwheels_full] INFO: Found 25 listings on https://www.pakwheels.com/used-cars/search/-/?sortby=model_year-desc&page=2072
2026-07-26 05:14:03 [pakwheels_full] INFO: Found 25 listings on https://www.pakwheels.com/used-cars/search/-/?sortby=model_year-desc&page=2073
2026-07-26 05:14:09 [pakwheels_full] INFO: Found 25 listings on https://www.pakwheels.com/used-cars/search/-/?sortby=model_year-desc&page=2074
2026-07-26 05:14:15 [pakwheels_full] INFO: Found 25 listings on https://www.pakwheels.com/used-cars/search/-/?sortby=model_year-desc&page=2075
2026-07-26 05:14:21 [pakwheels_full] INFO: Found 25 listings on https://www.pakwheels.com/used-cars/search/-/?sortby=model_year-desc&page=2076
2026-07-26 05:14:28 [pakwheels_full] INFO: Found 25 listings on https://www.pakwheels.com/used-cars/search/-/?sortby=model_year-desc&page=2077
2026-07-26 05:14:34 [pakwheels_full] INFO: Found 25 listings on https://www.pakwheels.com/used-cars/search/-/?sortby=model_year-desc&page=2078
2026-07-26 05:14:39 [pakwheels_full] INFO: Found 25 listings on https://www.pakwheels.com/used-cars/search/-/?sortby=model_year-desc&page=2079
2026-07-26 05:14:45 [pakwheels_full] INFO: Found 25 listings on https://www.pakwheels.com/used-cars/search/-/?sortby=model_year-desc&page=2080
2026-07-26 05:14:48 [scrapy.extensions.logstats] INFO: Crawled 38072 pages (at 179 pages/min), scraped 35991 items (at 169 items/min)
2026-07-26 05:14:52 [pakwheels_full] INFO: Found 25 listings on https://www.pakwheels.com/used-cars/search/-/?sortby=model_year-desc&page=2081
2026-07-26 05:14:59 [pakwheels_full] INFO: Found 25 listings on https://www.pakwheels.com/used-cars/search/-/?sortby=model_year-desc&page=2082
2026-07-26 05:15:05 [pakwheels_full] INFO: Found 25 listings on https://www.pakwheels.com/used-cars/search/-/?sortby=model_year-desc&page=2083
2026-07-26 05:15:10 [pakwheels_full] INFO: Found 25 listings on https://www.pakwheels.com/used-cars/search/-/?sortby=model_year-desc&page=2084
2026-07-26 05:15:16 [pakwheels_full] INFO: Found 25 listings on https://www.pakwheels.com/used-cars/search/-/?sortby=model_year-desc&page=2085
2026-07-26 05:15:23 [pakwheels_full] INFO: Found 25 listings on https://www.pakwheels.com/used-cars/search/-/?sortby=model_year-desc&page=2086
2026-07-26 05:15:29 [pakwheels_full] INFO: Found 25 listings on https://www.pakwheels.com/used-cars/search/-/?sortby=model_year-desc&page=2087
2026-07-26 05:15:34 [pakwheels_full] INFO: Found 25 listings on https://www.pakwheels.com/used-cars/search/-/?sortby=model_year-desc&page=2088
2026-07-26 05:15:40 [pakwheels_full] INFO: Found 25 listings on https://www.pakwheels.com/used-cars/search/-/?sortby=model_year-desc&page=2089
2026-07-26 05:15:46 [pakwheels_full] INFO: Found 25 listings on https://www.pakwheels.com/used-cars/search/-/?sortby=model_year-desc&page=2090
2026-07-26 05:15:48 [scrapy.extensions.logstats] INFO: Crawled 38252 pages (at 180 pages/min), scraped 36162 items (at 171 items/min)
2026-07-26 05:15:52 [pakwheels_full] INFO: Found 25 listings on https://www.pakwheels.com/used-cars/search/-/?sortby=model_year-desc&page=2091
2026-07-26 05:15:58 [pakwheels_full] INFO: Found 25 listings on https://www.pakwheels.com/used-cars/search/-/?sortby=model_year-desc&page=2092
2026-07-26 05:16:03 [pakwheels_full] INFO: Found 25 listings on https://www.pakwheels.com/used-cars/search/-/?sortby=model_year-desc&page=2093
2026-07-26 05:16:09 [pakwheels_full] INFO: Found 25 listings on https://www.pakwheels.com/used-cars/search/-/?sortby=model_year-desc&page=2094
2026-07-26 05:16:15 [pakwheels_full] INFO: Found 25 listings on https://www.pakwheels.com/used-cars/search/-/?sortby=model_year-desc&page=2095
2026-07-26 05:16:21 [pakwheels_full] INFO: Found 25 listings on https://www.pakwheels.com/used-cars/search/-/?sortby=model_year-desc&page=2096
2026-07-26 05:16:27 [pakwheels_full] INFO: Found 25 listings on https://www.pakwheels.com/used-cars/search/-/?sortby=model_year-desc&page=2097
2026-07-26 05:16:34 [pakwheels_full] INFO: Found 25 listings on https://www.pakwheels.com/used-cars/search/-/?sortby=model_year-desc&page=2098
2026-07-26 05:16:39 [pakwheels_full] INFO: Found 25 listings on https://www.pakwheels.com/used-cars/search/-/?sortby=model_year-desc&page=2099
2026-07-26 05:16:45 [pakwheels_full] INFO: Found 25 listings on https://www.pakwheels.com/used-cars/search/-/?sortby=model_year-desc&page=2100
2026-07-26 05:16:48 [scrapy.extensions.logstats] INFO: Crawled 38433 pages (at 181 pages/min), scraped 36333 items (at 171 items/min)
2026-07-26 05:16:51 [pakwheels_full] INFO: Found 25 listings on https://www.pakwheels.com/used-cars/search/-/?sortby=model_year-desc&page=2101
2026-07-26 05:16:57 [pakwheels_full] INFO: Found 25 listings on https://www.pakwheels.com/used-cars/search/-/?sortby=model_year-desc&page=2102
2026-07-26 05:17:03 [pakwheels_full] INFO: Found 25 listings on https://www.pakwheels.com/used-cars/search/-/?sortby=model_year-desc&page=2103
2026-07-26 05:17:09 [pakwheels_full] INFO: Found 25 listings on https://www.pakwheels.com/used-cars/search/-/?sortby=model_year-desc&page=2104
2026-07-26 05:17:15 [pakwheels_full] INFO: Found 25 listings on https://www.pakwheels.com/used-cars/search/-/?sortby=model_year-desc&page=2105
2026-07-26 05:17:21 [pakwheels_full] INFO: Found 25 listings on https://www.pakwheels.com/used-cars/search/-/?sortby=model_year-desc&page=2106
2026-07-26 05:17:27 [pakwheels_full] INFO: Found 25 listings on https://www.pakwheels.com/used-cars/search/-/?sortby=model_year-desc&page=2107
2026-07-26 05:17:33 [pakwheels_full] INFO: Found 25 listings on https://www.pakwheels.com/used-cars/search/-/?sortby=model_year-desc&page=2108
2026-07-26 05:17:39 [pakwheels_full] INFO: Found 25 listings on https://www.pakwheels.com/used-cars/search/-/?sortby=model_year-desc&page=2109
2026-07-26 05:17:45 [pakwheels_full] INFO: Found 25 listings on https://www.pakwheels.com/used-cars/search/-/?sortby=model_year-desc&page=2110
2026-07-26 05:17:48 [scrapy.extensions.logstats] INFO: Crawled 38617 pages (at 184 pages/min), scraped 36507 items (at 174 items/min)
2026-07-26 05:17:50 [pakwheels_full] INFO: Found 25 listings on https://www.pakwheels.com/used-cars/search/-/?sortby=model_year-desc&page=2111
2026-07-26 05:17:56 [pakwheels_full] INFO: Found 25 listings on https://www.pakwheels.com/used-cars/search/-/?sortby=model_year-desc&page=2112
2026-07-26 05:18:03 [pakwheels_full] INFO: Found 25 listings on https://www.pakwheels.com/used-cars/search/-/?sortby=model_year-desc&page=2113
2026-07-26 05:18:09 [pakwheels_full] INFO: Found 25 listings on https://www.pakwheels.com/used-cars/search/-/?sortby=model_year-desc&page=2114
2026-07-26 05:18:15 [pakwheels_full] INFO: Found 25 listings on https://www.pakwheels.com/used-cars/search/-/?sortby=model_year-desc&page=2115
2026-07-26 05:18:21 [pakwheels_full] INFO: Found 25 listings on https://www.pakwheels.com/used-cars/search/-/?sortby=model_year-desc&page=2116
2026-07-26 05:18:29 [pakwheels_full] INFO: Found 25 listings on https://www.pakwheels.com/used-cars/search/-/?sortby=model_year-desc&page=2117
2026-07-26 05:18:36 [pakwheels_full] INFO: Found 25 listings on https://www.pakwheels.com/used-cars/search/-/?sortby=model_year-desc&page=2118
2026-07-26 05:18:42 [pakwheels_full] INFO: Found 25 listings on https://www.pakwheels.com/used-cars/search/-/?sortby=model_year-desc&page=2119
2026-07-26 05:18:48 [scrapy.extensions.logstats] INFO: Crawled 38782 pages (at 165 pages/min), scraped 36662 items (at 155 items/min)
2026-07-26 05:18:51 [pakwheels_full] INFO: Found 25 listings on https://www.pakwheels.com/used-cars/search/-/?sortby=model_year-desc&page=2120
2026-07-26 05:18:58 [pakwheels_full] INFO: Found 25 listings on https://www.pakwheels.com/used-cars/search/-/?sortby=model_year-desc&page=2121
2026-07-26 05:19:05 [pakwheels_full] INFO: Found 25 listings on https://www.pakwheels.com/used-cars/search/-/?sortby=model_year-desc&page=2122
2026-07-26 05:19:12 [pakwheels_full] INFO: Found 25 listings on https://www.pakwheels.com/used-cars/search/-/?sortby=model_year-desc&page=2123
2026-07-26 05:19:17 [pakwheels_full] INFO: Found 25 listings on https://www.pakwheels.com/used-cars/search/-/?sortby=model_year-desc&page=2124
2026-07-26 05:19:24 [pakwheels_full] INFO: Found 25 listings on https://www.pakwheels.com/used-cars/search/-/?sortby=model_year-desc&page=2125
2026-07-26 05:19:31 [pakwheels_full] INFO: Found 25 listings on https://www.pakwheels.com/used-cars/search/-/?sortby=model_year-desc&page=2126
2026-07-26 05:19:38 [pakwheels_full] INFO: Found 25 listings on https://www.pakwheels.com/used-cars/search/-/?sortby=model_year-desc&page=2127
2026-07-26 05:19:44 [pakwheels_full] INFO: Found 25 listings on https://www.pakwheels.com/used-cars/search/-/?sortby=model_year-desc&page=2128
2026-07-26 05:19:48 [scrapy.extensions.logstats] INFO: Crawled 38946 pages (at 164 pages/min), scraped 36818 items (at 156 items/min)
2026-07-26 05:19:50 [pakwheels_full] INFO: Found 25 listings on https://www.pakwheels.com/used-cars/search/-/?sortby=model_year-desc&page=2129
2026-07-26 05:19:56 [pakwheels_full] INFO: Found 25 listings on https://www.pakwheels.com/used-cars/search/-/?sortby=model_year-desc&page=2130
2026-07-26 05:20:03 [pakwheels_full] INFO: Found 25 listings on https://www.pakwheels.com/used-cars/search/-/?sortby=model_year-desc&page=2131
2026-07-26 05:20:09 [pakwheels_full] INFO: Found 25 listings on https://www.pakwheels.com/used-cars/search/-/?sortby=model_year-desc&page=2132
2026-07-26 05:20:15 [pakwheels_full] INFO: Found 25 listings on https://www.pakwheels.com/used-cars/search/-/?sortby=model_year-desc&page=2133
2026-07-26 05:20:21 [pakwheels_full] INFO: Found 25 listings on https://www.pakwheels.com/used-cars/search/-/?sortby=model_year-desc&page=2134
2026-07-26 05:20:28 [pakwheels_full] INFO: Found 25 listings on https://www.pakwheels.com/used-cars/search/-/?sortby=model_year-desc&page=2135
2026-07-26 05:20:34 [pakwheels_full] INFO: Found 25 listings on https://www.pakwheels.com/used-cars/search/-/?sortby=model_year-desc&page=2136
2026-07-26 05:20:40 [pakwheels_full] INFO: Found 25 listings on https://www.pakwheels.com/used-cars/search/-/?sortby=model_year-desc&page=2137
2026-07-26 05:20:45 [pakwheels_full] INFO: Found 25 listings on https://www.pakwheels.com/used-cars/search/-/?sortby=model_year-desc&page=2138
2026-07-26 05:20:48 [scrapy.extensions.logstats] INFO: Crawled 39126 pages (at 180 pages/min), scraped 36988 items (at 170 items/min)
2026-07-26 05:20:51 [pakwheels_full] INFO: Found 25 listings on https://www.pakwheels.com/used-cars/search/-/?sortby=model_year-desc&page=2139
2026-07-26 05:20:58 [pakwheels_full] INFO: Found 25 listings on https://www.pakwheels.com/used-cars/search/-/?sortby=model_year-desc&page=2140
2026-07-26 05:21:05 [pakwheels_full] INFO: Found 25 listings on https://www.pakwheels.com/used-cars/search/-/?sortby=model_year-desc&page=2141
2026-07-26 05:21:11 [pakwheels_full] INFO: Found 25 listings on https://www.pakwheels.com/used-cars/search/-/?sortby=model_year-desc&page=2142
2026-07-26 05:21:17 [pakwheels_full] INFO: Found 25 listings on https://www.pakwheels.com/used-cars/search/-/?sortby=model_year-desc&page=2143
2026-07-26 05:21:24 [pakwheels_full] INFO: Found 25 listings on https://www.pakwheels.com/used-cars/search/-/?sortby=model_year-desc&page=2144
2026-07-26 05:21:32 [pakwheels_full] INFO: Found 25 listings on https://www.pakwheels.com/used-cars/search/-/?sortby=model_year-desc&page=2145
2026-07-26 05:21:38 [pakwheels_full] INFO: Found 25 listings on https://www.pakwheels.com/used-cars/search/-/?sortby=model_year-desc&page=2146
2026-07-26 05:21:44 [pakwheels_full] INFO: Found 25 listings on https://www.pakwheels.com/used-cars/search/-/?sortby=model_year-desc&page=2147
2026-07-26 05:21:48 [scrapy.extensions.logstats] INFO: Crawled 39297 pages (at 171 pages/min), scraped 37150 items (at 162 items/min)
2026-07-26 05:21:50 [pakwheels_full] INFO: Found 25 listings on https://www.pakwheels.com/used-cars/search/-/?sortby=model_year-desc&page=2148
2026-07-26 05:21:56 [pakwheels_full] INFO: Found 25 listings on https://www.pakwheels.com/used-cars/search/-/?sortby=model_year-desc&page=2149
2026-07-26 05:22:02 [pakwheels_full] INFO: Found 25 listings on https://www.pakwheels.com/used-cars/search/-/?sortby=model_year-desc&page=2150
2026-07-26 05:22:09 [pakwheels_full] INFO: Found 25 listings on https://www.pakwheels.com/used-cars/search/-/?sortby=model_year-desc&page=2151
2026-07-26 05:22:15 [pakwheels_full] INFO: Found 25 listings on https://www.pakwheels.com/used-cars/search/-/?sortby=model_year-desc&page=2152
2026-07-26 05:22:21 [pakwheels_full] INFO: Found 25 listings on https://www.pakwheels.com/used-cars/search/-/?sortby=model_year-desc&page=2153
2026-07-26 05:22:27 [pakwheels_full] INFO: Found 25 listings on https://www.pakwheels.com/used-cars/search/-/?sortby=model_year-desc&page=2154
2026-07-26 05:22:33 [pakwheels_full] INFO: Found 25 listings on https://www.pakwheels.com/used-cars/search/-/?sortby=model_year-desc&page=2155
2026-07-26 05:22:40 [pakwheels_full] INFO: Found 25 listings on https://www.pakwheels.com/used-cars/search/-/?sortby=model_year-desc&page=2156
2026-07-26 05:22:45 [pakwheels_full] INFO: Found 25 listings on https://www.pakwheels.com/used-cars/search/-/?sortby=model_year-desc&page=2157
2026-07-26 05:22:48 [scrapy.extensions.logstats] INFO: Crawled 39476 pages (at 179 pages/min), scraped 37318 items (at 168 items/min)
2026-07-26 05:22:51 [pakwheels_full] INFO: Found 25 listings on https://www.pakwheels.com/used-cars/search/-/?sortby=model_year-desc&page=2158
2026-07-26 05:22:56 [pakwheels_full] INFO: Found 25 listings on https://www.pakwheels.com/used-cars/search/-/?sortby=model_year-desc&page=2159
2026-07-26 05:23:03 [pakwheels_full] INFO: Found 25 listings on https://www.pakwheels.com/used-cars/search/-/?sortby=model_year-desc&page=2160
2026-07-26 05:23:09 [pakwheels_full] INFO: Found 25 listings on https://www.pakwheels.com/used-cars/search/-/?sortby=model_year-desc&page=2161
2026-07-26 05:23:15 [pakwheels_full] INFO: Found 25 listings on https://www.pakwheels.com/used-cars/search/-/?sortby=model_year-desc&page=2162
2026-07-26 05:23:20 [pakwheels_full] INFO: Found 25 listings on https://www.pakwheels.com/used-cars/search/-/?sortby=model_year-desc&page=2163
2026-07-26 05:23:26 [pakwheels_full] INFO: Found 25 listings on https://www.pakwheels.com/used-cars/search/-/?sortby=model_year-desc&page=2164
2026-07-26 05:23:32 [pakwheels_full] INFO: Found 25 listings on https://www.pakwheels.com/used-cars/search/-/?sortby=model_year-desc&page=2165
2026-07-26 05:23:39 [pakwheels_full] INFO: Found 25 listings on https://www.pakwheels.com/used-cars/search/-/?sortby=model_year-desc&page=2166
2026-07-26 05:23:45 [pakwheels_full] INFO: Found 25 listings on https://www.pakwheels.com/used-cars/search/-/?sortby=model_year-desc&page=2167
2026-07-26 05:23:48 [scrapy.extensions.logstats] INFO: Crawled 39654 pages (at 178 pages/min), scraped 37487 items (at 169 items/min)
2026-07-26 05:23:52 [pakwheels_full] INFO: Found 25 listings on https://www.pakwheels.com/used-cars/search/-/?sortby=model_year-desc&page=2168
2026-07-26 05:23:57 [pakwheels_full] INFO: Found 25 listings on https://www.pakwheels.com/used-cars/search/-/?sortby=model_year-desc&page=2169
2026-07-26 05:24:03 [pakwheels_full] INFO: Found 25 listings on https://www.pakwheels.com/used-cars/search/-/?sortby=model_year-desc&page=2170
2026-07-26 05:24:10 [pakwheels_full] INFO: Found 25 listings on https://www.pakwheels.com/used-cars/search/-/?sortby=model_year-desc&page=2171
2026-07-26 05:24:15 [pakwheels_full] INFO: Found 25 listings on https://www.pakwheels.com/used-cars/search/-/?sortby=model_year-desc&page=2172
2026-07-26 05:24:21 [pakwheels_full] INFO: Found 25 listings on https://www.pakwheels.com/used-cars/search/-/?sortby=model_year-desc&page=2173
2026-07-26 05:24:27 [pakwheels_full] INFO: Found 25 listings on https://www.pakwheels.com/used-cars/search/-/?sortby=model_year-desc&page=2174
2026-07-26 05:24:34 [pakwheels_full] INFO: Found 25 listings on https://www.pakwheels.com/used-cars/search/-/?sortby=model_year-desc&page=2175
2026-07-26 05:24:40 [pakwheels_full] INFO: Found 25 listings on https://www.pakwheels.com/used-cars/search/-/?sortby=model_year-desc&page=2176
2026-07-26 05:24:46 [pakwheels_full] INFO: Found 25 listings on https://www.pakwheels.com/used-cars/search/-/?sortby=model_year-desc&page=2177
2026-07-26 05:24:48 [scrapy.extensions.logstats] INFO: Crawled 39832 pages (at 178 pages/min), scraped 37655 items (at 168 items/min)
2026-07-26 05:24:52 [pakwheels_full] INFO: Found 25 listings on https://www.pakwheels.com/used-cars/search/-/?sortby=model_year-desc&page=2178
2026-07-26 05:24:58 [pakwheels_full] INFO: Found 25 listings on https://www.pakwheels.com/used-cars/search/-/?sortby=model_year-desc&page=2179
2026-07-26 05:25:04 [pakwheels_full] INFO: Found 25 listings on https://www.pakwheels.com/used-cars/search/-/?sortby=model_year-desc&page=2180
2026-07-26 05:25:10 [pakwheels_full] INFO: Found 25 listings on https://www.pakwheels.com/used-cars/search/-/?sortby=model_year-desc&page=2181
2026-07-26 05:25:16 [pakwheels_full] INFO: Found 25 listings on https://www.pakwheels.com/used-cars/search/-/?sortby=model_year-desc&page=2182
2026-07-26 05:25:22 [pakwheels_full] INFO: Found 25 listings on https://www.pakwheels.com/used-cars/search/-/?sortby=model_year-desc&page=2183
2026-07-26 05:25:28 [pakwheels_full] INFO: Found 25 listings on https://www.pakwheels.com/used-cars/search/-/?sortby=model_year-desc&page=2184
2026-07-26 05:25:34 [pakwheels_full] INFO: Found 25 listings on https://www.pakwheels.com/used-cars/search/-/?sortby=model_year-desc&page=2185
2026-07-26 05:25:41 [pakwheels_full] INFO: Found 25 listings on https://www.pakwheels.com/used-cars/search/-/?sortby=model_year-desc&page=2186
2026-07-26 05:25:46 [pakwheels_full] INFO: Found 25 listings on https://www.pakwheels.com/used-cars/search/-/?sortby=model_year-desc&page=2187
2026-07-26 05:25:48 [scrapy.extensions.logstats] INFO: Crawled 40010 pages (at 178 pages/min), scraped 37822 items (at 167 items/min)
2026-07-26 05:25:53 [pakwheels_full] INFO: Found 25 listings on https://www.pakwheels.com/used-cars/search/-/?sortby=model_year-desc&page=2188
2026-07-26 05:25:59 [pakwheels_full] INFO: Found 25 listings on https://www.pakwheels.com/used-cars/search/-/?sortby=model_year-desc&page=2189
2026-07-26 05:26:05 [pakwheels_full] INFO: Found 25 listings on https://www.pakwheels.com/used-cars/search/-/?sortby=model_year-desc&page=2190
2026-07-26 05:26:11 [pakwheels_full] INFO: Found 25 listings on https://www.pakwheels.com/used-cars/search/-/?sortby=model_year-desc&page=2191
2026-07-26 05:26:18 [pakwheels_full] INFO: Found 25 listings on https://www.pakwheels.com/used-cars/search/-/?sortby=model_year-desc&page=2192
2026-07-26 05:26:24 [pakwheels_full] INFO: Found 25 listings on https://www.pakwheels.com/used-cars/search/-/?sortby=model_year-desc&page=2193
2026-07-26 05:26:30 [pakwheels_full] INFO: Found 25 listings on https://www.pakwheels.com/used-cars/search/-/?sortby=model_year-desc&page=2194
2026-07-26 05:26:37 [pakwheels_full] INFO: Found 25 listings on https://www.pakwheels.com/used-cars/search/-/?sortby=model_year-desc&page=2195
2026-07-26 05:26:44 [pakwheels_full] INFO: Found 25 listings on https://www.pakwheels.com/used-cars/search/-/?sortby=model_year-desc&page=2196
2026-07-26 05:26:48 [scrapy.extensions.logstats] INFO: Crawled 40190 pages (at 180 pages/min), scraped 37994 items (at 172 items/min)
2026-07-26 05:26:50 [pakwheels_full] INFO: Found 25 listings on https://www.pakwheels.com/used-cars/search/-/?sortby=model_year-desc&page=2197
2026-07-26 05:26:55 [pakwheels_full] INFO: Found 25 listings on https://www.pakwheels.com/used-cars/search/-/?sortby=model_year-desc&page=2198
2026-07-26 05:27:02 [pakwheels_full] INFO: Found 25 listings on https://www.pakwheels.com/used-cars/search/-/?sortby=model_year-desc&page=2199
2026-07-26 05:27:08 [pakwheels_full] INFO: Found 25 listings on https://www.pakwheels.com/used-cars/search/-/?sortby=model_year-desc&page=2200
2026-07-26 05:27:14 [pakwheels_full] INFO: Found 25 listings on https://www.pakwheels.com/used-cars/search/-/?sortby=model_year-desc&page=2201
2026-07-26 05:27:20 [pakwheels_full] INFO: Found 25 listings on https://www.pakwheels.com/used-cars/search/-/?sortby=model_year-desc&page=2202
2026-07-26 05:27:26 [pakwheels_full] INFO: Found 25 listings on https://www.pakwheels.com/used-cars/search/-/?sortby=model_year-desc&page=2203
2026-07-26 05:27:33 [pakwheels_full] INFO: Found 25 listings on https://www.pakwheels.com/used-cars/search/-/?sortby=model_year-desc&page=2204
2026-07-26 05:27:39 [pakwheels_full] INFO: Found 25 listings on https://www.pakwheels.com/used-cars/search/-/?sortby=model_year-desc&page=2205
2026-07-26 05:27:45 [pakwheels_full] INFO: Found 25 listings on https://www.pakwheels.com/used-cars/search/-/?sortby=model_year-desc&page=2206
2026-07-26 05:27:48 [scrapy.extensions.logstats] INFO: Crawled 40368 pages (at 178 pages/min), scraped 38162 items (at 168 items/min)
2026-07-26 05:27:51 [pakwheels_full] INFO: Found 25 listings on https://www.pakwheels.com/used-cars/search/-/?sortby=model_year-desc&page=2207
2026-07-26 05:27:57 [pakwheels_full] INFO: Found 25 listings on https://www.pakwheels.com/used-cars/search/-/?sortby=model_year-desc&page=2208
2026-07-26 05:28:02 [pakwheels_full] INFO: Found 25 listings on https://www.pakwheels.com/used-cars/search/-/?sortby=model_year-desc&page=2209
2026-07-26 05:28:08 [pakwheels_full] INFO: Found 25 listings on https://www.pakwheels.com/used-cars/search/-/?sortby=model_year-desc&page=2210
2026-07-26 05:28:13 [pakwheels_full] INFO: Found 25 listings on https://www.pakwheels.com/used-cars/search/-/?sortby=model_year-desc&page=2211
2026-07-26 05:28:20 [pakwheels_full] INFO: Found 25 listings on https://www.pakwheels.com/used-cars/search/-/?sortby=model_year-desc&page=2212
2026-07-26 05:28:26 [pakwheels_full] INFO: Found 25 listings on https://www.pakwheels.com/used-cars/search/-/?sortby=model_year-desc&page=2213
2026-07-26 05:28:33 [pakwheels_full] INFO: Found 25 listings on https://www.pakwheels.com/used-cars/search/-/?sortby=model_year-desc&page=2214
2026-07-26 05:28:38 [pakwheels_full] INFO: Found 25 listings on https://www.pakwheels.com/used-cars/search/-/?sortby=model_year-desc&page=2215
2026-07-26 05:28:46 [pakwheels_full] INFO: Found 25 listings on https://www.pakwheels.com/used-cars/search/-/?sortby=model_year-desc&page=2216
2026-07-26 05:28:48 [scrapy.extensions.logstats] INFO: Crawled 40543 pages (at 175 pages/min), scraped 38326 items (at 164 items/min)
2026-07-26 05:28:52 [pakwheels_full] INFO: Found 25 listings on https://www.pakwheels.com/used-cars/search/-/?sortby=model_year-desc&page=2217
2026-07-26 05:28:59 [pakwheels_full] INFO: Found 25 listings on https://www.pakwheels.com/used-cars/search/-/?sortby=model_year-desc&page=2218
2026-07-26 05:29:05 [pakwheels_full] INFO: Found 25 listings on https://www.pakwheels.com/used-cars/search/-/?sortby=model_year-desc&page=2219
2026-07-26 05:29:11 [pakwheels_full] INFO: Found 25 listings on https://www.pakwheels.com/used-cars/search/-/?sortby=model_year-desc&page=2220
2026-07-26 05:29:18 [pakwheels_full] INFO: Found 25 listings on https://www.pakwheels.com/used-cars/search/-/?sortby=model_year-desc&page=2221
2026-07-26 05:29:24 [pakwheels_full] INFO: Found 25 listings on https://www.pakwheels.com/used-cars/search/-/?sortby=model_year-desc&page=2222
2026-07-26 05:29:31 [pakwheels_full] INFO: Found 25 listings on https://www.pakwheels.com/used-cars/search/-/?sortby=model_year-desc&page=2223
2026-07-26 05:29:37 [pakwheels_full] INFO: Found 25 listings on https://www.pakwheels.com/used-cars/search/-/?sortby=model_year-desc&page=2224
2026-07-26 05:29:42 [pakwheels_full] INFO: Found 25 listings on https://www.pakwheels.com/used-cars/search/-/?sortby=model_year-desc&page=2225
2026-07-26 05:29:48 [pakwheels_full] INFO: Found 25 listings on https://www.pakwheels.com/used-cars/search/-/?sortby=model_year-desc&page=2226
2026-07-26 05:29:48 [scrapy.extensions.logstats] INFO: Crawled 40717 pages (at 174 pages/min), scraped 38491 items (at 165 items/min)
2026-07-26 05:29:54 [pakwheels_full] INFO: Found 25 listings on https://www.pakwheels.com/used-cars/search/-/?sortby=model_year-desc&page=2227
2026-07-26 05:30:00 [pakwheels_full] INFO: Found 25 listings on https://www.pakwheels.com/used-cars/search/-/?sortby=model_year-desc&page=2228
2026-07-26 05:30:06 [pakwheels_full] INFO: Found 25 listings on https://www.pakwheels.com/used-cars/search/-/?sortby=model_year-desc&page=2229
2026-07-26 05:30:13 [pakwheels_full] INFO: Found 25 listings on https://www.pakwheels.com/used-cars/search/-/?sortby=model_year-desc&page=2230
2026-07-26 05:30:18 [pakwheels_full] INFO: Found 25 listings on https://www.pakwheels.com/used-cars/search/-/?sortby=model_year-desc&page=2231
2026-07-26 05:30:25 [pakwheels_full] INFO: Found 25 listings on https://www.pakwheels.com/used-cars/search/-/?sortby=model_year-desc&page=2232
2026-07-26 05:30:31 [pakwheels_full] INFO: Found 25 listings on https://www.pakwheels.com/used-cars/search/-/?sortby=model_year-desc&page=2233
2026-07-26 05:30:38 [pakwheels_full] INFO: Found 25 listings on https://www.pakwheels.com/used-cars/search/-/?sortby=model_year-desc&page=2234
2026-07-26 05:30:43 [pakwheels_full] INFO: Found 25 listings on https://www.pakwheels.com/used-cars/search/-/?sortby=model_year-desc&page=2235
2026-07-26 05:30:48 [scrapy.extensions.logstats] INFO: Crawled 40894 pages (at 177 pages/min), scraped 38659 items (at 168 items/min)
2026-07-26 05:30:49 [pakwheels_full] INFO: Found 25 listings on https://www.pakwheels.com/used-cars/search/-/?sortby=model_year-desc&page=2236
2026-07-26 05:30:56 [pakwheels_full] INFO: Found 25 listings on https://www.pakwheels.com/used-cars/search/-/?sortby=model_year-desc&page=2237
2026-07-26 05:31:02 [pakwheels_full] INFO: Found 25 listings on https://www.pakwheels.com/used-cars/search/-/?sortby=model_year-desc&page=2238
2026-07-26 05:31:07 [pakwheels_full] INFO: Found 25 listings on https://www.pakwheels.com/used-cars/search/-/?sortby=model_year-desc&page=2239
2026-07-26 05:31:14 [pakwheels_full] INFO: Found 25 listings on https://www.pakwheels.com/used-cars/search/-/?sortby=model_year-desc&page=2240
2026-07-26 05:31:20 [pakwheels_full] INFO: Found 25 listings on https://www.pakwheels.com/used-cars/search/-/?sortby=model_year-desc&page=2241
2026-07-26 05:31:26 [pakwheels_full] INFO: Found 25 listings on https://www.pakwheels.com/used-cars/search/-/?sortby=model_year-desc&page=2242
2026-07-26 05:31:32 [pakwheels_full] INFO: Found 25 listings on https://www.pakwheels.com/used-cars/search/-/?sortby=model_year-desc&page=2243
2026-07-26 05:31:38 [pakwheels_full] INFO: Found 25 listings on https://www.pakwheels.com/used-cars/search/-/?sortby=model_year-desc&page=2244
2026-07-26 05:31:45 [pakwheels_full] INFO: Found 25 listings on https://www.pakwheels.com/used-cars/search/-/?sortby=model_year-desc&page=2245
2026-07-26 05:31:48 [scrapy.extensions.logstats] INFO: Crawled 41071 pages (at 177 pages/min), scraped 38825 items (at 166 items/min)
2026-07-26 05:31:51 [pakwheels_full] INFO: Found 25 listings on https://www.pakwheels.com/used-cars/search/-/?sortby=model_year-desc&page=2246
2026-07-26 05:31:58 [pakwheels_full] INFO: Found 25 listings on https://www.pakwheels.com/used-cars/search/-/?sortby=model_year-desc&page=2247
2026-07-26 05:32:03 [pakwheels_full] INFO: Found 25 listings on https://www.pakwheels.com/used-cars/search/-/?sortby=model_year-desc&page=2248
2026-07-26 05:32:09 [pakwheels_full] INFO: Found 25 listings on https://www.pakwheels.com/used-cars/search/-/?sortby=model_year-desc&page=2249
2026-07-26 05:32:11 [dealwheel_scraper.extractors] WARNING: No usable JSON-LD found on https://www.pakwheels.com/used-cars/mercedes-benz-m-class-2009-for-sale-in-karachi-9954189 — falling back to spec-list/meta-description.
2026-07-26 05:32:15 [pakwheels_full] INFO: Found 25 listings on https://www.pakwheels.com/used-cars/search/-/?sortby=model_year-desc&page=2250
2026-07-26 05:32:22 [pakwheels_full] INFO: Found 25 listings on https://www.pakwheels.com/used-cars/search/-/?sortby=model_year-desc&page=2251
2026-07-26 05:32:27 [pakwheels_full] INFO: Found 25 listings on https://www.pakwheels.com/used-cars/search/-/?sortby=model_year-desc&page=2252
2026-07-26 05:32:33 [pakwheels_full] INFO: Found 25 listings on https://www.pakwheels.com/used-cars/search/-/?sortby=model_year-desc&page=2253
2026-07-26 05:32:39 [pakwheels_full] INFO: Found 25 listings on https://www.pakwheels.com/used-cars/search/-/?sortby=model_year-desc&page=2254
2026-07-26 05:32:45 [pakwheels_full] INFO: Found 25 listings on https://www.pakwheels.com/used-cars/search/-/?sortby=model_year-desc&page=2255
2026-07-26 05:32:48 [scrapy.extensions.logstats] INFO: Crawled 41257 pages (at 186 pages/min), scraped 39002 items (at 177 items/min)
2026-07-26 05:32:51 [pakwheels_full] INFO: Found 25 listings on https://www.pakwheels.com/used-cars/search/-/?sortby=model_year-desc&page=2256
2026-07-26 05:32:58 [pakwheels_full] INFO: Found 25 listings on https://www.pakwheels.com/used-cars/search/-/?sortby=model_year-desc&page=2257
2026-07-26 05:33:03 [pakwheels_full] INFO: Found 25 listings on https://www.pakwheels.com/used-cars/search/-/?sortby=model_year-desc&page=2258
2026-07-26 05:33:10 [pakwheels_full] INFO: Found 25 listings on https://www.pakwheels.com/used-cars/search/-/?sortby=model_year-desc&page=2259
2026-07-26 05:33:16 [pakwheels_full] INFO: Found 25 listings on https://www.pakwheels.com/used-cars/search/-/?sortby=model_year-desc&page=2260
2026-07-26 05:33:22 [pakwheels_full] INFO: Found 25 listings on https://www.pakwheels.com/used-cars/search/-/?sortby=model_year-desc&page=2261
2026-07-26 05:33:27 [pakwheels_full] INFO: Found 25 listings on https://www.pakwheels.com/used-cars/search/-/?sortby=model_year-desc&page=2262
2026-07-26 05:33:33 [pakwheels_full] INFO: Found 25 listings on https://www.pakwheels.com/used-cars/search/-/?sortby=model_year-desc&page=2263
2026-07-26 05:33:38 [pakwheels_full] INFO: Found 25 listings on https://www.pakwheels.com/used-cars/search/-/?sortby=model_year-desc&page=2264
2026-07-26 05:33:46 [pakwheels_full] INFO: Found 25 listings on https://www.pakwheels.com/used-cars/search/-/?sortby=model_year-desc&page=2265
2026-07-26 05:33:48 [scrapy.extensions.logstats] INFO: Crawled 41430 pages (at 173 pages/min), scraped 39165 items (at 163 items/min)
2026-07-26 05:33:53 [pakwheels_full] INFO: Found 25 listings on https://www.pakwheels.com/used-cars/search/-/?sortby=model_year-desc&page=2266
2026-07-26 05:33:59 [pakwheels_full] INFO: Found 25 listings on https://www.pakwheels.com/used-cars/search/-/?sortby=model_year-desc&page=2267
2026-07-26 05:34:04 [pakwheels_full] INFO: Found 25 listings on https://www.pakwheels.com/used-cars/search/-/?sortby=model_year-desc&page=2268
2026-07-26 05:34:11 [pakwheels_full] INFO: Found 25 listings on https://www.pakwheels.com/used-cars/search/-/?sortby=model_year-desc&page=2269
2026-07-26 05:34:18 [pakwheels_full] INFO: Found 25 listings on https://www.pakwheels.com/used-cars/search/-/?sortby=model_year-desc&page=2270
2026-07-26 05:34:23 [pakwheels_full] INFO: Found 25 listings on https://www.pakwheels.com/used-cars/search/-/?sortby=model_year-desc&page=2271
2026-07-26 05:34:29 [pakwheels_full] INFO: Found 25 listings on https://www.pakwheels.com/used-cars/search/-/?sortby=model_year-desc&page=2272
2026-07-26 05:34:34 [pakwheels_full] INFO: Found 25 listings on https://www.pakwheels.com/used-cars/search/-/?sortby=model_year-desc&page=2273
2026-07-26 05:34:41 [pakwheels_full] INFO: Found 25 listings on https://www.pakwheels.com/used-cars/search/-/?sortby=model_year-desc&page=2274
2026-07-26 05:34:47 [pakwheels_full] INFO: Found 25 listings on https://www.pakwheels.com/used-cars/search/-/?sortby=model_year-desc&page=2275
2026-07-26 05:34:48 [scrapy.extensions.logstats] INFO: Crawled 41611 pages (at 181 pages/min), scraped 39335 items (at 170 items/min)
2026-07-26 05:34:53 [pakwheels_full] INFO: Found 25 listings on https://www.pakwheels.com/used-cars/search/-/?sortby=model_year-desc&page=2276
2026-07-26 05:34:59 [pakwheels_full] INFO: Found 25 listings on https://www.pakwheels.com/used-cars/search/-/?sortby=model_year-desc&page=2277
2026-07-26 05:35:06 [pakwheels_full] INFO: Found 25 listings on https://www.pakwheels.com/used-cars/search/-/?sortby=model_year-desc&page=2278
2026-07-26 05:35:12 [pakwheels_full] INFO: Found 25 listings on https://www.pakwheels.com/used-cars/search/-/?sortby=model_year-desc&page=2279
2026-07-26 05:35:19 [pakwheels_full] INFO: Found 25 listings on https://www.pakwheels.com/used-cars/search/-/?sortby=model_year-desc&page=2280
2026-07-26 05:35:25 [pakwheels_full] INFO: Found 25 listings on https://www.pakwheels.com/used-cars/search/-/?sortby=model_year-desc&page=2281
2026-07-26 05:35:32 [pakwheels_full] INFO: Found 25 listings on https://www.pakwheels.com/used-cars/search/-/?sortby=model_year-desc&page=2282
2026-07-26 05:35:38 [pakwheels_full] INFO: Found 25 listings on https://www.pakwheels.com/used-cars/search/-/?sortby=model_year-desc&page=2283
2026-07-26 05:35:44 [pakwheels_full] INFO: Found 25 listings on https://www.pakwheels.com/used-cars/search/-/?sortby=model_year-desc&page=2284
2026-07-26 05:35:48 [scrapy.extensions.logstats] INFO: Crawled 41790 pages (at 179 pages/min), scraped 39505 items (at 170 items/min)
2026-07-26 05:35:49 [pakwheels_full] INFO: Found 25 listings on https://www.pakwheels.com/used-cars/search/-/?sortby=model_year-desc&page=2285
2026-07-26 05:35:55 [pakwheels_full] INFO: Found 25 listings on https://www.pakwheels.com/used-cars/search/-/?sortby=model_year-desc&page=2286
2026-07-26 05:36:01 [pakwheels_full] INFO: Found 25 listings on https://www.pakwheels.com/used-cars/search/-/?sortby=model_year-desc&page=2287
2026-07-26 05:36:06 [pakwheels_full] INFO: Found 25 listings on https://www.pakwheels.com/used-cars/search/-/?sortby=model_year-desc&page=2288
2026-07-26 05:36:13 [pakwheels_full] INFO: Found 25 listings on https://www.pakwheels.com/used-cars/search/-/?sortby=model_year-desc&page=2289
2026-07-26 05:36:19 [pakwheels_full] INFO: Found 25 listings on https://www.pakwheels.com/used-cars/search/-/?sortby=model_year-desc&page=2290
2026-07-26 05:36:25 [pakwheels_full] INFO: Found 25 listings on https://www.pakwheels.com/used-cars/search/-/?sortby=model_year-desc&page=2291
2026-07-26 05:36:31 [pakwheels_full] INFO: Found 25 listings on https://www.pakwheels.com/used-cars/search/-/?sortby=model_year-desc&page=2292
2026-07-26 05:36:38 [pakwheels_full] INFO: Found 25 listings on https://www.pakwheels.com/used-cars/search/-/?sortby=model_year-desc&page=2293
2026-07-26 05:36:44 [pakwheels_full] INFO: Found 25 listings on https://www.pakwheels.com/used-cars/search/-/?sortby=model_year-desc&page=2294
2026-07-26 05:36:48 [scrapy.extensions.logstats] INFO: Crawled 41967 pages (at 177 pages/min), scraped 39672 items (at 167 items/min)
2026-07-26 05:36:50 [pakwheels_full] INFO: Found 25 listings on https://www.pakwheels.com/used-cars/search/-/?sortby=model_year-desc&page=2295
2026-07-26 05:36:56 [pakwheels_full] INFO: Found 25 listings on https://www.pakwheels.com/used-cars/search/-/?sortby=model_year-desc&page=2296
2026-07-26 05:37:02 [pakwheels_full] INFO: Found 25 listings on https://www.pakwheels.com/used-cars/search/-/?sortby=model_year-desc&page=2297
2026-07-26 05:37:08 [pakwheels_full] INFO: Found 25 listings on https://www.pakwheels.com/used-cars/search/-/?sortby=model_year-desc&page=2298
2026-07-26 05:37:14 [pakwheels_full] INFO: Found 25 listings on https://www.pakwheels.com/used-cars/search/-/?sortby=model_year-desc&page=2299
2026-07-26 05:37:21 [pakwheels_full] INFO: Found 25 listings on https://www.pakwheels.com/used-cars/search/-/?sortby=model_year-desc&page=2300
2026-07-26 05:37:27 [pakwheels_full] INFO: Found 25 listings on https://www.pakwheels.com/used-cars/search/-/?sortby=model_year-desc&page=2301
2026-07-26 05:37:34 [pakwheels_full] INFO: Found 25 listings on https://www.pakwheels.com/used-cars/search/-/?sortby=model_year-desc&page=2302
2026-07-26 05:37:40 [pakwheels_full] INFO: Found 25 listings on https://www.pakwheels.com/used-cars/search/-/?sortby=model_year-desc&page=2303
2026-07-26 05:37:46 [pakwheels_full] INFO: Found 25 listings on https://www.pakwheels.com/used-cars/search/-/?sortby=model_year-desc&page=2304
2026-07-26 05:37:48 [scrapy.extensions.logstats] INFO: Crawled 42145 pages (at 178 pages/min), scraped 39841 items (at 169 items/min)
2026-07-26 05:37:52 [pakwheels_full] INFO: Found 25 listings on https://www.pakwheels.com/used-cars/search/-/?sortby=model_year-desc&page=2305
2026-07-26 05:37:59 [pakwheels_full] INFO: Found 25 listings on https://www.pakwheels.com/used-cars/search/-/?sortby=model_year-desc&page=2306
2026-07-26 05:38:05 [pakwheels_full] INFO: Found 25 listings on https://www.pakwheels.com/used-cars/search/-/?sortby=model_year-desc&page=2307
2026-07-26 05:38:12 [pakwheels_full] INFO: Found 25 listings on https://www.pakwheels.com/used-cars/search/-/?sortby=model_year-desc&page=2308
2026-07-26 05:38:18 [pakwheels_full] INFO: Found 25 listings on https://www.pakwheels.com/used-cars/search/-/?sortby=model_year-desc&page=2309
2026-07-26 05:38:24 [pakwheels_full] INFO: Found 25 listings on https://www.pakwheels.com/used-cars/search/-/?sortby=model_year-desc&page=2310
2026-07-26 05:38:31 [pakwheels_full] INFO: Found 25 listings on https://www.pakwheels.com/used-cars/search/-/?sortby=model_year-desc&page=2311
2026-07-26 05:38:36 [pakwheels_full] INFO: Found 25 listings on https://www.pakwheels.com/used-cars/search/-/?sortby=model_year-desc&page=2312
2026-07-26 05:38:42 [pakwheels_full] INFO: Found 25 listings on https://www.pakwheels.com/used-cars/search/-/?sortby=model_year-desc&page=2313
2026-07-26 05:38:47 [pakwheels_full] INFO: Found 25 listings on https://www.pakwheels.com/used-cars/search/-/?sortby=model_year-desc&page=2314
2026-07-26 05:38:48 [scrapy.extensions.logstats] INFO: Crawled 42324 pages (at 179 pages/min), scraped 40009 items (at 168 items/min)
2026-07-26 05:38:53 [pakwheels_full] INFO: Found 25 listings on https://www.pakwheels.com/used-cars/search/-/?sortby=model_year-desc&page=2315
2026-07-26 05:39:00 [pakwheels_full] INFO: Found 25 listings on https://www.pakwheels.com/used-cars/search/-/?sortby=model_year-desc&page=2316
2026-07-26 05:39:07 [pakwheels_full] INFO: Found 25 listings on https://www.pakwheels.com/used-cars/search/-/?sortby=model_year-desc&page=2317
2026-07-26 05:39:13 [pakwheels_full] INFO: Found 25 listings on https://www.pakwheels.com/used-cars/search/-/?sortby=model_year-desc&page=2318
2026-07-26 05:39:18 [pakwheels_full] INFO: Found 25 listings on https://www.pakwheels.com/used-cars/search/-/?sortby=model_year-desc&page=2319
2026-07-26 05:39:24 [pakwheels_full] INFO: Found 25 listings on https://www.pakwheels.com/used-cars/search/-/?sortby=model_year-desc&page=2320
2026-07-26 05:39:31 [pakwheels_full] INFO: Found 25 listings on https://www.pakwheels.com/used-cars/search/-/?sortby=model_year-desc&page=2321
2026-07-26 05:39:37 [pakwheels_full] INFO: Found 25 listings on https://www.pakwheels.com/used-cars/search/-/?sortby=model_year-desc&page=2322
2026-07-26 05:39:44 [pakwheels_full] INFO: Found 25 listings on https://www.pakwheels.com/used-cars/search/-/?sortby=model_year-desc&page=2323
2026-07-26 05:39:48 [scrapy.extensions.logstats] INFO: Crawled 42489 pages (at 165 pages/min), scraped 40166 items (at 157 items/min)
2026-07-26 05:39:50 [pakwheels_full] INFO: Found 25 listings on https://www.pakwheels.com/used-cars/search/-/?sortby=model_year-desc&page=2324
2026-07-26 05:39:57 [pakwheels_full] INFO: Found 25 listings on https://www.pakwheels.com/used-cars/search/-/?sortby=model_year-desc&page=2325
2026-07-26 05:40:03 [pakwheels_full] INFO: Found 25 listings on https://www.pakwheels.com/used-cars/search/-/?sortby=model_year-desc&page=2326
2026-07-26 05:40:08 [pakwheels_full] INFO: Found 25 listings on https://www.pakwheels.com/used-cars/search/-/?sortby=model_year-desc&page=2327
2026-07-26 05:40:13 [pakwheels_full] INFO: Found 25 listings on https://www.pakwheels.com/used-cars/search/-/?sortby=model_year-desc&page=2328
2026-07-26 05:40:19 [pakwheels_full] INFO: Found 25 listings on https://www.pakwheels.com/used-cars/search/-/?sortby=model_year-desc&page=2329
2026-07-26 05:40:25 [pakwheels_full] INFO: Found 25 listings on https://www.pakwheels.com/used-cars/search/-/?sortby=model_year-desc&page=2330
2026-07-26 05:40:33 [pakwheels_full] INFO: Found 25 listings on https://www.pakwheels.com/used-cars/search/-/?sortby=model_year-desc&page=2331
2026-07-26 05:40:39 [pakwheels_full] INFO: Found 25 listings on https://www.pakwheels.com/used-cars/search/-/?sortby=model_year-desc&page=2332
2026-07-26 05:40:45 [pakwheels_full] INFO: Found 25 listings on https://www.pakwheels.com/used-cars/search/-/?sortby=model_year-desc&page=2333
2026-07-26 05:40:48 [scrapy.extensions.logstats] INFO: Crawled 42666 pages (at 177 pages/min), scraped 40332 items (at 166 items/min)
2026-07-26 05:40:51 [pakwheels_full] INFO: Found 25 listings on https://www.pakwheels.com/used-cars/search/-/?sortby=model_year-desc&page=2334
2026-07-26 05:40:57 [pakwheels_full] INFO: Found 25 listings on https://www.pakwheels.com/used-cars/search/-/?sortby=model_year-desc&page=2335
2026-07-26 05:41:03 [pakwheels_full] INFO: Found 25 listings on https://www.pakwheels.com/used-cars/search/-/?sortby=model_year-desc&page=2336
2026-07-26 05:41:11 [pakwheels_full] INFO: Found 25 listings on https://www.pakwheels.com/used-cars/search/-/?sortby=model_year-desc&page=2337
2026-07-26 05:41:16 [pakwheels_full] INFO: Found 25 listings on https://www.pakwheels.com/used-cars/search/-/?sortby=model_year-desc&page=2338
2026-07-26 05:41:21 [pakwheels_full] INFO: Found 25 listings on https://www.pakwheels.com/used-cars/search/-/?sortby=model_year-desc&page=2339
2026-07-26 05:41:28 [pakwheels_full] INFO: Found 25 listings on https://www.pakwheels.com/used-cars/search/-/?sortby=model_year-desc&page=2340
2026-07-26 05:41:33 [pakwheels_full] INFO: Found 25 listings on https://www.pakwheels.com/used-cars/search/-/?sortby=model_year-desc&page=2341
2026-07-26 05:41:39 [pakwheels_full] INFO: Found 25 listings on https://www.pakwheels.com/used-cars/search/-/?sortby=model_year-desc&page=2342
2026-07-26 05:41:45 [pakwheels_full] INFO: Found 25 listings on https://www.pakwheels.com/used-cars/search/-/?sortby=model_year-desc&page=2343
2026-07-26 05:41:48 [scrapy.extensions.logstats] INFO: Crawled 42847 pages (at 181 pages/min), scraped 40504 items (at 172 items/min)
2026-07-26 05:41:51 [pakwheels_full] INFO: Found 25 listings on https://www.pakwheels.com/used-cars/search/-/?sortby=model_year-desc&page=2344
2026-07-26 05:41:58 [pakwheels_full] INFO: Found 25 listings on https://www.pakwheels.com/used-cars/search/-/?sortby=model_year-desc&page=2345
2026-07-26 05:42:04 [pakwheels_full] INFO: Found 25 listings on https://www.pakwheels.com/used-cars/search/-/?sortby=model_year-desc&page=2346
2026-07-26 05:42:09 [pakwheels_full] INFO: Found 25 listings on https://www.pakwheels.com/used-cars/search/-/?sortby=model_year-desc&page=2347
2026-07-26 05:42:15 [pakwheels_full] INFO: Found 25 listings on https://www.pakwheels.com/used-cars/search/-/?sortby=model_year-desc&page=2348
2026-07-26 05:42:22 [pakwheels_full] INFO: Found 25 listings on https://www.pakwheels.com/used-cars/search/-/?sortby=model_year-desc&page=2349
2026-07-26 05:42:28 [pakwheels_full] INFO: Found 25 listings on https://www.pakwheels.com/used-cars/search/-/?sortby=model_year-desc&page=2350
2026-07-26 05:42:33 [pakwheels_full] INFO: Found 25 listings on https://www.pakwheels.com/used-cars/search/-/?sortby=model_year-desc&page=2351
2026-07-26 05:42:39 [pakwheels_full] INFO: Found 25 listings on https://www.pakwheels.com/used-cars/search/-/?sortby=model_year-desc&page=2352
2026-07-26 05:42:46 [pakwheels_full] INFO: Found 25 listings on https://www.pakwheels.com/used-cars/search/-/?sortby=model_year-desc&page=2353
2026-07-26 05:42:48 [scrapy.extensions.logstats] INFO: Crawled 43021 pages (at 174 pages/min), scraped 40668 items (at 164 items/min)
2026-07-26 05:42:52 [pakwheels_full] INFO: Found 25 listings on https://www.pakwheels.com/used-cars/search/-/?sortby=model_year-desc&page=2354
2026-07-26 05:42:57 [pakwheels_full] INFO: Found 25 listings on https://www.pakwheels.com/used-cars/search/-/?sortby=model_year-desc&page=2355
2026-07-26 05:43:03 [pakwheels_full] INFO: Found 25 listings on https://www.pakwheels.com/used-cars/search/-/?sortby=model_year-desc&page=2356
2026-07-26 05:43:09 [pakwheels_full] INFO: Found 25 listings on https://www.pakwheels.com/used-cars/search/-/?sortby=model_year-desc&page=2357
2026-07-26 05:43:15 [pakwheels_full] INFO: Found 25 listings on https://www.pakwheels.com/used-cars/search/-/?sortby=model_year-desc&page=2358
2026-07-26 05:43:21 [pakwheels_full] INFO: Found 25 listings on https://www.pakwheels.com/used-cars/search/-/?sortby=model_year-desc&page=2359
2026-07-26 05:43:27 [pakwheels_full] INFO: Found 25 listings on https://www.pakwheels.com/used-cars/search/-/?sortby=model_year-desc&page=2360
2026-07-26 05:43:34 [pakwheels_full] INFO: Found 25 listings on https://www.pakwheels.com/used-cars/search/-/?sortby=model_year-desc&page=2361
2026-07-26 05:43:40 [pakwheels_full] INFO: Found 25 listings on https://www.pakwheels.com/used-cars/search/-/?sortby=model_year-desc&page=2362
2026-07-26 05:43:46 [pakwheels_full] INFO: Found 25 listings on https://www.pakwheels.com/used-cars/search/-/?sortby=model_year-desc&page=2363
2026-07-26 05:43:48 [scrapy.extensions.logstats] INFO: Crawled 43206 pages (at 185 pages/min), scraped 40843 items (at 175 items/min)
2026-07-26 05:43:51 [pakwheels_full] INFO: Found 25 listings on https://www.pakwheels.com/used-cars/search/-/?sortby=model_year-desc&page=2364
2026-07-26 05:43:58 [pakwheels_full] INFO: Found 25 listings on https://www.pakwheels.com/used-cars/search/-/?sortby=model_year-desc&page=2365
2026-07-26 05:44:04 [pakwheels_full] INFO: Found 25 listings on https://www.pakwheels.com/used-cars/search/-/?sortby=model_year-desc&page=2366
2026-07-26 05:44:13 [pakwheels_full] INFO: Found 25 listings on https://www.pakwheels.com/used-cars/search/-/?sortby=model_year-desc&page=2367
2026-07-26 05:44:19 [pakwheels_full] INFO: Found 25 listings on https://www.pakwheels.com/used-cars/search/-/?sortby=model_year-desc&page=2368
2026-07-26 05:44:26 [pakwheels_full] INFO: Found 25 listings on https://www.pakwheels.com/used-cars/search/-/?sortby=model_year-desc&page=2369
2026-07-26 05:44:32 [pakwheels_full] INFO: Found 25 listings on https://www.pakwheels.com/used-cars/search/-/?sortby=model_year-desc&page=2370
2026-07-26 05:44:38 [pakwheels_full] INFO: Found 25 listings on https://www.pakwheels.com/used-cars/search/-/?sortby=model_year-desc&page=2371
2026-07-26 05:44:44 [pakwheels_full] INFO: Found 25 listings on https://www.pakwheels.com/used-cars/search/-/?sortby=model_year-desc&page=2372
2026-07-26 05:44:48 [scrapy.extensions.logstats] INFO: Crawled 43375 pages (at 169 pages/min), scraped 41002 items (at 159 items/min)
2026-07-26 05:44:50 [pakwheels_full] INFO: Found 25 listings on https://www.pakwheels.com/used-cars/search/-/?sortby=model_year-desc&page=2373
2026-07-26 05:44:57 [pakwheels_full] INFO: Found 25 listings on https://www.pakwheels.com/used-cars/search/-/?sortby=model_year-desc&page=2374
2026-07-26 05:45:04 [pakwheels_full] INFO: Found 25 listings on https://www.pakwheels.com/used-cars/search/-/?sortby=model_year-desc&page=2375
2026-07-26 05:45:10 [pakwheels_full] INFO: Found 25 listings on https://www.pakwheels.com/used-cars/search/-/?sortby=model_year-desc&page=2376
2026-07-26 05:45:17 [pakwheels_full] INFO: Found 25 listings on https://www.pakwheels.com/used-cars/search/-/?sortby=model_year-desc&page=2377
2026-07-26 05:45:23 [pakwheels_full] INFO: Found 25 listings on https://www.pakwheels.com/used-cars/search/-/?sortby=model_year-desc&page=2378
2026-07-26 05:45:28 [pakwheels_full] INFO: Found 25 listings on https://www.pakwheels.com/used-cars/search/-/?sortby=model_year-desc&page=2379
2026-07-26 05:45:35 [pakwheels_full] INFO: Found 25 listings on https://www.pakwheels.com/used-cars/search/-/?sortby=model_year-desc&page=2380
2026-07-26 05:45:42 [pakwheels_full] INFO: Found 25 listings on https://www.pakwheels.com/used-cars/search/-/?sortby=model_year-desc&page=2381
2026-07-26 05:45:48 [pakwheels_full] INFO: Found 25 listings on https://www.pakwheels.com/used-cars/search/-/?sortby=model_year-desc&page=2382
2026-07-26 05:45:48 [scrapy.extensions.logstats] INFO: Crawled 43554 pages (at 179 pages/min), scraped 41171 items (at 169 items/min)
2026-07-26 05:45:54 [pakwheels_full] INFO: Found 25 listings on https://www.pakwheels.com/used-cars/search/-/?sortby=model_year-desc&page=2383
2026-07-26 05:46:00 [pakwheels_full] INFO: Found 25 listings on https://www.pakwheels.com/used-cars/search/-/?sortby=model_year-desc&page=2384
2026-07-26 05:46:07 [pakwheels_full] INFO: Found 25 listings on https://www.pakwheels.com/used-cars/search/-/?sortby=model_year-desc&page=2385
2026-07-26 05:46:13 [pakwheels_full] INFO: Found 25 listings on https://www.pakwheels.com/used-cars/search/-/?sortby=model_year-desc&page=2386
2026-07-26 05:46:19 [pakwheels_full] INFO: Found 25 listings on https://www.pakwheels.com/used-cars/search/-/?sortby=model_year-desc&page=2387
2026-07-26 05:46:24 [pakwheels_full] INFO: Found 25 listings on https://www.pakwheels.com/used-cars/search/-/?sortby=model_year-desc&page=2388
2026-07-26 05:46:30 [pakwheels_full] INFO: Found 25 listings on https://www.pakwheels.com/used-cars/search/-/?sortby=model_year-desc&page=2389
2026-07-26 05:46:36 [pakwheels_full] INFO: Found 25 listings on https://www.pakwheels.com/used-cars/search/-/?sortby=model_year-desc&page=2390
2026-07-26 05:46:43 [pakwheels_full] INFO: Found 25 listings on https://www.pakwheels.com/used-cars/search/-/?sortby=model_year-desc&page=2391
2026-07-26 05:46:48 [scrapy.extensions.logstats] INFO: Crawled 43734 pages (at 180 pages/min), scraped 41342 items (at 171 items/min)
2026-07-26 05:46:49 [pakwheels_full] INFO: Found 25 listings on https://www.pakwheels.com/used-cars/search/-/?sortby=model_year-desc&page=2392
2026-07-26 05:46:55 [pakwheels_full] INFO: Found 25 listings on https://www.pakwheels.com/used-cars/search/-/?sortby=model_year-desc&page=2393
2026-07-26 05:47:01 [pakwheels_full] INFO: Found 25 listings on https://www.pakwheels.com/used-cars/search/-/?sortby=model_year-desc&page=2394
2026-07-26 05:47:07 [pakwheels_full] INFO: Found 25 listings on https://www.pakwheels.com/used-cars/search/-/?sortby=model_year-desc&page=2395
2026-07-26 05:47:14 [pakwheels_full] INFO: Found 25 listings on https://www.pakwheels.com/used-cars/search/-/?sortby=model_year-desc&page=2396
2026-07-26 05:47:21 [pakwheels_full] INFO: Found 25 listings on https://www.pakwheels.com/used-cars/search/-/?sortby=model_year-desc&page=2397
2026-07-26 05:47:28 [pakwheels_full] INFO: Found 25 listings on https://www.pakwheels.com/used-cars/search/-/?sortby=model_year-desc&page=2398
2026-07-26 05:47:33 [pakwheels_full] INFO: Found 25 listings on https://www.pakwheels.com/used-cars/search/-/?sortby=model_year-desc&page=2399
2026-07-26 05:47:39 [pakwheels_full] INFO: Found 25 listings on https://www.pakwheels.com/used-cars/search/-/?sortby=model_year-desc&page=2400
2026-07-26 05:47:45 [pakwheels_full] INFO: Found 25 listings on https://www.pakwheels.com/used-cars/search/-/?sortby=model_year-desc&page=2401
2026-07-26 05:47:48 [scrapy.extensions.logstats] INFO: Crawled 43909 pages (at 175 pages/min), scraped 41507 items (at 165 items/min)
2026-07-26 05:47:51 [pakwheels_full] INFO: Found 25 listings on https://www.pakwheels.com/used-cars/search/-/?sortby=model_year-desc&page=2402
2026-07-26 05:47:57 [pakwheels_full] INFO: Found 25 listings on https://www.pakwheels.com/used-cars/search/-/?sortby=model_year-desc&page=2403
2026-07-26 05:48:03 [pakwheels_full] INFO: Found 25 listings on https://www.pakwheels.com/used-cars/search/-/?sortby=model_year-desc&page=2404
2026-07-26 05:48:09 [pakwheels_full] INFO: Found 25 listings on https://www.pakwheels.com/used-cars/search/-/?sortby=model_year-desc&page=2405
2026-07-26 05:48:14 [pakwheels_full] INFO: Found 25 listings on https://www.pakwheels.com/used-cars/search/-/?sortby=model_year-desc&page=2406
2026-07-26 05:48:21 [pakwheels_full] INFO: Found 25 listings on https://www.pakwheels.com/used-cars/search/-/?sortby=model_year-desc&page=2407
2026-07-26 05:48:27 [pakwheels_full] INFO: Found 25 listings on https://www.pakwheels.com/used-cars/search/-/?sortby=model_year-desc&page=2408
2026-07-26 05:48:36 [pakwheels_full] INFO: Found 25 listings on https://www.pakwheels.com/used-cars/search/-/?sortby=model_year-desc&page=2409
2026-07-26 05:48:42 [pakwheels_full] INFO: Found 25 listings on https://www.pakwheels.com/used-cars/search/-/?sortby=model_year-desc&page=2410
2026-07-26 05:48:48 [scrapy.extensions.logstats] INFO: Crawled 44082 pages (at 173 pages/min), scraped 41672 items (at 165 items/min)
2026-07-26 05:48:49 [pakwheels_full] INFO: Found 25 listings on https://www.pakwheels.com/used-cars/search/-/?sortby=model_year-desc&page=2411
2026-07-26 05:48:54 [pakwheels_full] INFO: Found 25 listings on https://www.pakwheels.com/used-cars/search/-/?sortby=model_year-desc&page=2412
2026-07-26 05:49:01 [pakwheels_full] INFO: Found 25 listings on https://www.pakwheels.com/used-cars/search/-/?sortby=model_year-desc&page=2413
2026-07-26 05:49:08 [pakwheels_full] INFO: Found 25 listings on https://www.pakwheels.com/used-cars/search/-/?sortby=model_year-desc&page=2414
2026-07-26 05:49:14 [pakwheels_full] INFO: Found 25 listings on https://www.pakwheels.com/used-cars/search/-/?sortby=model_year-desc&page=2415
2026-07-26 05:49:19 [pakwheels_full] INFO: Found 25 listings on https://www.pakwheels.com/used-cars/search/-/?sortby=model_year-desc&page=2416
2026-07-26 05:49:26 [pakwheels_full] INFO: Found 25 listings on https://www.pakwheels.com/used-cars/search/-/?sortby=model_year-desc&page=2417
2026-07-26 05:49:32 [pakwheels_full] INFO: Found 25 listings on https://www.pakwheels.com/used-cars/search/-/?sortby=model_year-desc&page=2418
2026-07-26 05:49:38 [pakwheels_full] INFO: Found 25 listings on https://www.pakwheels.com/used-cars/search/-/?sortby=model_year-desc&page=2419
2026-07-26 05:49:44 [pakwheels_full] INFO: Found 25 listings on https://www.pakwheels.com/used-cars/search/-/?sortby=model_year-desc&page=2420
2026-07-26 05:49:48 [scrapy.extensions.logstats] INFO: Crawled 44256 pages (at 174 pages/min), scraped 41836 items (at 164 items/min)
2026-07-26 05:49:50 [pakwheels_full] INFO: Found 25 listings on https://www.pakwheels.com/used-cars/search/-/?sortby=model_year-desc&page=2421
2026-07-26 05:49:56 [pakwheels_full] INFO: Found 25 listings on https://www.pakwheels.com/used-cars/search/-/?sortby=model_year-desc&page=2422
2026-07-26 05:50:02 [pakwheels_full] INFO: Found 25 listings on https://www.pakwheels.com/used-cars/search/-/?sortby=model_year-desc&page=2423
2026-07-26 05:50:08 [pakwheels_full] INFO: Found 25 listings on https://www.pakwheels.com/used-cars/search/-/?sortby=model_year-desc&page=2424
2026-07-26 05:50:15 [pakwheels_full] INFO: Found 25 listings on https://www.pakwheels.com/used-cars/search/-/?sortby=model_year-desc&page=2425
2026-07-26 05:50:22 [pakwheels_full] INFO: Found 25 listings on https://www.pakwheels.com/used-cars/search/-/?sortby=model_year-desc&page=2426
2026-07-26 05:50:29 [pakwheels_full] INFO: Found 25 listings on https://www.pakwheels.com/used-cars/search/-/?sortby=model_year-desc&page=2427
2026-07-26 05:50:35 [pakwheels_full] INFO: Found 25 listings on https://www.pakwheels.com/used-cars/search/-/?sortby=model_year-desc&page=2428
2026-07-26 05:50:41 [pakwheels_full] INFO: Found 25 listings on https://www.pakwheels.com/used-cars/search/-/?sortby=model_year-desc&page=2429
2026-07-26 05:50:46 [pakwheels_full] INFO: Found 25 listings on https://www.pakwheels.com/used-cars/search/-/?sortby=model_year-desc&page=2430
2026-07-26 05:50:48 [scrapy.extensions.logstats] INFO: Crawled 44432 pages (at 176 pages/min), scraped 42002 items (at 166 items/min)
2026-07-26 05:50:52 [pakwheels_full] INFO: Found 25 listings on https://www.pakwheels.com/used-cars/search/-/?sortby=model_year-desc&page=2431
2026-07-26 05:50:57 [pakwheels_full] INFO: Found 25 listings on https://www.pakwheels.com/used-cars/search/-/?sortby=model_year-desc&page=2432
2026-07-26 05:51:03 [pakwheels_full] INFO: Found 25 listings on https://www.pakwheels.com/used-cars/search/-/?sortby=model_year-desc&page=2433
2026-07-26 05:51:09 [pakwheels_full] INFO: Found 25 listings on https://www.pakwheels.com/used-cars/search/-/?sortby=model_year-desc&page=2434
2026-07-26 05:51:15 [pakwheels_full] INFO: Found 25 listings on https://www.pakwheels.com/used-cars/search/-/?sortby=model_year-desc&page=2435
2026-07-26 05:51:20 [pakwheels_full] INFO: Found 25 listings on https://www.pakwheels.com/used-cars/search/-/?sortby=model_year-desc&page=2436
2026-07-26 05:51:27 [pakwheels_full] INFO: Found 25 listings on https://www.pakwheels.com/used-cars/search/-/?sortby=model_year-desc&page=2437
2026-07-26 05:51:33 [pakwheels_full] INFO: Found 25 listings on https://www.pakwheels.com/used-cars/search/-/?sortby=model_year-desc&page=2438
2026-07-26 05:51:38 [pakwheels_full] INFO: Found 25 listings on https://www.pakwheels.com/used-cars/search/-/?sortby=model_year-desc&page=2439
2026-07-26 05:51:45 [pakwheels_full] INFO: Found 25 listings on https://www.pakwheels.com/used-cars/search/-/?sortby=model_year-desc&page=2440
2026-07-26 05:51:48 [scrapy.extensions.logstats] INFO: Crawled 44618 pages (at 186 pages/min), scraped 42177 items (at 175 items/min)
2026-07-26 05:51:51 [pakwheels_full] INFO: Found 25 listings on https://www.pakwheels.com/used-cars/search/-/?sortby=model_year-desc&page=2441
2026-07-26 05:51:57 [pakwheels_full] INFO: Found 25 listings on https://www.pakwheels.com/used-cars/search/-/?sortby=model_year-desc&page=2442
2026-07-26 05:52:03 [pakwheels_full] INFO: Found 25 listings on https://www.pakwheels.com/used-cars/search/-/?sortby=model_year-desc&page=2443
2026-07-26 05:52:08 [pakwheels_full] INFO: Found 25 listings on https://www.pakwheels.com/used-cars/search/-/?sortby=model_year-desc&page=2444
2026-07-26 05:52:15 [pakwheels_full] INFO: Found 25 listings on https://www.pakwheels.com/used-cars/search/-/?sortby=model_year-desc&page=2445
2026-07-26 05:52:21 [pakwheels_full] INFO: Found 25 listings on https://www.pakwheels.com/used-cars/search/-/?sortby=model_year-desc&page=2446
2026-07-26 05:52:28 [pakwheels_full] INFO: Found 25 listings on https://www.pakwheels.com/used-cars/search/-/?sortby=model_year-desc&page=2447
2026-07-26 05:52:36 [pakwheels_full] INFO: Found 25 listings on https://www.pakwheels.com/used-cars/search/-/?sortby=model_year-desc&page=2448
2026-07-26 05:52:42 [pakwheels_full] INFO: Found 25 listings on https://www.pakwheels.com/used-cars/search/-/?sortby=model_year-desc&page=2449
2026-07-26 05:52:48 [scrapy.extensions.logstats] INFO: Crawled 44792 pages (at 174 pages/min), scraped 42343 items (at 166 items/min)
2026-07-26 05:52:48 [pakwheels_full] INFO: Found 25 listings on https://www.pakwheels.com/used-cars/search/-/?sortby=model_year-desc&page=2450
2026-07-26 05:52:54 [pakwheels_full] INFO: Found 25 listings on https://www.pakwheels.com/used-cars/search/-/?sortby=model_year-desc&page=2451
2026-07-26 05:53:01 [pakwheels_full] INFO: Found 25 listings on https://www.pakwheels.com/used-cars/search/-/?sortby=model_year-desc&page=2452
2026-07-26 05:53:06 [pakwheels_full] INFO: Found 25 listings on https://www.pakwheels.com/used-cars/search/-/?sortby=model_year-desc&page=2453
2026-07-26 05:53:12 [pakwheels_full] INFO: Found 25 listings on https://www.pakwheels.com/used-cars/search/-/?sortby=model_year-desc&page=2454
2026-07-26 05:53:19 [pakwheels_full] INFO: Found 25 listings on https://www.pakwheels.com/used-cars/search/-/?sortby=model_year-desc&page=2455
2026-07-26 05:53:26 [pakwheels_full] INFO: Found 25 listings on https://www.pakwheels.com/used-cars/search/-/?sortby=model_year-desc&page=2456
2026-07-26 05:53:31 [pakwheels_full] INFO: Found 25 listings on https://www.pakwheels.com/used-cars/search/-/?sortby=model_year-desc&page=2457
2026-07-26 05:53:38 [pakwheels_full] INFO: Found 25 listings on https://www.pakwheels.com/used-cars/search/-/?sortby=model_year-desc&page=2458
2026-07-26 05:53:44 [pakwheels_full] INFO: Found 25 listings on https://www.pakwheels.com/used-cars/search/-/?sortby=model_year-desc&page=2459
2026-07-26 05:53:48 [scrapy.extensions.logstats] INFO: Crawled 44971 pages (at 179 pages/min), scraped 42511 items (at 168 items/min)
2026-07-26 05:53:50 [pakwheels_full] INFO: Found 25 listings on https://www.pakwheels.com/used-cars/search/-/?sortby=model_year-desc&page=2460
2026-07-26 05:53:55 [pakwheels_full] INFO: Found 25 listings on https://www.pakwheels.com/used-cars/search/-/?sortby=model_year-desc&page=2461
2026-07-26 05:54:01 [pakwheels_full] INFO: Found 25 listings on https://www.pakwheels.com/used-cars/search/-/?sortby=model_year-desc&page=2462
2026-07-26 05:54:08 [pakwheels_full] INFO: Found 25 listings on https://www.pakwheels.com/used-cars/search/-/?sortby=model_year-desc&page=2463
2026-07-26 05:54:14 [pakwheels_full] INFO: Found 25 listings on https://www.pakwheels.com/used-cars/search/-/?sortby=model_year-desc&page=2464
2026-07-26 05:54:20 [pakwheels_full] INFO: Found 25 listings on https://www.pakwheels.com/used-cars/search/-/?sortby=model_year-desc&page=2465
2026-07-26 05:54:26 [pakwheels_full] INFO: Found 25 listings on https://www.pakwheels.com/used-cars/search/-/?sortby=model_year-desc&page=2466
2026-07-26 05:54:32 [pakwheels_full] INFO: Found 25 listings on https://www.pakwheels.com/used-cars/search/-/?sortby=model_year-desc&page=2467
2026-07-26 05:54:37 [pakwheels_full] INFO: Found 25 listings on https://www.pakwheels.com/used-cars/search/-/?sortby=model_year-desc&page=2468
2026-07-26 05:54:44 [pakwheels_full] INFO: Found 25 listings on https://www.pakwheels.com/used-cars/search/-/?sortby=model_year-desc&page=2469
2026-07-26 05:54:48 [scrapy.extensions.logstats] INFO: Crawled 45146 pages (at 175 pages/min), scraped 42677 items (at 166 items/min)
2026-07-26 05:54:50 [pakwheels_full] INFO: Found 25 listings on https://www.pakwheels.com/used-cars/search/-/?sortby=model_year-desc&page=2470
2026-07-26 05:54:56 [pakwheels_full] INFO: Found 25 listings on https://www.pakwheels.com/used-cars/search/-/?sortby=model_year-desc&page=2471
2026-07-26 05:55:02 [pakwheels_full] INFO: Found 25 listings on https://www.pakwheels.com/used-cars/search/-/?sortby=model_year-desc&page=2472
2026-07-26 05:55:09 [pakwheels_full] INFO: Found 25 listings on https://www.pakwheels.com/used-cars/search/-/?sortby=model_year-desc&page=2473
2026-07-26 05:55:15 [pakwheels_full] INFO: Found 25 listings on https://www.pakwheels.com/used-cars/search/-/?sortby=model_year-desc&page=2474
2026-07-26 05:55:22 [pakwheels_full] INFO: Found 25 listings on https://www.pakwheels.com/used-cars/search/-/?sortby=model_year-desc&page=2475
2026-07-26 05:55:29 [pakwheels_full] INFO: Found 25 listings on https://www.pakwheels.com/used-cars/search/-/?sortby=model_year-desc&page=2476
2026-07-26 05:55:36 [pakwheels_full] INFO: Found 25 listings on https://www.pakwheels.com/used-cars/search/-/?sortby=model_year-desc&page=2477
2026-07-26 05:55:42 [pakwheels_full] INFO: Found 25 listings on https://www.pakwheels.com/used-cars/search/-/?sortby=model_year-desc&page=2478
2026-07-26 05:55:48 [scrapy.extensions.logstats] INFO: Crawled 45316 pages (at 170 pages/min), scraped 42837 items (at 160 items/min)
2026-07-26 05:55:49 [pakwheels_full] INFO: Found 25 listings on https://www.pakwheels.com/used-cars/search/-/?sortby=model_year-desc&page=2479
2026-07-26 05:55:55 [pakwheels_full] INFO: Found 25 listings on https://www.pakwheels.com/used-cars/search/-/?sortby=model_year-desc&page=2480
2026-07-26 05:56:01 [pakwheels_full] INFO: Found 25 listings on https://www.pakwheels.com/used-cars/search/-/?sortby=model_year-desc&page=2481
2026-07-26 05:56:07 [pakwheels_full] INFO: Found 25 listings on https://www.pakwheels.com/used-cars/search/-/?sortby=model_year-desc&page=2482
2026-07-26 05:56:13 [pakwheels_full] INFO: Found 25 listings on https://www.pakwheels.com/used-cars/search/-/?sortby=model_year-desc&page=2483
2026-07-26 05:56:20 [pakwheels_full] INFO: Found 25 listings on https://www.pakwheels.com/used-cars/search/-/?sortby=model_year-desc&page=2484
2026-07-26 05:56:26 [pakwheels_full] INFO: Found 25 listings on https://www.pakwheels.com/used-cars/search/-/?sortby=model_year-desc&page=2485
2026-07-26 05:56:31 [pakwheels_full] INFO: Found 25 listings on https://www.pakwheels.com/used-cars/search/-/?sortby=model_year-desc&page=2486
2026-07-26 05:56:37 [pakwheels_full] INFO: Found 25 listings on https://www.pakwheels.com/used-cars/search/-/?sortby=model_year-desc&page=2487
2026-07-26 05:56:42 [pakwheels_full] INFO: Found 25 listings on https://www.pakwheels.com/used-cars/search/-/?sortby=model_year-desc&page=2488
2026-07-26 05:56:48 [pakwheels_full] INFO: Found 25 listings on https://www.pakwheels.com/used-cars/search/-/?sortby=model_year-desc&page=2489
2026-07-26 05:56:48 [scrapy.extensions.logstats] INFO: Crawled 45500 pages (at 184 pages/min), scraped 43010 items (at 173 items/min)
2026-07-26 05:56:54 [pakwheels_full] INFO: Found 25 listings on https://www.pakwheels.com/used-cars/search/-/?sortby=model_year-desc&page=2490
2026-07-26 05:57:00 [pakwheels_full] INFO: Found 25 listings on https://www.pakwheels.com/used-cars/search/-/?sortby=model_year-desc&page=2491
2026-07-26 05:57:06 [pakwheels_full] INFO: Found 25 listings on https://www.pakwheels.com/used-cars/search/-/?sortby=model_year-desc&page=2492
2026-07-26 05:57:12 [pakwheels_full] INFO: Found 25 listings on https://www.pakwheels.com/used-cars/search/-/?sortby=model_year-desc&page=2493
2026-07-26 05:57:18 [pakwheels_full] INFO: Found 25 listings on https://www.pakwheels.com/used-cars/search/-/?sortby=model_year-desc&page=2494
2026-07-26 05:57:24 [pakwheels_full] INFO: Found 25 listings on https://www.pakwheels.com/used-cars/search/-/?sortby=model_year-desc&page=2495
2026-07-26 05:57:30 [pakwheels_full] INFO: Found 25 listings on https://www.pakwheels.com/used-cars/search/-/?sortby=model_year-desc&page=2496
2026-07-26 05:57:37 [pakwheels_full] INFO: Found 25 listings on https://www.pakwheels.com/used-cars/search/-/?sortby=model_year-desc&page=2497
2026-07-26 05:57:42 [pakwheels_full] INFO: Found 25 listings on https://www.pakwheels.com/used-cars/search/-/?sortby=model_year-desc&page=2498
2026-07-26 05:57:48 [scrapy.extensions.logstats] INFO: Crawled 45680 pages (at 180 pages/min), scraped 43182 items (at 172 items/min)
2026-07-26 05:57:48 [pakwheels_full] INFO: Found 25 listings on https://www.pakwheels.com/used-cars/search/-/?sortby=model_year-desc&page=2499
2026-07-26 05:57:55 [pakwheels_full] INFO: Found 25 listings on https://www.pakwheels.com/used-cars/search/-/?sortby=model_year-desc&page=2500
2026-07-26 05:58:02 [pakwheels_full] INFO: Found 25 listings on https://www.pakwheels.com/used-cars/search/-/?sortby=model_year-desc&page=2501
2026-07-26 05:58:08 [pakwheels_full] INFO: Found 25 listings on https://www.pakwheels.com/used-cars/search/-/?sortby=model_year-desc&page=2502
2026-07-26 05:58:14 [pakwheels_full] INFO: Found 25 listings on https://www.pakwheels.com/used-cars/search/-/?sortby=model_year-desc&page=2503
2026-07-26 05:58:20 [pakwheels_full] INFO: Found 25 listings on https://www.pakwheels.com/used-cars/search/-/?sortby=model_year-desc&page=2504
2026-07-26 05:58:27 [pakwheels_full] INFO: Found 25 listings on https://www.pakwheels.com/used-cars/search/-/?sortby=model_year-desc&page=2505
2026-07-26 05:58:34 [pakwheels_full] INFO: Found 25 listings on https://www.pakwheels.com/used-cars/search/-/?sortby=model_year-desc&page=2506
2026-07-26 05:58:40 [pakwheels_full] INFO: Found 25 listings on https://www.pakwheels.com/used-cars/search/-/?sortby=model_year-desc&page=2507
2026-07-26 05:58:45 [pakwheels_full] INFO: Found 25 listings on https://www.pakwheels.com/used-cars/search/-/?sortby=model_year-desc&page=2508
2026-07-26 05:58:48 [scrapy.extensions.logstats] INFO: Crawled 45856 pages (at 176 pages/min), scraped 43347 items (at 165 items/min)
2026-07-26 05:58:51 [pakwheels_full] INFO: Found 25 listings on https://www.pakwheels.com/used-cars/search/-/?sortby=model_year-desc&page=2509
2026-07-26 05:58:58 [pakwheels_full] INFO: Found 25 listings on https://www.pakwheels.com/used-cars/search/-/?sortby=model_year-desc&page=2510
2026-07-26 05:59:04 [pakwheels_full] INFO: Found 25 listings on https://www.pakwheels.com/used-cars/search/-/?sortby=model_year-desc&page=2511
2026-07-26 05:59:10 [pakwheels_full] INFO: Found 25 listings on https://www.pakwheels.com/used-cars/search/-/?sortby=model_year-desc&page=2512
2026-07-26 05:59:15 [pakwheels_full] INFO: Found 25 listings on https://www.pakwheels.com/used-cars/search/-/?sortby=model_year-desc&page=2513
2026-07-26 05:59:21 [pakwheels_full] INFO: Found 25 listings on https://www.pakwheels.com/used-cars/search/-/?sortby=model_year-desc&page=2514
2026-07-26 05:59:27 [pakwheels_full] INFO: Found 25 listings on https://www.pakwheels.com/used-cars/search/-/?sortby=model_year-desc&page=2515
2026-07-26 05:59:33 [pakwheels_full] INFO: Found 25 listings on https://www.pakwheels.com/used-cars/search/-/?sortby=model_year-desc&page=2516
2026-07-26 05:59:39 [pakwheels_full] INFO: Found 25 listings on https://www.pakwheels.com/used-cars/search/-/?sortby=model_year-desc&page=2517
2026-07-26 05:59:46 [pakwheels_full] INFO: Found 25 listings on https://www.pakwheels.com/used-cars/search/-/?sortby=model_year-desc&page=2518
2026-07-26 05:59:48 [scrapy.extensions.logstats] INFO: Crawled 46039 pages (at 183 pages/min), scraped 43520 items (at 173 items/min)
2026-07-26 05:59:52 [pakwheels_full] INFO: Found 25 listings on https://www.pakwheels.com/used-cars/search/-/?sortby=model_year-desc&page=2519
2026-07-26 05:59:59 [pakwheels_full] INFO: Found 25 listings on https://www.pakwheels.com/used-cars/search/-/?sortby=model_year-desc&page=2520
2026-07-26 06:00:04 [pakwheels_full] INFO: Found 25 listings on https://www.pakwheels.com/used-cars/search/-/?sortby=model_year-desc&page=2521
2026-07-26 06:00:10 [pakwheels_full] INFO: Found 25 listings on https://www.pakwheels.com/used-cars/search/-/?sortby=model_year-desc&page=2522
2026-07-26 06:00:16 [pakwheels_full] INFO: Found 25 listings on https://www.pakwheels.com/used-cars/search/-/?sortby=model_year-desc&page=2523
2026-07-26 06:00:22 [pakwheels_full] INFO: Found 25 listings on https://www.pakwheels.com/used-cars/search/-/?sortby=model_year-desc&page=2524
2026-07-26 06:00:27 [pakwheels_full] INFO: Found 25 listings on https://www.pakwheels.com/used-cars/search/-/?sortby=model_year-desc&page=2525
2026-07-26 06:00:33 [pakwheels_full] INFO: Found 25 listings on https://www.pakwheels.com/used-cars/search/-/?sortby=model_year-desc&page=2526
2026-07-26 06:00:40 [pakwheels_full] INFO: Found 25 listings on https://www.pakwheels.com/used-cars/search/-/?sortby=model_year-desc&page=2527
2026-07-26 06:00:46 [pakwheels_full] INFO: Found 25 listings on https://www.pakwheels.com/used-cars/search/-/?sortby=model_year-desc&page=2528
2026-07-26 06:00:48 [scrapy.extensions.logstats] INFO: Crawled 46225 pages (at 186 pages/min), scraped 43696 items (at 176 items/min)
2026-07-26 06:00:52 [pakwheels_full] INFO: Found 25 listings on https://www.pakwheels.com/used-cars/search/-/?sortby=model_year-desc&page=2529
2026-07-26 06:00:57 [pakwheels_full] INFO: Found 25 listings on https://www.pakwheels.com/used-cars/search/-/?sortby=model_year-desc&page=2530
2026-07-26 06:01:03 [pakwheels_full] INFO: Found 25 listings on https://www.pakwheels.com/used-cars/search/-/?sortby=model_year-desc&page=2531
2026-07-26 06:01:10 [pakwheels_full] INFO: Found 25 listings on https://www.pakwheels.com/used-cars/search/-/?sortby=model_year-desc&page=2532
2026-07-26 06:01:15 [pakwheels_full] INFO: Found 25 listings on https://www.pakwheels.com/used-cars/search/-/?sortby=model_year-desc&page=2533
2026-07-26 06:01:21 [pakwheels_full] INFO: Found 25 listings on https://www.pakwheels.com/used-cars/search/-/?sortby=model_year-desc&page=2534
2026-07-26 06:01:27 [pakwheels_full] INFO: Found 25 listings on https://www.pakwheels.com/used-cars/search/-/?sortby=model_year-desc&page=2535
2026-07-26 06:01:34 [pakwheels_full] INFO: Found 25 listings on https://www.pakwheels.com/used-cars/search/-/?sortby=model_year-desc&page=2536
2026-07-26 06:01:40 [pakwheels_full] INFO: Found 25 listings on https://www.pakwheels.com/used-cars/search/-/?sortby=model_year-desc&page=2537
2026-07-26 06:01:47 [pakwheels_full] INFO: Found 25 listings on https://www.pakwheels.com/used-cars/search/-/?sortby=model_year-desc&page=2538
2026-07-26 06:01:48 [scrapy.extensions.logstats] INFO: Crawled 46406 pages (at 181 pages/min), scraped 43867 items (at 171 items/min)
2026-07-26 06:01:53 [pakwheels_full] INFO: Found 25 listings on https://www.pakwheels.com/used-cars/search/-/?sortby=model_year-desc&page=2539
2026-07-26 06:01:59 [pakwheels_full] INFO: Found 25 listings on https://www.pakwheels.com/used-cars/search/-/?sortby=model_year-desc&page=2540
2026-07-26 06:02:05 [pakwheels_full] INFO: Found 25 listings on https://www.pakwheels.com/used-cars/search/-/?sortby=model_year-desc&page=2541
2026-07-26 06:02:12 [pakwheels_full] INFO: Found 25 listings on https://www.pakwheels.com/used-cars/search/-/?sortby=model_year-desc&page=2542
2026-07-26 06:02:18 [pakwheels_full] INFO: Found 25 listings on https://www.pakwheels.com/used-cars/search/-/?sortby=model_year-desc&page=2543
2026-07-26 06:02:23 [pakwheels_full] INFO: Found 25 listings on https://www.pakwheels.com/used-cars/search/-/?sortby=model_year-desc&page=2544
2026-07-26 06:02:29 [pakwheels_full] INFO: Found 25 listings on https://www.pakwheels.com/used-cars/search/-/?sortby=model_year-desc&page=2545
2026-07-26 06:02:35 [pakwheels_full] INFO: Found 25 listings on https://www.pakwheels.com/used-cars/search/-/?sortby=model_year-desc&page=2546
2026-07-26 06:02:42 [pakwheels_full] INFO: Found 25 listings on https://www.pakwheels.com/used-cars/search/-/?sortby=model_year-desc&page=2547
2026-07-26 06:02:48 [pakwheels_full] INFO: Found 25 listings on https://www.pakwheels.com/used-cars/search/-/?sortby=model_year-desc&page=2548
2026-07-26 06:02:48 [scrapy.extensions.logstats] INFO: Crawled 46587 pages (at 181 pages/min), scraped 44038 items (at 171 items/min)
2026-07-26 06:02:54 [pakwheels_full] INFO: Found 25 listings on https://www.pakwheels.com/used-cars/search/-/?sortby=model_year-desc&page=2549
2026-07-26 06:03:00 [pakwheels_full] INFO: Found 25 listings on https://www.pakwheels.com/used-cars/search/-/?sortby=model_year-desc&page=2550
2026-07-26 06:03:06 [pakwheels_full] INFO: Found 25 listings on https://www.pakwheels.com/used-cars/search/-/?sortby=model_year-desc&page=2551
2026-07-26 06:03:11 [pakwheels_full] INFO: Found 25 listings on https://www.pakwheels.com/used-cars/search/-/?sortby=model_year-desc&page=2552
2026-07-26 06:03:18 [pakwheels_full] INFO: Found 25 listings on https://www.pakwheels.com/used-cars/search/-/?sortby=model_year-desc&page=2553
2026-07-26 06:03:23 [pakwheels_full] INFO: Found 25 listings on https://www.pakwheels.com/used-cars/search/-/?sortby=model_year-desc&page=2554
2026-07-26 06:03:29 [pakwheels_full] INFO: Found 25 listings on https://www.pakwheels.com/used-cars/search/-/?sortby=model_year-desc&page=2555
2026-07-26 06:03:34 [pakwheels_full] INFO: Found 25 listings on https://www.pakwheels.com/used-cars/search/-/?sortby=model_year-desc&page=2556
2026-07-26 06:03:40 [pakwheels_full] INFO: Found 25 listings on https://www.pakwheels.com/used-cars/search/-/?sortby=model_year-desc&page=2557
2026-07-26 06:03:47 [pakwheels_full] INFO: Found 25 listings on https://www.pakwheels.com/used-cars/search/-/?sortby=model_year-desc&page=2558
2026-07-26 06:03:48 [scrapy.extensions.logstats] INFO: Crawled 46772 pages (at 185 pages/min), scraped 44214 items (at 176 items/min)
2026-07-26 06:03:52 [pakwheels_full] INFO: Found 25 listings on https://www.pakwheels.com/used-cars/search/-/?sortby=model_year-desc&page=2559
2026-07-26 06:03:58 [pakwheels_full] INFO: Found 25 listings on https://www.pakwheels.com/used-cars/search/-/?sortby=model_year-desc&page=2560
2026-07-26 06:04:04 [pakwheels_full] INFO: Found 25 listings on https://www.pakwheels.com/used-cars/search/-/?sortby=model_year-desc&page=2561
2026-07-26 06:04:10 [pakwheels_full] INFO: Found 25 listings on https://www.pakwheels.com/used-cars/search/-/?sortby=model_year-desc&page=2562
2026-07-26 06:04:16 [pakwheels_full] INFO: Found 25 listings on https://www.pakwheels.com/used-cars/search/-/?sortby=model_year-desc&page=2563
2026-07-26 06:04:23 [pakwheels_full] INFO: Found 25 listings on https://www.pakwheels.com/used-cars/search/-/?sortby=model_year-desc&page=2564
2026-07-26 06:04:29 [pakwheels_full] INFO: Found 25 listings on https://www.pakwheels.com/used-cars/search/-/?sortby=model_year-desc&page=2565
2026-07-26 06:04:35 [pakwheels_full] INFO: Found 25 listings on https://www.pakwheels.com/used-cars/search/-/?sortby=model_year-desc&page=2566
2026-07-26 06:04:41 [pakwheels_full] INFO: Found 25 listings on https://www.pakwheels.com/used-cars/search/-/?sortby=model_year-desc&page=2567
2026-07-26 06:04:48 [scrapy.extensions.logstats] INFO: Crawled 46949 pages (at 177 pages/min), scraped 44382 items (at 168 items/min)
2026-07-26 06:04:49 [pakwheels_full] INFO: Found 25 listings on https://www.pakwheels.com/used-cars/search/-/?sortby=model_year-desc&page=2568
2026-07-26 06:04:56 [pakwheels_full] INFO: Found 25 listings on https://www.pakwheels.com/used-cars/search/-/?sortby=model_year-desc&page=2569
2026-07-26 06:05:03 [pakwheels_full] INFO: Found 25 listings on https://www.pakwheels.com/used-cars/search/-/?sortby=model_year-desc&page=2570
2026-07-26 06:05:09 [pakwheels_full] INFO: Found 25 listings on https://www.pakwheels.com/used-cars/search/-/?sortby=model_year-desc&page=2571
2026-07-26 06:05:14 [pakwheels_full] INFO: Found 25 listings on https://www.pakwheels.com/used-cars/search/-/?sortby=model_year-desc&page=2572
2026-07-26 06:05:20 [pakwheels_full] INFO: Found 25 listings on https://www.pakwheels.com/used-cars/search/-/?sortby=model_year-desc&page=2573
2026-07-26 06:05:27 [pakwheels_full] INFO: Found 25 listings on https://www.pakwheels.com/used-cars/search/-/?sortby=model_year-desc&page=2574
2026-07-26 06:05:32 [pakwheels_full] INFO: Found 25 listings on https://www.pakwheels.com/used-cars/search/-/?sortby=model_year-desc&page=2575
2026-07-26 06:05:38 [pakwheels_full] INFO: Found 25 listings on https://www.pakwheels.com/used-cars/search/-/?sortby=model_year-desc&page=2576
2026-07-26 06:05:44 [pakwheels_full] INFO: Found 25 listings on https://www.pakwheels.com/used-cars/search/-/?sortby=model_year-desc&page=2577
2026-07-26 06:05:48 [scrapy.extensions.logstats] INFO: Crawled 47129 pages (at 180 pages/min), scraped 44551 items (at 169 items/min)
2026-07-26 06:05:51 [pakwheels_full] INFO: Found 25 listings on https://www.pakwheels.com/used-cars/search/-/?sortby=model_year-desc&page=2578
2026-07-26 06:05:57 [pakwheels_full] INFO: Found 25 listings on https://www.pakwheels.com/used-cars/search/-/?sortby=model_year-desc&page=2579
2026-07-26 06:06:03 [pakwheels_full] INFO: Found 25 listings on https://www.pakwheels.com/used-cars/search/-/?sortby=model_year-desc&page=2580
2026-07-26 06:06:09 [pakwheels_full] INFO: Found 25 listings on https://www.pakwheels.com/used-cars/search/-/?sortby=model_year-desc&page=2581
2026-07-26 06:06:16 [pakwheels_full] INFO: Found 25 listings on https://www.pakwheels.com/used-cars/search/-/?sortby=model_year-desc&page=2582
2026-07-26 06:06:23 [pakwheels_full] INFO: Found 25 listings on https://www.pakwheels.com/used-cars/search/-/?sortby=model_year-desc&page=2583
2026-07-26 06:06:29 [pakwheels_full] INFO: Found 25 listings on https://www.pakwheels.com/used-cars/search/-/?sortby=model_year-desc&page=2584
2026-07-26 06:06:35 [pakwheels_full] INFO: Found 25 listings on https://www.pakwheels.com/used-cars/search/-/?sortby=model_year-desc&page=2585
2026-07-26 06:06:42 [pakwheels_full] INFO: Found 25 listings on https://www.pakwheels.com/used-cars/search/-/?sortby=model_year-desc&page=2586
2026-07-26 06:06:48 [scrapy.extensions.logstats] INFO: Crawled 47305 pages (at 176 pages/min), scraped 44719 items (at 168 items/min)
2026-07-26 06:06:48 [pakwheels_full] INFO: Found 25 listings on https://www.pakwheels.com/used-cars/search/-/?sortby=model_year-desc&page=2587
2026-07-26 06:06:54 [pakwheels_full] INFO: Found 25 listings on https://www.pakwheels.com/used-cars/search/-/?sortby=model_year-desc&page=2588
2026-07-26 06:07:01 [pakwheels_full] INFO: Found 25 listings on https://www.pakwheels.com/used-cars/search/-/?sortby=model_year-desc&page=2589
2026-07-26 06:07:07 [pakwheels_full] INFO: Found 25 listings on https://www.pakwheels.com/used-cars/search/-/?sortby=model_year-desc&page=2590
2026-07-26 06:07:13 [pakwheels_full] INFO: Found 25 listings on https://www.pakwheels.com/used-cars/search/-/?sortby=model_year-desc&page=2591
2026-07-26 06:07:18 [pakwheels_full] INFO: Found 25 listings on https://www.pakwheels.com/used-cars/search/-/?sortby=model_year-desc&page=2592
2026-07-26 06:07:24 [pakwheels_full] INFO: Found 25 listings on https://www.pakwheels.com/used-cars/search/-/?sortby=model_year-desc&page=2593
2026-07-26 06:07:30 [pakwheels_full] INFO: Found 25 listings on https://www.pakwheels.com/used-cars/search/-/?sortby=model_year-desc&page=2594
2026-07-26 06:07:37 [pakwheels_full] INFO: Found 25 listings on https://www.pakwheels.com/used-cars/search/-/?sortby=model_year-desc&page=2595
2026-07-26 06:07:43 [pakwheels_full] INFO: Found 25 listings on https://www.pakwheels.com/used-cars/search/-/?sortby=model_year-desc&page=2596
2026-07-26 06:07:48 [scrapy.extensions.logstats] INFO: Crawled 47482 pages (at 177 pages/min), scraped 44886 items (at 167 items/min)
2026-07-26 06:07:50 [pakwheels_full] INFO: Found 25 listings on https://www.pakwheels.com/used-cars/search/-/?sortby=model_year-desc&page=2597
2026-07-26 06:07:57 [pakwheels_full] INFO: Found 25 listings on https://www.pakwheels.com/used-cars/search/-/?sortby=model_year-desc&page=2598
2026-07-26 06:08:03 [pakwheels_full] INFO: Found 25 listings on https://www.pakwheels.com/used-cars/search/-/?sortby=model_year-desc&page=2599
2026-07-26 06:08:09 [pakwheels_full] INFO: Found 25 listings on https://www.pakwheels.com/used-cars/search/-/?sortby=model_year-desc&page=2600
2026-07-26 06:08:15 [pakwheels_full] INFO: Found 25 listings on https://www.pakwheels.com/used-cars/search/-/?sortby=model_year-desc&page=2601
2026-07-26 06:08:20 [pakwheels_full] INFO: Found 25 listings on https://www.pakwheels.com/used-cars/search/-/?sortby=model_year-desc&page=2602
2026-07-26 06:08:25 [pakwheels_full] INFO: Found 25 listings on https://www.pakwheels.com/used-cars/search/-/?sortby=model_year-desc&page=2603
2026-07-26 06:08:30 [pakwheels_full] INFO: Found 25 listings on https://www.pakwheels.com/used-cars/search/-/?sortby=model_year-desc&page=2604
2026-07-26 06:08:37 [pakwheels_full] INFO: Found 25 listings on https://www.pakwheels.com/used-cars/search/-/?sortby=model_year-desc&page=2605
2026-07-26 06:08:44 [pakwheels_full] INFO: Found 25 listings on https://www.pakwheels.com/used-cars/search/-/?sortby=model_year-desc&page=2606
2026-07-26 06:08:48 [scrapy.extensions.logstats] INFO: Crawled 47658 pages (at 176 pages/min), scraped 45052 items (at 166 items/min)
2026-07-26 06:08:50 [pakwheels_full] INFO: Found 25 listings on https://www.pakwheels.com/used-cars/search/-/?sortby=model_year-desc&page=2607
2026-07-26 06:08:56 [pakwheels_full] INFO: Found 25 listings on https://www.pakwheels.com/used-cars/search/-/?sortby=model_year-desc&page=2608
2026-07-26 06:09:02 [pakwheels_full] INFO: Found 25 listings on https://www.pakwheels.com/used-cars/search/-/?sortby=model_year-desc&page=2609
2026-07-26 06:09:07 [pakwheels_full] INFO: Found 25 listings on https://www.pakwheels.com/used-cars/search/-/?sortby=model_year-desc&page=2610
2026-07-26 06:09:13 [pakwheels_full] INFO: Found 25 listings on https://www.pakwheels.com/used-cars/search/-/?sortby=model_year-desc&page=2611
2026-07-26 06:09:18 [pakwheels_full] INFO: Found 25 listings on https://www.pakwheels.com/used-cars/search/-/?sortby=model_year-desc&page=2612
2026-07-26 06:09:24 [pakwheels_full] INFO: Found 25 listings on https://www.pakwheels.com/used-cars/search/-/?sortby=model_year-desc&page=2613
2026-07-26 06:09:30 [pakwheels_full] INFO: Found 25 listings on https://www.pakwheels.com/used-cars/search/-/?sortby=model_year-desc&page=2614
2026-07-26 06:09:37 [pakwheels_full] INFO: Found 25 listings on https://www.pakwheels.com/used-cars/search/-/?sortby=model_year-desc&page=2615
2026-07-26 06:09:43 [pakwheels_full] INFO: Found 25 listings on https://www.pakwheels.com/used-cars/search/-/?sortby=model_year-desc&page=2616
2026-07-26 06:09:48 [scrapy.extensions.logstats] INFO: Crawled 47836 pages (at 178 pages/min), scraped 45220 items (at 168 items/min)
2026-07-26 06:09:52 [pakwheels_full] INFO: Found 25 listings on https://www.pakwheels.com/used-cars/search/-/?sortby=model_year-desc&page=2617
2026-07-26 06:09:58 [pakwheels_full] INFO: Found 25 listings on https://www.pakwheels.com/used-cars/search/-/?sortby=model_year-desc&page=2618
2026-07-26 06:10:05 [pakwheels_full] INFO: Found 25 listings on https://www.pakwheels.com/used-cars/search/-/?sortby=model_year-desc&page=2619
2026-07-26 06:10:12 [pakwheels_full] INFO: Found 25 listings on https://www.pakwheels.com/used-cars/search/-/?sortby=model_year-desc&page=2620
2026-07-26 06:10:19 [pakwheels_full] INFO: Found 25 listings on https://www.pakwheels.com/used-cars/search/-/?sortby=model_year-desc&page=2621
2026-07-26 06:10:26 [pakwheels_full] INFO: Found 25 listings on https://www.pakwheels.com/used-cars/search/-/?sortby=model_year-desc&page=2622
2026-07-26 06:10:33 [pakwheels_full] INFO: Found 25 listings on https://www.pakwheels.com/used-cars/search/-/?sortby=model_year-desc&page=2623
2026-07-26 06:10:38 [pakwheels_full] INFO: Found 25 listings on https://www.pakwheels.com/used-cars/search/-/?sortby=model_year-desc&page=2624
2026-07-26 06:10:45 [pakwheels_full] INFO: Found 25 listings on https://www.pakwheels.com/used-cars/search/-/?sortby=model_year-desc&page=2625
2026-07-26 06:10:48 [scrapy.extensions.logstats] INFO: Crawled 48013 pages (at 177 pages/min), scraped 45387 items (at 167 items/min)
2026-07-26 06:10:51 [pakwheels_full] INFO: Found 25 listings on https://www.pakwheels.com/used-cars/search/-/?sortby=model_year-desc&page=2626
2026-07-26 06:10:57 [pakwheels_full] INFO: Found 25 listings on https://www.pakwheels.com/used-cars/search/-/?sortby=model_year-desc&page=2627
2026-07-26 06:11:03 [pakwheels_full] INFO: Found 25 listings on https://www.pakwheels.com/used-cars/search/-/?sortby=model_year-desc&page=2628
2026-07-26 06:11:10 [pakwheels_full] INFO: Found 25 listings on https://www.pakwheels.com/used-cars/search/-/?sortby=model_year-desc&page=2629
2026-07-26 06:11:16 [pakwheels_full] INFO: Found 25 listings on https://www.pakwheels.com/used-cars/search/-/?sortby=model_year-desc&page=2630
2026-07-26 06:11:22 [pakwheels_full] INFO: Found 25 listings on https://www.pakwheels.com/used-cars/search/-/?sortby=model_year-desc&page=2631
2026-07-26 06:11:28 [pakwheels_full] INFO: Found 25 listings on https://www.pakwheels.com/used-cars/search/-/?sortby=model_year-desc&page=2632
2026-07-26 06:11:34 [pakwheels_full] INFO: Found 25 listings on https://www.pakwheels.com/used-cars/search/-/?sortby=model_year-desc&page=2633
2026-07-26 06:11:40 [pakwheels_full] INFO: Found 25 listings on https://www.pakwheels.com/used-cars/search/-/?sortby=model_year-desc&page=2634
2026-07-26 06:11:46 [pakwheels_full] INFO: Found 25 listings on https://www.pakwheels.com/used-cars/search/-/?sortby=model_year-desc&page=2635
2026-07-26 06:11:48 [scrapy.extensions.logstats] INFO: Crawled 48190 pages (at 177 pages/min), scraped 45555 items (at 168 items/min)
2026-07-26 06:11:52 [pakwheels_full] INFO: Found 25 listings on https://www.pakwheels.com/used-cars/search/-/?sortby=model_year-desc&page=2636
2026-07-26 06:11:58 [pakwheels_full] INFO: Found 25 listings on https://www.pakwheels.com/used-cars/search/-/?sortby=model_year-desc&page=2637
2026-07-26 06:12:05 [pakwheels_full] INFO: Found 25 listings on https://www.pakwheels.com/used-cars/search/-/?sortby=model_year-desc&page=2638
2026-07-26 06:12:11 [pakwheels_full] INFO: Found 25 listings on https://www.pakwheels.com/used-cars/search/-/?sortby=model_year-desc&page=2639
2026-07-26 06:12:17 [pakwheels_full] INFO: Found 25 listings on https://www.pakwheels.com/used-cars/search/-/?sortby=model_year-desc&page=2640
2026-07-26 06:12:23 [pakwheels_full] INFO: Found 25 listings on https://www.pakwheels.com/used-cars/search/-/?sortby=model_year-desc&page=2641
2026-07-26 06:12:29 [pakwheels_full] INFO: Found 25 listings on https://www.pakwheels.com/used-cars/search/-/?sortby=model_year-desc&page=2642
2026-07-26 06:12:35 [pakwheels_full] INFO: Found 25 listings on https://www.pakwheels.com/used-cars/search/-/?sortby=model_year-desc&page=2643
2026-07-26 06:12:42 [pakwheels_full] INFO: Found 25 listings on https://www.pakwheels.com/used-cars/search/-/?sortby=model_year-desc&page=2644
2026-07-26 06:12:47 [pakwheels_full] INFO: Found 25 listings on https://www.pakwheels.com/used-cars/search/-/?sortby=model_year-desc&page=2645
2026-07-26 06:12:48 [scrapy.extensions.logstats] INFO: Crawled 48368 pages (at 178 pages/min), scraped 45723 items (at 168 items/min)
2026-07-26 06:12:54 [pakwheels_full] INFO: Found 25 listings on https://www.pakwheels.com/used-cars/search/-/?sortby=model_year-desc&page=2646
2026-07-26 06:13:00 [pakwheels_full] INFO: Found 25 listings on https://www.pakwheels.com/used-cars/search/-/?sortby=model_year-desc&page=2647
2026-07-26 06:13:06 [pakwheels_full] INFO: Found 25 listings on https://www.pakwheels.com/used-cars/search/-/?sortby=model_year-desc&page=2648
2026-07-26 06:13:13 [pakwheels_full] INFO: Found 25 listings on https://www.pakwheels.com/used-cars/search/-/?sortby=model_year-desc&page=2649
2026-07-26 06:13:19 [pakwheels_full] INFO: Found 25 listings on https://www.pakwheels.com/used-cars/search/-/?sortby=model_year-desc&page=2650
2026-07-26 06:13:24 [pakwheels_full] INFO: Found 25 listings on https://www.pakwheels.com/used-cars/search/-/?sortby=model_year-desc&page=2651
2026-07-26 06:13:29 [pakwheels_full] INFO: Found 25 listings on https://www.pakwheels.com/used-cars/search/-/?sortby=model_year-desc&page=2652
2026-07-26 06:13:36 [pakwheels_full] INFO: Found 25 listings on https://www.pakwheels.com/used-cars/search/-/?sortby=model_year-desc&page=2653
2026-07-26 06:13:41 [pakwheels_full] INFO: Found 25 listings on https://www.pakwheels.com/used-cars/search/-/?sortby=model_year-desc&page=2654
2026-07-26 06:13:47 [pakwheels_full] INFO: Found 25 listings on https://www.pakwheels.com/used-cars/search/-/?sortby=model_year-desc&page=2655
2026-07-26 06:13:48 [scrapy.extensions.logstats] INFO: Crawled 48547 pages (at 179 pages/min), scraped 45892 items (at 169 items/min)
2026-07-26 06:13:53 [pakwheels_full] INFO: Found 25 listings on https://www.pakwheels.com/used-cars/search/-/?sortby=model_year-desc&page=2656
2026-07-26 06:13:59 [pakwheels_full] INFO: Found 25 listings on https://www.pakwheels.com/used-cars/search/-/?sortby=model_year-desc&page=2657
2026-07-26 06:14:04 [pakwheels_full] INFO: Found 25 listings on https://www.pakwheels.com/used-cars/search/-/?sortby=model_year-desc&page=2658
2026-07-26 06:14:11 [pakwheels_full] INFO: Found 25 listings on https://www.pakwheels.com/used-cars/search/-/?sortby=model_year-desc&page=2659
2026-07-26 06:14:17 [pakwheels_full] INFO: Found 25 listings on https://www.pakwheels.com/used-cars/search/-/?sortby=model_year-desc&page=2660
2026-07-26 06:14:23 [pakwheels_full] INFO: Found 25 listings on https://www.pakwheels.com/used-cars/search/-/?sortby=model_year-desc&page=2661
2026-07-26 06:14:29 [pakwheels_full] INFO: Found 25 listings on https://www.pakwheels.com/used-cars/search/-/?sortby=model_year-desc&page=2662
2026-07-26 06:14:35 [pakwheels_full] INFO: Found 25 listings on https://www.pakwheels.com/used-cars/search/-/?sortby=model_year-desc&page=2663
2026-07-26 06:14:42 [pakwheels_full] INFO: Found 25 listings on https://www.pakwheels.com/used-cars/search/-/?sortby=model_year-desc&page=2664
2026-07-26 06:14:47 [pakwheels_full] INFO: Found 25 listings on https://www.pakwheels.com/used-cars/search/-/?sortby=model_year-desc&page=2665
2026-07-26 06:14:48 [scrapy.extensions.logstats] INFO: Crawled 48728 pages (at 181 pages/min), scraped 46063 items (at 171 items/min)
2026-07-26 06:14:53 [pakwheels_full] INFO: Found 25 listings on https://www.pakwheels.com/used-cars/search/-/?sortby=model_year-desc&page=2666
2026-07-26 06:15:01 [pakwheels_full] INFO: Found 25 listings on https://www.pakwheels.com/used-cars/search/-/?sortby=model_year-desc&page=2667
2026-07-26 06:15:08 [pakwheels_full] INFO: Found 25 listings on https://www.pakwheels.com/used-cars/search/-/?sortby=model_year-desc&page=2668
2026-07-26 06:15:14 [pakwheels_full] INFO: Found 25 listings on https://www.pakwheels.com/used-cars/search/-/?sortby=model_year-desc&page=2669
2026-07-26 06:15:19 [pakwheels_full] INFO: Found 25 listings on https://www.pakwheels.com/used-cars/search/-/?sortby=model_year-desc&page=2670
2026-07-26 06:15:25 [pakwheels_full] INFO: Found 25 listings on https://www.pakwheels.com/used-cars/search/-/?sortby=model_year-desc&page=2671
2026-07-26 06:15:32 [pakwheels_full] INFO: Found 25 listings on https://www.pakwheels.com/used-cars/search/-/?sortby=model_year-desc&page=2672
2026-07-26 06:15:39 [pakwheels_full] INFO: Found 25 listings on https://www.pakwheels.com/used-cars/search/-/?sortby=model_year-desc&page=2673
2026-07-26 06:15:44 [pakwheels_full] INFO: Found 25 listings on https://www.pakwheels.com/used-cars/search/-/?sortby=model_year-desc&page=2674
2026-07-26 06:15:48 [scrapy.extensions.logstats] INFO: Crawled 48899 pages (at 171 pages/min), scraped 46225 items (at 162 items/min)
2026-07-26 06:15:52 [pakwheels_full] INFO: Found 25 listings on https://www.pakwheels.com/used-cars/search/-/?sortby=model_year-desc&page=2675
2026-07-26 06:15:59 [pakwheels_full] INFO: Found 25 listings on https://www.pakwheels.com/used-cars/search/-/?sortby=model_year-desc&page=2676
2026-07-26 06:16:06 [pakwheels_full] INFO: Found 25 listings on https://www.pakwheels.com/used-cars/search/-/?sortby=model_year-desc&page=2677
2026-07-26 06:16:11 [pakwheels_full] INFO: Found 25 listings on https://www.pakwheels.com/used-cars/search/-/?sortby=model_year-desc&page=2678
2026-07-26 06:16:18 [pakwheels_full] INFO: Found 25 listings on https://www.pakwheels.com/used-cars/search/-/?sortby=model_year-desc&page=2679
2026-07-26 06:16:24 [pakwheels_full] INFO: Found 25 listings on https://www.pakwheels.com/used-cars/search/-/?sortby=model_year-desc&page=2680
2026-07-26 06:16:31 [pakwheels_full] INFO: Found 25 listings on https://www.pakwheels.com/used-cars/search/-/?sortby=model_year-desc&page=2681
2026-07-26 06:16:38 [pakwheels_full] INFO: Found 25 listings on https://www.pakwheels.com/used-cars/search/-/?sortby=model_year-desc&page=2682
2026-07-26 06:16:45 [pakwheels_full] INFO: Found 25 listings on https://www.pakwheels.com/used-cars/search/-/?sortby=model_year-desc&page=2683
2026-07-26 06:16:48 [scrapy.extensions.logstats] INFO: Crawled 49075 pages (at 176 pages/min), scraped 46392 items (at 167 items/min)
2026-07-26 06:16:51 [pakwheels_full] INFO: Found 25 listings on https://www.pakwheels.com/used-cars/search/-/?sortby=model_year-desc&page=2684
2026-07-26 06:16:59 [pakwheels_full] INFO: Found 25 listings on https://www.pakwheels.com/used-cars/search/-/?sortby=model_year-desc&page=2685
2026-07-26 06:17:07 [pakwheels_full] INFO: Found 25 listings on https://www.pakwheels.com/used-cars/search/-/?sortby=model_year-desc&page=2686
2026-07-26 06:17:13 [pakwheels_full] INFO: Found 25 listings on https://www.pakwheels.com/used-cars/search/-/?sortby=model_year-desc&page=2687
2026-07-26 06:17:21 [pakwheels_full] INFO: Found 25 listings on https://www.pakwheels.com/used-cars/search/-/?sortby=model_year-desc&page=2688
2026-07-26 06:17:27 [pakwheels_full] INFO: Found 25 listings on https://www.pakwheels.com/used-cars/search/-/?sortby=model_year-desc&page=2689
2026-07-26 06:17:34 [pakwheels_full] INFO: Found 25 listings on https://www.pakwheels.com/used-cars/search/-/?sortby=model_year-desc&page=2690
2026-07-26 06:17:40 [pakwheels_full] INFO: Found 25 listings on https://www.pakwheels.com/used-cars/search/-/?sortby=model_year-desc&page=2691
2026-07-26 06:17:46 [pakwheels_full] INFO: Found 25 listings on https://www.pakwheels.com/used-cars/search/-/?sortby=model_year-desc&page=2692
2026-07-26 06:17:48 [scrapy.extensions.logstats] INFO: Crawled 49247 pages (at 172 pages/min), scraped 46554 items (at 162 items/min)
2026-07-26 06:17:52 [pakwheels_full] INFO: Found 25 listings on https://www.pakwheels.com/used-cars/search/-/?sortby=model_year-desc&page=2693
2026-07-26 06:17:59 [pakwheels_full] INFO: Found 25 listings on https://www.pakwheels.com/used-cars/search/-/?sortby=model_year-desc&page=2694
2026-07-26 06:18:06 [pakwheels_full] INFO: Found 25 listings on https://www.pakwheels.com/used-cars/search/-/?sortby=model_year-desc&page=2695
2026-07-26 06:18:11 [pakwheels_full] INFO: Found 25 listings on https://www.pakwheels.com/used-cars/search/-/?sortby=model_year-desc&page=2696
2026-07-26 06:18:18 [pakwheels_full] INFO: Found 25 listings on https://www.pakwheels.com/used-cars/search/-/?sortby=model_year-desc&page=2697
2026-07-26 06:18:26 [pakwheels_full] INFO: Found 25 listings on https://www.pakwheels.com/used-cars/search/-/?sortby=model_year-desc&page=2698
2026-07-26 06:18:32 [pakwheels_full] INFO: Found 25 listings on https://www.pakwheels.com/used-cars/search/-/?sortby=model_year-desc&page=2699
2026-07-26 06:18:38 [pakwheels_full] INFO: Found 25 listings on https://www.pakwheels.com/used-cars/search/-/?sortby=model_year-desc&page=2700
2026-07-26 06:18:45 [pakwheels_full] INFO: Found 25 listings on https://www.pakwheels.com/used-cars/search/-/?sortby=model_year-desc&page=2701
2026-07-26 06:18:48 [scrapy.extensions.logstats] INFO: Crawled 49421 pages (at 174 pages/min), scraped 46720 items (at 166 items/min)
2026-07-26 06:18:52 [pakwheels_full] INFO: Found 25 listings on https://www.pakwheels.com/used-cars/search/-/?sortby=model_year-desc&page=2702
2026-07-26 06:18:58 [pakwheels_full] INFO: Found 25 listings on https://www.pakwheels.com/used-cars/search/-/?sortby=model_year-desc&page=2703
2026-07-26 06:19:05 [pakwheels_full] INFO: Found 25 listings on https://www.pakwheels.com/used-cars/search/-/?sortby=model_year-desc&page=2704
2026-07-26 06:19:12 [pakwheels_full] INFO: Found 25 listings on https://www.pakwheels.com/used-cars/search/-/?sortby=model_year-desc&page=2705
2026-07-26 06:19:18 [pakwheels_full] INFO: Found 25 listings on https://www.pakwheels.com/used-cars/search/-/?sortby=model_year-desc&page=2706
2026-07-26 06:19:25 [pakwheels_full] INFO: Found 25 listings on https://www.pakwheels.com/used-cars/search/-/?sortby=model_year-desc&page=2707
2026-07-26 06:19:32 [pakwheels_full] INFO: Found 25 listings on https://www.pakwheels.com/used-cars/search/-/?sortby=model_year-desc&page=2708
2026-07-26 06:19:38 [pakwheels_full] INFO: Found 25 listings on https://www.pakwheels.com/used-cars/search/-/?sortby=model_year-desc&page=2709
2026-07-26 06:19:46 [pakwheels_full] INFO: Found 25 listings on https://www.pakwheels.com/used-cars/search/-/?sortby=model_year-desc&page=2710
2026-07-26 06:19:48 [scrapy.extensions.logstats] INFO: Crawled 49594 pages (at 173 pages/min), scraped 46884 items (at 164 items/min)
2026-07-26 06:19:52 [pakwheels_full] INFO: Found 25 listings on https://www.pakwheels.com/used-cars/search/-/?sortby=model_year-desc&page=2711
2026-07-26 06:19:59 [pakwheels_full] INFO: Found 25 listings on https://www.pakwheels.com/used-cars/search/-/?sortby=model_year-desc&page=2712
2026-07-26 06:20:05 [pakwheels_full] INFO: Found 25 listings on https://www.pakwheels.com/used-cars/search/-/?sortby=model_year-desc&page=2713
2026-07-26 06:20:13 [pakwheels_full] INFO: Found 25 listings on https://www.pakwheels.com/used-cars/search/-/?sortby=model_year-desc&page=2714
2026-07-26 06:20:19 [pakwheels_full] INFO: Found 25 listings on https://www.pakwheels.com/used-cars/search/-/?sortby=model_year-desc&page=2715
2026-07-26 06:20:26 [pakwheels_full] INFO: Found 25 listings on https://www.pakwheels.com/used-cars/search/-/?sortby=model_year-desc&page=2716
2026-07-26 06:20:32 [pakwheels_full] INFO: Found 25 listings on https://www.pakwheels.com/used-cars/search/-/?sortby=model_year-desc&page=2717
2026-07-26 06:20:38 [pakwheels_full] INFO: Found 25 listings on https://www.pakwheels.com/used-cars/search/-/?sortby=model_year-desc&page=2718
2026-07-26 06:20:46 [pakwheels_full] INFO: Found 25 listings on https://www.pakwheels.com/used-cars/search/-/?sortby=model_year-desc&page=2719
2026-07-26 06:20:48 [scrapy.extensions.logstats] INFO: Crawled 49761 pages (at 167 pages/min), scraped 47041 items (at 157 items/min)
2026-07-26 06:20:53 [pakwheels_full] INFO: Found 25 listings on https://www.pakwheels.com/used-cars/search/-/?sortby=model_year-desc&page=2720
2026-07-26 06:21:00 [pakwheels_full] INFO: Found 25 listings on https://www.pakwheels.com/used-cars/search/-/?sortby=model_year-desc&page=2721
2026-07-26 06:21:07 [pakwheels_full] INFO: Found 25 listings on https://www.pakwheels.com/used-cars/search/-/?sortby=model_year-desc&page=2722
2026-07-26 06:21:13 [pakwheels_full] INFO: Found 25 listings on https://www.pakwheels.com/used-cars/search/-/?sortby=model_year-desc&page=2723
2026-07-26 06:21:19 [pakwheels_full] INFO: Found 25 listings on https://www.pakwheels.com/used-cars/search/-/?sortby=model_year-desc&page=2724
2026-07-26 06:21:25 [pakwheels_full] INFO: Found 25 listings on https://www.pakwheels.com/used-cars/search/-/?sortby=model_year-desc&page=2725
2026-07-26 06:21:30 [pakwheels_full] INFO: Found 25 listings on https://www.pakwheels.com/used-cars/search/-/?sortby=model_year-desc&page=2726
2026-07-26 06:21:36 [pakwheels_full] INFO: Found 25 listings on https://www.pakwheels.com/used-cars/search/-/?sortby=model_year-desc&page=2727
2026-07-26 06:21:42 [pakwheels_full] INFO: Found 25 listings on https://www.pakwheels.com/used-cars/search/-/?sortby=model_year-desc&page=2728
2026-07-26 06:21:48 [scrapy.extensions.logstats] INFO: Crawled 49938 pages (at 177 pages/min), scraped 47210 items (at 169 items/min)
2026-07-26 06:21:49 [pakwheels_full] INFO: Found 25 listings on https://www.pakwheels.com/used-cars/search/-/?sortby=model_year-desc&page=2729
2026-07-26 06:21:55 [pakwheels_full] INFO: Found 25 listings on https://www.pakwheels.com/used-cars/search/-/?sortby=model_year-desc&page=2730
2026-07-26 06:22:01 [pakwheels_full] INFO: Found 25 listings on https://www.pakwheels.com/used-cars/search/-/?sortby=model_year-desc&page=2731
2026-07-26 06:22:08 [pakwheels_full] INFO: Found 25 listings on https://www.pakwheels.com/used-cars/search/-/?sortby=model_year-desc&page=2732
2026-07-26 06:22:13 [pakwheels_full] INFO: Found 25 listings on https://www.pakwheels.com/used-cars/search/-/?sortby=model_year-desc&page=2733
2026-07-26 06:22:20 [pakwheels_full] INFO: Found 25 listings on https://www.pakwheels.com/used-cars/search/-/?sortby=model_year-desc&page=2734
2026-07-26 06:22:26 [pakwheels_full] INFO: Found 25 listings on https://www.pakwheels.com/used-cars/search/-/?sortby=model_year-desc&page=2735
2026-07-26 06:22:33 [pakwheels_full] INFO: Found 25 listings on https://www.pakwheels.com/used-cars/search/-/?sortby=model_year-desc&page=2736
2026-07-26 06:22:42 [pakwheels_full] INFO: Found 25 listings on https://www.pakwheels.com/used-cars/search/-/?sortby=model_year-desc&page=2737
2026-07-26 06:22:48 [pakwheels_full] INFO: Found 25 listings on https://www.pakwheels.com/used-cars/search/-/?sortby=model_year-desc&page=2738
2026-07-26 06:22:48 [scrapy.extensions.logstats] INFO: Crawled 50115 pages (at 177 pages/min), scraped 47377 items (at 167 items/min)
2026-07-26 06:22:55 [pakwheels_full] INFO: Found 25 listings on https://www.pakwheels.com/used-cars/search/-/?sortby=model_year-desc&page=2739
2026-07-26 06:23:01 [pakwheels_full] INFO: Found 25 listings on https://www.pakwheels.com/used-cars/search/-/?sortby=model_year-desc&page=2740
2026-07-26 06:23:08 [pakwheels_full] INFO: Found 25 listings on https://www.pakwheels.com/used-cars/search/-/?sortby=model_year-desc&page=2741
2026-07-26 06:23:14 [pakwheels_full] INFO: Found 25 listings on https://www.pakwheels.com/used-cars/search/-/?sortby=model_year-desc&page=2742
2026-07-26 06:23:21 [pakwheels_full] INFO: Found 25 listings on https://www.pakwheels.com/used-cars/search/-/?sortby=model_year-desc&page=2743
2026-07-26 06:23:26 [pakwheels_full] INFO: Found 25 listings on https://www.pakwheels.com/used-cars/search/-/?sortby=model_year-desc&page=2744
2026-07-26 06:23:34 [pakwheels_full] INFO: Found 25 listings on https://www.pakwheels.com/used-cars/search/-/?sortby=model_year-desc&page=2745
2026-07-26 06:23:41 [pakwheels_full] INFO: Found 25 listings on https://www.pakwheels.com/used-cars/search/-/?sortby=model_year-desc&page=2746
2026-07-26 06:23:47 [pakwheels_full] INFO: Found 25 listings on https://www.pakwheels.com/used-cars/search/-/?sortby=model_year-desc&page=2747
2026-07-26 06:23:48 [scrapy.extensions.logstats] INFO: Crawled 50289 pages (at 174 pages/min), scraped 47541 items (at 164 items/min)
2026-07-26 06:23:53 [pakwheels_full] INFO: Found 25 listings on https://www.pakwheels.com/used-cars/search/-/?sortby=model_year-desc&page=2748
2026-07-26 06:24:00 [pakwheels_full] INFO: Found 25 listings on https://www.pakwheels.com/used-cars/search/-/?sortby=model_year-desc&page=2749
2026-07-26 06:24:06 [pakwheels_full] INFO: Found 25 listings on https://www.pakwheels.com/used-cars/search/-/?sortby=model_year-desc&page=2750
2026-07-26 06:24:12 [pakwheels_full] INFO: Found 25 listings on https://www.pakwheels.com/used-cars/search/-/?sortby=model_year-desc&page=2751
2026-07-26 06:24:19 [pakwheels_full] INFO: Found 25 listings on https://www.pakwheels.com/used-cars/search/-/?sortby=model_year-desc&page=2752
2026-07-26 06:24:25 [pakwheels_full] INFO: Found 25 listings on https://www.pakwheels.com/used-cars/search/-/?sortby=model_year-desc&page=2753
2026-07-26 06:24:31 [pakwheels_full] INFO: Found 25 listings on https://www.pakwheels.com/used-cars/search/-/?sortby=model_year-desc&page=2754
2026-07-26 06:24:37 [pakwheels_full] INFO: Found 25 listings on https://www.pakwheels.com/used-cars/search/-/?sortby=model_year-desc&page=2755
2026-07-26 06:24:45 [pakwheels_full] INFO: Found 25 listings on https://www.pakwheels.com/used-cars/search/-/?sortby=model_year-desc&page=2756
2026-07-26 06:24:48 [scrapy.extensions.logstats] INFO: Crawled 50462 pages (at 173 pages/min), scraped 47706 items (at 165 items/min)
2026-07-26 06:24:52 [pakwheels_full] INFO: Found 25 listings on https://www.pakwheels.com/used-cars/search/-/?sortby=model_year-desc&page=2757
2026-07-26 06:24:58 [pakwheels_full] INFO: Found 25 listings on https://www.pakwheels.com/used-cars/search/-/?sortby=model_year-desc&page=2758
2026-07-26 06:25:05 [pakwheels_full] INFO: Found 25 listings on https://www.pakwheels.com/used-cars/search/-/?sortby=model_year-desc&page=2759
2026-07-26 06:25:11 [pakwheels_full] INFO: Found 25 listings on https://www.pakwheels.com/used-cars/search/-/?sortby=model_year-desc&page=2760
2026-07-26 06:25:17 [pakwheels_full] INFO: Found 25 listings on https://www.pakwheels.com/used-cars/search/-/?sortby=model_year-desc&page=2761
2026-07-26 06:25:23 [pakwheels_full] INFO: Found 25 listings on https://www.pakwheels.com/used-cars/search/-/?sortby=model_year-desc&page=2762
2026-07-26 06:25:32 [pakwheels_full] INFO: Found 25 listings on https://www.pakwheels.com/used-cars/search/-/?sortby=model_year-desc&page=2763
2026-07-26 06:25:39 [pakwheels_full] INFO: Found 25 listings on https://www.pakwheels.com/used-cars/search/-/?sortby=model_year-desc&page=2764
2026-07-26 06:25:46 [pakwheels_full] INFO: Found 25 listings on https://www.pakwheels.com/used-cars/search/-/?sortby=model_year-desc&page=2765
2026-07-26 06:25:48 [scrapy.extensions.logstats] INFO: Crawled 50630 pages (at 168 pages/min), scraped 47865 items (at 159 items/min)
2026-07-26 06:25:53 [pakwheels_full] INFO: Found 25 listings on https://www.pakwheels.com/used-cars/search/-/?sortby=model_year-desc&page=2766
2026-07-26 06:25:59 [pakwheels_full] INFO: Found 25 listings on https://www.pakwheels.com/used-cars/search/-/?sortby=model_year-desc&page=2767
2026-07-26 06:26:05 [pakwheels_full] INFO: Found 25 listings on https://www.pakwheels.com/used-cars/search/-/?sortby=model_year-desc&page=2768
2026-07-26 06:26:12 [pakwheels_full] INFO: Found 25 listings on https://www.pakwheels.com/used-cars/search/-/?sortby=model_year-desc&page=2769
2026-07-26 06:26:17 [pakwheels_full] INFO: Found 25 listings on https://www.pakwheels.com/used-cars/search/-/?sortby=model_year-desc&page=2770
2026-07-26 06:26:23 [pakwheels_full] INFO: Found 25 listings on https://www.pakwheels.com/used-cars/search/-/?sortby=model_year-desc&page=2771
2026-07-26 06:26:30 [pakwheels_full] INFO: Found 25 listings on https://www.pakwheels.com/used-cars/search/-/?sortby=model_year-desc&page=2772
2026-07-26 06:26:36 [pakwheels_full] INFO: Found 25 listings on https://www.pakwheels.com/used-cars/search/-/?sortby=model_year-desc&page=2773
2026-07-26 06:26:42 [pakwheels_full] INFO: Found 25 listings on https://www.pakwheels.com/used-cars/search/-/?sortby=model_year-desc&page=2774
2026-07-26 06:26:48 [scrapy.extensions.logstats] INFO: Crawled 50807 pages (at 177 pages/min), scraped 48032 items (at 167 items/min)
2026-07-26 06:26:49 [pakwheels_full] INFO: Found 25 listings on https://www.pakwheels.com/used-cars/search/-/?sortby=model_year-desc&page=2775
2026-07-26 06:26:56 [pakwheels_full] INFO: Found 25 listings on https://www.pakwheels.com/used-cars/search/-/?sortby=model_year-desc&page=2776
2026-07-26 06:27:03 [pakwheels_full] INFO: Found 25 listings on https://www.pakwheels.com/used-cars/search/-/?sortby=model_year-desc&page=2777
2026-07-26 06:27:09 [pakwheels_full] INFO: Found 25 listings on https://www.pakwheels.com/used-cars/search/-/?sortby=model_year-desc&page=2778
2026-07-26 06:27:17 [pakwheels_full] INFO: Found 25 listings on https://www.pakwheels.com/used-cars/search/-/?sortby=model_year-desc&page=2779
2026-07-26 06:27:24 [pakwheels_full] INFO: Found 25 listings on https://www.pakwheels.com/used-cars/search/-/?sortby=model_year-desc&page=2780
2026-07-26 06:27:30 [pakwheels_full] INFO: Found 25 listings on https://www.pakwheels.com/used-cars/search/-/?sortby=model_year-desc&page=2781
2026-07-26 06:27:37 [pakwheels_full] INFO: Found 25 listings on https://www.pakwheels.com/used-cars/search/-/?sortby=model_year-desc&page=2782
2026-07-26 06:27:43 [pakwheels_full] INFO: Found 25 listings on https://www.pakwheels.com/used-cars/search/-/?sortby=model_year-desc&page=2783
2026-07-26 06:27:48 [scrapy.extensions.logstats] INFO: Crawled 50976 pages (at 169 pages/min), scraped 48192 items (at 160 items/min)
2026-07-26 06:27:50 [pakwheels_full] INFO: Found 25 listings on https://www.pakwheels.com/used-cars/search/-/?sortby=model_year-desc&page=2784
2026-07-26 06:27:57 [pakwheels_full] INFO: Found 25 listings on https://www.pakwheels.com/used-cars/search/-/?sortby=model_year-desc&page=2785
2026-07-26 06:28:03 [pakwheels_full] INFO: Found 25 listings on https://www.pakwheels.com/used-cars/search/-/?sortby=model_year-desc&page=2786
2026-07-26 06:28:09 [pakwheels_full] INFO: Found 25 listings on https://www.pakwheels.com/used-cars/search/-/?sortby=model_year-desc&page=2787
2026-07-26 06:28:15 [pakwheels_full] INFO: Found 25 listings on https://www.pakwheels.com/used-cars/search/-/?sortby=model_year-desc&page=2788
2026-07-26 06:28:22 [pakwheels_full] INFO: Found 25 listings on https://www.pakwheels.com/used-cars/search/-/?sortby=model_year-desc&page=2789
2026-07-26 06:28:27 [pakwheels_full] INFO: Found 25 listings on https://www.pakwheels.com/used-cars/search/-/?sortby=model_year-desc&page=2790
2026-07-26 06:28:33 [pakwheels_full] INFO: Found 25 listings on https://www.pakwheels.com/used-cars/search/-/?sortby=model_year-desc&page=2791
2026-07-26 06:28:40 [pakwheels_full] INFO: Found 25 listings on https://www.pakwheels.com/used-cars/search/-/?sortby=model_year-desc&page=2792
2026-07-26 06:28:46 [pakwheels_full] INFO: Found 25 listings on https://www.pakwheels.com/used-cars/search/-/?sortby=model_year-desc&page=2793
2026-07-26 06:28:48 [scrapy.extensions.logstats] INFO: Crawled 51160 pages (at 184 pages/min), scraped 48367 items (at 175 items/min)
2026-07-26 06:28:53 [pakwheels_full] INFO: Found 25 listings on https://www.pakwheels.com/used-cars/search/-/?sortby=model_year-desc&page=2794
2026-07-26 06:29:01 [pakwheels_full] INFO: Found 25 listings on https://www.pakwheels.com/used-cars/search/-/?sortby=model_year-desc&page=2795
2026-07-26 06:29:07 [pakwheels_full] INFO: Found 25 listings on https://www.pakwheels.com/used-cars/search/-/?sortby=model_year-desc&page=2796
2026-07-26 06:29:13 [pakwheels_full] INFO: Found 25 listings on https://www.pakwheels.com/used-cars/search/-/?sortby=model_year-desc&page=2797
2026-07-26 06:29:20 [pakwheels_full] INFO: Found 25 listings on https://www.pakwheels.com/used-cars/search/-/?sortby=model_year-desc&page=2798
2026-07-26 06:29:26 [pakwheels_full] INFO: Found 25 listings on https://www.pakwheels.com/used-cars/search/-/?sortby=model_year-desc&page=2799
2026-07-26 06:29:32 [pakwheels_full] INFO: Found 25 listings on https://www.pakwheels.com/used-cars/search/-/?sortby=model_year-desc&page=2800
2026-07-26 06:29:38 [pakwheels_full] INFO: Found 25 listings on https://www.pakwheels.com/used-cars/search/-/?sortby=model_year-desc&page=2801
2026-07-26 06:29:45 [pakwheels_full] INFO: Found 25 listings on https://www.pakwheels.com/used-cars/search/-/?sortby=model_year-desc&page=2802
2026-07-26 06:29:48 [scrapy.extensions.logstats] INFO: Crawled 51339 pages (at 179 pages/min), scraped 48536 items (at 169 items/min)
2026-07-26 06:29:51 [pakwheels_full] INFO: Found 25 listings on https://www.pakwheels.com/used-cars/search/-/?sortby=model_year-desc&page=2803
2026-07-26 06:29:56 [pakwheels_full] INFO: Found 25 listings on https://www.pakwheels.com/used-cars/search/-/?sortby=model_year-desc&page=2804
2026-07-26 06:30:01 [pakwheels_full] INFO: Found 25 listings on https://www.pakwheels.com/used-cars/search/-/?sortby=model_year-desc&page=2805
2026-07-26 06:30:08 [pakwheels_full] INFO: Found 25 listings on https://www.pakwheels.com/used-cars/search/-/?sortby=model_year-desc&page=2806
2026-07-26 06:30:14 [pakwheels_full] INFO: Found 25 listings on https://www.pakwheels.com/used-cars/search/-/?sortby=model_year-desc&page=2807
2026-07-26 06:30:21 [pakwheels_full] INFO: Found 25 listings on https://www.pakwheels.com/used-cars/search/-/?sortby=model_year-desc&page=2808
2026-07-26 06:30:27 [pakwheels_full] INFO: Found 25 listings on https://www.pakwheels.com/used-cars/search/-/?sortby=model_year-desc&page=2809
2026-07-26 06:30:34 [pakwheels_full] INFO: Found 25 listings on https://www.pakwheels.com/used-cars/search/-/?sortby=model_year-desc&page=2810
2026-07-26 06:30:41 [pakwheels_full] INFO: Found 25 listings on https://www.pakwheels.com/used-cars/search/-/?sortby=model_year-desc&page=2811
2026-07-26 06:30:48 [scrapy.extensions.logstats] INFO: Crawled 51507 pages (at 168 pages/min), scraped 48696 items (at 160 items/min)
2026-07-26 06:30:48 [pakwheels_full] INFO: Found 25 listings on https://www.pakwheels.com/used-cars/search/-/?sortby=model_year-desc&page=2812
2026-07-26 06:30:55 [pakwheels_full] INFO: Found 25 listings on https://www.pakwheels.com/used-cars/search/-/?sortby=model_year-desc&page=2813
2026-07-26 06:31:02 [pakwheels_full] INFO: Found 25 listings on https://www.pakwheels.com/used-cars/search/-/?sortby=model_year-desc&page=2814
2026-07-26 06:31:08 [pakwheels_full] INFO: Found 25 listings on https://www.pakwheels.com/used-cars/search/-/?sortby=model_year-desc&page=2815
2026-07-26 06:31:13 [pakwheels_full] INFO: Found 25 listings on https://www.pakwheels.com/used-cars/search/-/?sortby=model_year-desc&page=2816
2026-07-26 06:31:19 [pakwheels_full] INFO: Found 25 listings on https://www.pakwheels.com/used-cars/search/-/?sortby=model_year-desc&page=2817
2026-07-26 06:31:24 [pakwheels_full] INFO: Found 25 listings on https://www.pakwheels.com/used-cars/search/-/?sortby=model_year-desc&page=2818
2026-07-26 06:31:30 [pakwheels_full] INFO: Found 25 listings on https://www.pakwheels.com/used-cars/search/-/?sortby=model_year-desc&page=2819
2026-07-26 06:31:37 [pakwheels_full] INFO: Found 25 listings on https://www.pakwheels.com/used-cars/search/-/?sortby=model_year-desc&page=2820
2026-07-26 06:31:42 [pakwheels_full] INFO: Found 25 listings on https://www.pakwheels.com/used-cars/search/-/?sortby=model_year-desc&page=2821
2026-07-26 06:31:48 [scrapy.extensions.logstats] INFO: Crawled 51691 pages (at 184 pages/min), scraped 48869 items (at 173 items/min)
2026-07-26 06:31:48 [pakwheels_full] INFO: Found 25 listings on https://www.pakwheels.com/used-cars/search/-/?sortby=model_year-desc&page=2822
2026-07-26 06:31:54 [pakwheels_full] INFO: Found 25 listings on https://www.pakwheels.com/used-cars/search/-/?sortby=model_year-desc&page=2823
2026-07-26 06:31:59 [pakwheels_full] INFO: Found 25 listings on https://www.pakwheels.com/used-cars/search/-/?sortby=model_year-desc&page=2824
2026-07-26 06:32:05 [pakwheels_full] INFO: Found 25 listings on https://www.pakwheels.com/used-cars/search/-/?sortby=model_year-desc&page=2825
2026-07-26 06:32:11 [pakwheels_full] INFO: Found 25 listings on https://www.pakwheels.com/used-cars/search/-/?sortby=model_year-desc&page=2826
2026-07-26 06:32:17 [pakwheels_full] INFO: Found 25 listings on https://www.pakwheels.com/used-cars/search/-/?sortby=model_year-desc&page=2827
2026-07-26 06:32:23 [pakwheels_full] INFO: Found 25 listings on https://www.pakwheels.com/used-cars/search/-/?sortby=model_year-desc&page=2828
2026-07-26 06:32:29 [pakwheels_full] INFO: Found 25 listings on https://www.pakwheels.com/used-cars/search/-/?sortby=model_year-desc&page=2829
2026-07-26 06:32:35 [pakwheels_full] INFO: Found 25 listings on https://www.pakwheels.com/used-cars/search/-/?sortby=model_year-desc&page=2830
2026-07-26 06:32:41 [pakwheels_full] INFO: Found 25 listings on https://www.pakwheels.com/used-cars/search/-/?sortby=model_year-desc&page=2831
2026-07-26 06:32:47 [pakwheels_full] INFO: Found 25 listings on https://www.pakwheels.com/used-cars/search/-/?sortby=model_year-desc&page=2832
2026-07-26 06:32:48 [scrapy.extensions.logstats] INFO: Crawled 51877 pages (at 186 pages/min), scraped 49044 items (at 175 items/min)
2026-07-26 06:32:52 [pakwheels_full] INFO: Found 25 listings on https://www.pakwheels.com/used-cars/search/-/?sortby=model_year-desc&page=2833
2026-07-26 06:32:58 [pakwheels_full] INFO: Found 25 listings on https://www.pakwheels.com/used-cars/search/-/?sortby=model_year-desc&page=2834
2026-07-26 06:33:04 [pakwheels_full] INFO: Found 25 listings on https://www.pakwheels.com/used-cars/search/-/?sortby=model_year-desc&page=2835
2026-07-26 06:33:11 [pakwheels_full] INFO: Found 25 listings on https://www.pakwheels.com/used-cars/search/-/?sortby=model_year-desc&page=2836
2026-07-26 06:33:17 [pakwheels_full] INFO: Found 25 listings on https://www.pakwheels.com/used-cars/search/-/?sortby=model_year-desc&page=2837
2026-07-26 06:33:23 [pakwheels_full] INFO: Found 25 listings on https://www.pakwheels.com/used-cars/search/-/?sortby=model_year-desc&page=2838
2026-07-26 06:33:30 [pakwheels_full] INFO: Found 25 listings on https://www.pakwheels.com/used-cars/search/-/?sortby=model_year-desc&page=2839
2026-07-26 06:33:36 [pakwheels_full] INFO: Found 25 listings on https://www.pakwheels.com/used-cars/search/-/?sortby=model_year-desc&page=2840
2026-07-26 06:33:43 [pakwheels_full] INFO: Found 25 listings on https://www.pakwheels.com/used-cars/search/-/?sortby=model_year-desc&page=2841
2026-07-26 06:33:48 [scrapy.extensions.logstats] INFO: Crawled 52060 pages (at 183 pages/min), scraped 49219 items (at 175 items/min)
2026-07-26 06:33:49 [pakwheels_full] INFO: Found 25 listings on https://www.pakwheels.com/used-cars/search/-/?sortby=model_year-desc&page=2842
2026-07-26 06:33:55 [pakwheels_full] INFO: Found 25 listings on https://www.pakwheels.com/used-cars/search/-/?sortby=model_year-desc&page=2843
2026-07-26 06:34:02 [pakwheels_full] INFO: Found 25 listings on https://www.pakwheels.com/used-cars/search/-/?sortby=model_year-desc&page=2844
2026-07-26 06:34:08 [pakwheels_full] INFO: Found 25 listings on https://www.pakwheels.com/used-cars/search/-/?sortby=model_year-desc&page=2845
2026-07-26 06:34:14 [pakwheels_full] INFO: Found 25 listings on https://www.pakwheels.com/used-cars/search/-/?sortby=model_year-desc&page=2846
2026-07-26 06:34:20 [pakwheels_full] INFO: Found 25 listings on https://www.pakwheels.com/used-cars/search/-/?sortby=model_year-desc&page=2847
2026-07-26 06:34:25 [pakwheels_full] INFO: Found 25 listings on https://www.pakwheels.com/used-cars/search/-/?sortby=model_year-desc&page=2848
2026-07-26 06:34:31 [pakwheels_full] INFO: Found 25 listings on https://www.pakwheels.com/used-cars/search/-/?sortby=model_year-desc&page=2849
2026-07-26 06:34:39 [pakwheels_full] INFO: Found 25 listings on https://www.pakwheels.com/used-cars/search/-/?sortby=model_year-desc&page=2850
2026-07-26 06:34:47 [pakwheels_full] INFO: Found 25 listings on https://www.pakwheels.com/used-cars/search/-/?sortby=model_year-desc&page=2851
2026-07-26 06:34:48 [scrapy.extensions.logstats] INFO: Crawled 52237 pages (at 177 pages/min), scraped 49386 items (at 167 items/min)
2026-07-26 06:34:53 [pakwheels_full] INFO: Found 25 listings on https://www.pakwheels.com/used-cars/search/-/?sortby=model_year-desc&page=2852
2026-07-26 06:34:59 [pakwheels_full] INFO: Found 25 listings on https://www.pakwheels.com/used-cars/search/-/?sortby=model_year-desc&page=2853
2026-07-26 06:35:07 [pakwheels_full] INFO: Found 25 listings on https://www.pakwheels.com/used-cars/search/-/?sortby=model_year-desc&page=2854
2026-07-26 06:35:14 [pakwheels_full] INFO: Found 25 listings on https://www.pakwheels.com/used-cars/search/-/?sortby=model_year-desc&page=2855
2026-07-26 06:35:21 [pakwheels_full] INFO: Found 25 listings on https://www.pakwheels.com/used-cars/search/-/?sortby=model_year-desc&page=2856
2026-07-26 06:35:27 [pakwheels_full] INFO: Found 25 listings on https://www.pakwheels.com/used-cars/search/-/?sortby=model_year-desc&page=2857
2026-07-26 06:35:33 [pakwheels_full] INFO: Found 25 listings on https://www.pakwheels.com/used-cars/search/-/?sortby=model_year-desc&page=2858
2026-07-26 06:35:38 [pakwheels_full] INFO: Found 25 listings on https://www.pakwheels.com/used-cars/search/-/?sortby=model_year-desc&page=2859
2026-07-26 06:35:46 [pakwheels_full] INFO: Found 25 listings on https://www.pakwheels.com/used-cars/search/-/?sortby=model_year-desc&page=2860
2026-07-26 06:35:48 [scrapy.extensions.logstats] INFO: Crawled 52404 pages (at 167 pages/min), scraped 49544 items (at 158 items/min)
2026-07-26 06:35:53 [pakwheels_full] INFO: Found 25 listings on https://www.pakwheels.com/used-cars/search/-/?sortby=model_year-desc&page=2861
2026-07-26 06:35:59 [pakwheels_full] INFO: Found 25 listings on https://www.pakwheels.com/used-cars/search/-/?sortby=model_year-desc&page=2862
2026-07-26 06:36:05 [pakwheels_full] INFO: Found 25 listings on https://www.pakwheels.com/used-cars/search/-/?sortby=model_year-desc&page=2863
2026-07-26 06:36:11 [pakwheels_full] INFO: Found 25 listings on https://www.pakwheels.com/used-cars/search/-/?sortby=model_year-desc&page=2864
2026-07-26 06:36:18 [pakwheels_full] INFO: Found 25 listings on https://www.pakwheels.com/used-cars/search/-/?sortby=model_year-desc&page=2865
2026-07-26 06:36:24 [pakwheels_full] INFO: Found 25 listings on https://www.pakwheels.com/used-cars/search/-/?sortby=model_year-desc&page=2866
2026-07-26 06:36:31 [pakwheels_full] INFO: Found 25 listings on https://www.pakwheels.com/used-cars/search/-/?sortby=model_year-desc&page=2867
2026-07-26 06:36:37 [pakwheels_full] INFO: Found 25 listings on https://www.pakwheels.com/used-cars/search/-/?sortby=model_year-desc&page=2868
2026-07-26 06:36:43 [pakwheels_full] INFO: Found 25 listings on https://www.pakwheels.com/used-cars/search/-/?sortby=model_year-desc&page=2869
2026-07-26 06:36:48 [scrapy.extensions.logstats] INFO: Crawled 52584 pages (at 180 pages/min), scraped 49715 items (at 171 items/min)
2026-07-26 06:36:49 [pakwheels_full] INFO: Found 25 listings on https://www.pakwheels.com/used-cars/search/-/?sortby=model_year-desc&page=2870
2026-07-26 06:36:55 [pakwheels_full] INFO: Found 25 listings on https://www.pakwheels.com/used-cars/search/-/?sortby=model_year-desc&page=2871
2026-07-26 06:37:00 [pakwheels_full] INFO: Found 25 listings on https://www.pakwheels.com/used-cars/search/-/?sortby=model_year-desc&page=2872
2026-07-26 06:37:07 [pakwheels_full] INFO: Found 25 listings on https://www.pakwheels.com/used-cars/search/-/?sortby=model_year-desc&page=2873
2026-07-26 06:37:14 [pakwheels_full] INFO: Found 25 listings on https://www.pakwheels.com/used-cars/search/-/?sortby=model_year-desc&page=2874
2026-07-26 06:37:20 [pakwheels_full] INFO: Found 25 listings on https://www.pakwheels.com/used-cars/search/-/?sortby=model_year-desc&page=2875
2026-07-26 06:37:26 [pakwheels_full] INFO: Found 25 listings on https://www.pakwheels.com/used-cars/search/-/?sortby=model_year-desc&page=2876
2026-07-26 06:37:33 [pakwheels_full] INFO: Found 25 listings on https://www.pakwheels.com/used-cars/search/-/?sortby=model_year-desc&page=2877
2026-07-26 06:37:40 [pakwheels_full] INFO: Found 25 listings on https://www.pakwheels.com/used-cars/search/-/?sortby=model_year-desc&page=2878
2026-07-26 06:37:46 [pakwheels_full] INFO: Found 25 listings on https://www.pakwheels.com/used-cars/search/-/?sortby=model_year-desc&page=2879
2026-07-26 06:37:48 [scrapy.extensions.logstats] INFO: Crawled 52759 pages (at 175 pages/min), scraped 49880 items (at 165 items/min)
2026-07-26 06:37:53 [pakwheels_full] INFO: Found 25 listings on https://www.pakwheels.com/used-cars/search/-/?sortby=model_year-desc&page=2880
2026-07-26 06:37:58 [pakwheels_full] INFO: Found 25 listings on https://www.pakwheels.com/used-cars/search/-/?sortby=model_year-desc&page=2881
2026-07-26 06:38:05 [pakwheels_full] INFO: Found 25 listings on https://www.pakwheels.com/used-cars/search/-/?sortby=model_year-desc&page=2882
2026-07-26 06:38:11 [pakwheels_full] INFO: Found 25 listings on https://www.pakwheels.com/used-cars/search/-/?sortby=model_year-desc&page=2883
2026-07-26 06:38:18 [pakwheels_full] INFO: Found 25 listings on https://www.pakwheels.com/used-cars/search/-/?sortby=model_year-desc&page=2884
2026-07-26 06:38:24 [pakwheels_full] INFO: Found 25 listings on https://www.pakwheels.com/used-cars/search/-/?sortby=model_year-desc&page=2885
2026-07-26 06:38:30 [pakwheels_full] INFO: Found 25 listings on https://www.pakwheels.com/used-cars/search/-/?sortby=model_year-desc&page=2886
2026-07-26 06:38:37 [pakwheels_full] INFO: Found 25 listings on https://www.pakwheels.com/used-cars/search/-/?sortby=model_year-desc&page=2887
2026-07-26 06:38:46 [pakwheels_full] INFO: Found 25 listings on https://www.pakwheels.com/used-cars/search/-/?sortby=model_year-desc&page=2888
2026-07-26 06:38:48 [scrapy.extensions.logstats] INFO: Crawled 52925 pages (at 166 pages/min), scraped 50036 items (at 156 items/min)
2026-07-26 06:38:52 [pakwheels_full] INFO: Found 25 listings on https://www.pakwheels.com/used-cars/search/-/?sortby=model_year-desc&page=2889
2026-07-26 06:38:59 [pakwheels_full] INFO: Found 25 listings on https://www.pakwheels.com/used-cars/search/-/?sortby=model_year-desc&page=2890
2026-07-26 06:39:06 [pakwheels_full] INFO: Found 25 listings on https://www.pakwheels.com/used-cars/search/-/?sortby=model_year-desc&page=2891
2026-07-26 06:39:12 [pakwheels_full] INFO: Found 25 listings on https://www.pakwheels.com/used-cars/search/-/?sortby=model_year-desc&page=2892
2026-07-26 06:39:19 [pakwheels_full] INFO: Found 25 listings on https://www.pakwheels.com/used-cars/search/-/?sortby=model_year-desc&page=2893
2026-07-26 06:39:25 [pakwheels_full] INFO: Found 25 listings on https://www.pakwheels.com/used-cars/search/-/?sortby=model_year-desc&page=2894
2026-07-26 06:39:31 [pakwheels_full] INFO: Found 25 listings on https://www.pakwheels.com/used-cars/search/-/?sortby=model_year-desc&page=2895
2026-07-26 06:39:38 [pakwheels_full] INFO: Found 25 listings on https://www.pakwheels.com/used-cars/search/-/?sortby=model_year-desc&page=2896
2026-07-26 06:39:45 [pakwheels_full] INFO: Found 25 listings on https://www.pakwheels.com/used-cars/search/-/?sortby=model_year-desc&page=2897
2026-07-26 06:39:48 [scrapy.extensions.logstats] INFO: Crawled 53099 pages (at 174 pages/min), scraped 50202 items (at 166 items/min)
2026-07-26 06:39:51 [pakwheels_full] INFO: Found 25 listings on https://www.pakwheels.com/used-cars/search/-/?sortby=model_year-desc&page=2898
2026-07-26 06:39:58 [pakwheels_full] INFO: Found 25 listings on https://www.pakwheels.com/used-cars/search/-/?sortby=model_year-desc&page=2899
2026-07-26 06:40:04 [pakwheels_full] INFO: Found 25 listings on https://www.pakwheels.com/used-cars/search/-/?sortby=model_year-desc&page=2900
2026-07-26 06:40:10 [pakwheels_full] INFO: Found 25 listings on https://www.pakwheels.com/used-cars/search/-/?sortby=model_year-desc&page=2901
2026-07-26 06:40:17 [pakwheels_full] INFO: Found 25 listings on https://www.pakwheels.com/used-cars/search/-/?sortby=model_year-desc&page=2902
2026-07-26 06:40:23 [pakwheels_full] INFO: Found 25 listings on https://www.pakwheels.com/used-cars/search/-/?sortby=model_year-desc&page=2903
2026-07-26 06:40:29 [pakwheels_full] INFO: Found 25 listings on https://www.pakwheels.com/used-cars/search/-/?sortby=model_year-desc&page=2904
2026-07-26 06:40:34 [pakwheels_full] INFO: Found 25 listings on https://www.pakwheels.com/used-cars/search/-/?sortby=model_year-desc&page=2905
2026-07-26 06:40:40 [pakwheels_full] INFO: Found 25 listings on https://www.pakwheels.com/used-cars/search/-/?sortby=model_year-desc&page=2906
2026-07-26 06:40:48 [scrapy.extensions.logstats] INFO: Crawled 53270 pages (at 171 pages/min), scraped 50364 items (at 162 items/min)
2026-07-26 06:40:48 [pakwheels_full] INFO: Found 25 listings on https://www.pakwheels.com/used-cars/search/-/?sortby=model_year-desc&page=2907
2026-07-26 06:40:55 [pakwheels_full] INFO: Found 25 listings on https://www.pakwheels.com/used-cars/search/-/?sortby=model_year-desc&page=2908
2026-07-26 06:41:01 [pakwheels_full] INFO: Found 25 listings on https://www.pakwheels.com/used-cars/search/-/?sortby=model_year-desc&page=2909
2026-07-26 06:41:09 [pakwheels_full] INFO: Found 25 listings on https://www.pakwheels.com/used-cars/search/-/?sortby=model_year-desc&page=2910
2026-07-26 06:41:15 [pakwheels_full] INFO: Found 25 listings on https://www.pakwheels.com/used-cars/search/-/?sortby=model_year-desc&page=2911
2026-07-26 06:41:21 [pakwheels_full] INFO: Found 25 listings on https://www.pakwheels.com/used-cars/search/-/?sortby=model_year-desc&page=2912
2026-07-26 06:41:27 [pakwheels_full] INFO: Found 25 listings on https://www.pakwheels.com/used-cars/search/-/?sortby=model_year-desc&page=2913
2026-07-26 06:41:34 [pakwheels_full] INFO: Found 25 listings on https://www.pakwheels.com/used-cars/search/-/?sortby=model_year-desc&page=2914
2026-07-26 06:41:40 [pakwheels_full] INFO: Found 25 listings on https://www.pakwheels.com/used-cars/search/-/?sortby=model_year-desc&page=2915
2026-07-26 06:41:47 [pakwheels_full] INFO: Found 25 listings on https://www.pakwheels.com/used-cars/search/-/?sortby=model_year-desc&page=2916
2026-07-26 06:41:48 [scrapy.extensions.logstats] INFO: Crawled 53443 pages (at 173 pages/min), scraped 50527 items (at 163 items/min)
2026-07-26 06:41:52 [pakwheels_full] INFO: Found 25 listings on https://www.pakwheels.com/used-cars/search/-/?sortby=model_year-desc&page=2917
2026-07-26 06:41:58 [pakwheels_full] INFO: Found 25 listings on https://www.pakwheels.com/used-cars/search/-/?sortby=model_year-desc&page=2918
2026-07-26 06:42:04 [pakwheels_full] INFO: Found 25 listings on https://www.pakwheels.com/used-cars/search/-/?sortby=model_year-desc&page=2919
2026-07-26 06:42:10 [pakwheels_full] INFO: Found 25 listings on https://www.pakwheels.com/used-cars/search/-/?sortby=model_year-desc&page=2920
2026-07-26 06:42:16 [pakwheels_full] INFO: Found 25 listings on https://www.pakwheels.com/used-cars/search/-/?sortby=model_year-desc&page=2921
2026-07-26 06:42:22 [pakwheels_full] INFO: Found 25 listings on https://www.pakwheels.com/used-cars/search/-/?sortby=model_year-desc&page=2922
2026-07-26 06:42:28 [pakwheels_full] INFO: Found 25 listings on https://www.pakwheels.com/used-cars/search/-/?sortby=model_year-desc&page=2923
2026-07-26 06:42:34 [pakwheels_full] INFO: Found 25 listings on https://www.pakwheels.com/used-cars/search/-/?sortby=model_year-desc&page=2924
2026-07-26 06:42:39 [pakwheels_full] INFO: Found 25 listings on https://www.pakwheels.com/used-cars/search/-/?sortby=model_year-desc&page=2925
2026-07-26 06:42:46 [pakwheels_full] INFO: Found 25 listings on https://www.pakwheels.com/used-cars/search/-/?sortby=model_year-desc&page=2926
2026-07-26 06:42:48 [scrapy.extensions.logstats] INFO: Crawled 53627 pages (at 184 pages/min), scraped 50701 items (at 174 items/min)
2026-07-26 06:42:51 [pakwheels_full] INFO: Found 25 listings on https://www.pakwheels.com/used-cars/search/-/?sortby=model_year-desc&page=2927
2026-07-26 06:42:57 [pakwheels_full] INFO: Found 25 listings on https://www.pakwheels.com/used-cars/search/-/?sortby=model_year-desc&page=2928
2026-07-26 06:43:04 [pakwheels_full] INFO: Found 25 listings on https://www.pakwheels.com/used-cars/search/-/?sortby=model_year-desc&page=2929
2026-07-26 06:43:11 [pakwheels_full] INFO: Found 25 listings on https://www.pakwheels.com/used-cars/search/-/?sortby=model_year-desc&page=2930
2026-07-26 06:43:17 [pakwheels_full] INFO: Found 25 listings on https://www.pakwheels.com/used-cars/search/-/?sortby=model_year-desc&page=2931
2026-07-26 06:43:24 [pakwheels_full] INFO: Found 25 listings on https://www.pakwheels.com/used-cars/search/-/?sortby=model_year-desc&page=2932
2026-07-26 06:43:30 [pakwheels_full] INFO: Found 25 listings on https://www.pakwheels.com/used-cars/search/-/?sortby=model_year-desc&page=2933
2026-07-26 06:43:37 [pakwheels_full] INFO: Found 25 listings on https://www.pakwheels.com/used-cars/search/-/?sortby=model_year-desc&page=2934
2026-07-26 06:43:44 [pakwheels_full] INFO: Found 25 listings on https://www.pakwheels.com/used-cars/search/-/?sortby=model_year-desc&page=2935
2026-07-26 06:43:48 [scrapy.extensions.logstats] INFO: Crawled 53803 pages (at 176 pages/min), scraped 50868 items (at 167 items/min)
2026-07-26 06:43:51 [pakwheels_full] INFO: Found 25 listings on https://www.pakwheels.com/used-cars/search/-/?sortby=model_year-desc&page=2936
2026-07-26 06:43:57 [pakwheels_full] INFO: Found 25 listings on https://www.pakwheels.com/used-cars/search/-/?sortby=model_year-desc&page=2937
2026-07-26 06:44:04 [pakwheels_full] INFO: Found 25 listings on https://www.pakwheels.com/used-cars/search/-/?sortby=model_year-desc&page=2938
2026-07-26 06:44:10 [pakwheels_full] INFO: Found 25 listings on https://www.pakwheels.com/used-cars/search/-/?sortby=model_year-desc&page=2939
2026-07-26 06:44:17 [pakwheels_full] INFO: Found 25 listings on https://www.pakwheels.com/used-cars/search/-/?sortby=model_year-desc&page=2940
2026-07-26 06:44:24 [pakwheels_full] INFO: Found 25 listings on https://www.pakwheels.com/used-cars/search/-/?sortby=model_year-desc&page=2941
2026-07-26 06:44:31 [pakwheels_full] INFO: Found 25 listings on https://www.pakwheels.com/used-cars/search/-/?sortby=model_year-desc&page=2942
2026-07-26 06:44:37 [pakwheels_full] INFO: Found 25 listings on https://www.pakwheels.com/used-cars/search/-/?sortby=model_year-desc&page=2943
2026-07-26 06:44:44 [pakwheels_full] INFO: Found 25 listings on https://www.pakwheels.com/used-cars/search/-/?sortby=model_year-desc&page=2944
2026-07-26 06:44:48 [scrapy.extensions.logstats] INFO: Crawled 53973 pages (at 170 pages/min), scraped 51028 items (at 160 items/min)
2026-07-26 06:44:51 [pakwheels_full] INFO: Found 25 listings on https://www.pakwheels.com/used-cars/search/-/?sortby=model_year-desc&page=2945
2026-07-26 06:44:57 [pakwheels_full] INFO: Found 25 listings on https://www.pakwheels.com/used-cars/search/-/?sortby=model_year-desc&page=2946
2026-07-26 06:45:04 [pakwheels_full] INFO: Found 25 listings on https://www.pakwheels.com/used-cars/search/-/?sortby=model_year-desc&page=2947
2026-07-26 06:45:11 [pakwheels_full] INFO: Found 25 listings on https://www.pakwheels.com/used-cars/search/-/?sortby=model_year-desc&page=2948
2026-07-26 06:45:18 [pakwheels_full] INFO: Found 25 listings on https://www.pakwheels.com/used-cars/search/-/?sortby=model_year-desc&page=2949
2026-07-26 06:45:24 [pakwheels_full] INFO: Found 25 listings on https://www.pakwheels.com/used-cars/search/-/?sortby=model_year-desc&page=2950
2026-07-26 06:45:31 [pakwheels_full] INFO: Found 25 listings on https://www.pakwheels.com/used-cars/search/-/?sortby=model_year-desc&page=2951
2026-07-26 06:45:39 [pakwheels_full] INFO: Found 25 listings on https://www.pakwheels.com/used-cars/search/-/?sortby=model_year-desc&page=2952
2026-07-26 06:45:44 [pakwheels_full] INFO: Found 25 listings on https://www.pakwheels.com/used-cars/search/-/?sortby=model_year-desc&page=2953
2026-07-26 06:45:48 [scrapy.extensions.logstats] INFO: Crawled 54135 pages (at 162 pages/min), scraped 51182 items (at 154 items/min)
2026-07-26 06:45:51 [pakwheels_full] INFO: Found 25 listings on https://www.pakwheels.com/used-cars/search/-/?sortby=model_year-desc&page=2954
2026-07-26 06:45:57 [pakwheels_full] INFO: Found 25 listings on https://www.pakwheels.com/used-cars/search/-/?sortby=model_year-desc&page=2955
2026-07-26 06:46:06 [pakwheels_full] INFO: Found 25 listings on https://www.pakwheels.com/used-cars/search/-/?sortby=model_year-desc&page=2956
2026-07-26 06:46:13 [pakwheels_full] INFO: Found 25 listings on https://www.pakwheels.com/used-cars/search/-/?sortby=model_year-desc&page=2957
2026-07-26 06:46:20 [pakwheels_full] INFO: Found 25 listings on https://www.pakwheels.com/used-cars/search/-/?sortby=model_year-desc&page=2958
2026-07-26 06:46:25 [pakwheels_full] INFO: Found 25 listings on https://www.pakwheels.com/used-cars/search/-/?sortby=model_year-desc&page=2959
2026-07-26 06:46:32 [pakwheels_full] INFO: Found 25 listings on https://www.pakwheels.com/used-cars/search/-/?sortby=model_year-desc&page=2960
2026-07-26 06:46:38 [pakwheels_full] INFO: Found 25 listings on https://www.pakwheels.com/used-cars/search/-/?sortby=model_year-desc&page=2961
2026-07-26 06:46:44 [pakwheels_full] INFO: Found 25 listings on https://www.pakwheels.com/used-cars/search/-/?sortby=model_year-desc&page=2962
2026-07-26 06:46:48 [scrapy.extensions.logstats] INFO: Crawled 54300 pages (at 165 pages/min), scraped 51338 items (at 156 items/min)
2026-07-26 06:46:51 [pakwheels_full] INFO: Found 25 listings on https://www.pakwheels.com/used-cars/search/-/?sortby=model_year-desc&page=2963
2026-07-26 06:46:57 [pakwheels_full] INFO: Found 25 listings on https://www.pakwheels.com/used-cars/search/-/?sortby=model_year-desc&page=2964
2026-07-26 06:47:04 [pakwheels_full] INFO: Found 25 listings on https://www.pakwheels.com/used-cars/search/-/?sortby=model_year-desc&page=2965
2026-07-26 06:47:11 [pakwheels_full] INFO: Found 25 listings on https://www.pakwheels.com/used-cars/search/-/?sortby=model_year-desc&page=2966
2026-07-26 06:47:17 [pakwheels_full] INFO: Found 25 listings on https://www.pakwheels.com/used-cars/search/-/?sortby=model_year-desc&page=2967
2026-07-26 06:47:22 [pakwheels_full] INFO: Found 25 listings on https://www.pakwheels.com/used-cars/search/-/?sortby=model_year-desc&page=2968
2026-07-26 06:47:28 [pakwheels_full] INFO: Found 25 listings on https://www.pakwheels.com/used-cars/search/-/?sortby=model_year-desc&page=2969
2026-07-26 06:47:35 [pakwheels_full] INFO: Found 25 listings on https://www.pakwheels.com/used-cars/search/-/?sortby=model_year-desc&page=2970
2026-07-26 06:47:42 [pakwheels_full] INFO: Found 25 listings on https://www.pakwheels.com/used-cars/search/-/?sortby=model_year-desc&page=2971
2026-07-26 06:47:48 [pakwheels_full] INFO: Found 25 listings on https://www.pakwheels.com/used-cars/search/-/?sortby=model_year-desc&page=2972
2026-07-26 06:47:48 [scrapy.extensions.logstats] INFO: Crawled 54476 pages (at 176 pages/min), scraped 51504 items (at 166 items/min)
2026-07-26 06:47:54 [pakwheels_full] INFO: Found 25 listings on https://www.pakwheels.com/used-cars/search/-/?sortby=model_year-desc&page=2973
2026-07-26 06:48:00 [pakwheels_full] INFO: Found 25 listings on https://www.pakwheels.com/used-cars/search/-/?sortby=model_year-desc&page=2974
2026-07-26 06:48:06 [pakwheels_full] INFO: Found 25 listings on https://www.pakwheels.com/used-cars/search/-/?sortby=model_year-desc&page=2975
2026-07-26 06:48:13 [pakwheels_full] INFO: Found 25 listings on https://www.pakwheels.com/used-cars/search/-/?sortby=model_year-desc&page=2976
2026-07-26 06:48:20 [pakwheels_full] INFO: Found 25 listings on https://www.pakwheels.com/used-cars/search/-/?sortby=model_year-desc&page=2977
2026-07-26 06:48:27 [pakwheels_full] INFO: Found 25 listings on https://www.pakwheels.com/used-cars/search/-/?sortby=model_year-desc&page=2978
2026-07-26 06:48:38 [pakwheels_full] INFO: Found 25 listings on https://www.pakwheels.com/used-cars/search/-/?sortby=model_year-desc&page=2979
2026-07-26 06:48:48 [pakwheels_full] INFO: Found 25 listings on https://www.pakwheels.com/used-cars/search/-/?sortby=model_year-desc&page=2980
2026-07-26 06:48:48 [scrapy.extensions.logstats] INFO: Crawled 54626 pages (at 150 pages/min), scraped 51646 items (at 142 items/min)
2026-07-26 06:48:55 [pakwheels_full] INFO: Found 25 listings on https://www.pakwheels.com/used-cars/search/-/?sortby=model_year-desc&page=2981
2026-07-26 06:49:02 [pakwheels_full] INFO: Found 25 listings on https://www.pakwheels.com/used-cars/search/-/?sortby=model_year-desc&page=2982
2026-07-26 06:49:08 [pakwheels_full] INFO: Found 25 listings on https://www.pakwheels.com/used-cars/search/-/?sortby=model_year-desc&page=2983
2026-07-26 06:49:15 [pakwheels_full] INFO: Found 25 listings on https://www.pakwheels.com/used-cars/search/-/?sortby=model_year-desc&page=2984
2026-07-26 06:49:21 [pakwheels_full] INFO: Found 25 listings on https://www.pakwheels.com/used-cars/search/-/?sortby=model_year-desc&page=2985
2026-07-26 06:49:30 [pakwheels_full] INFO: Found 25 listings on https://www.pakwheels.com/used-cars/search/-/?sortby=model_year-desc&page=2986
2026-07-26 06:49:37 [pakwheels_full] INFO: Found 25 listings on https://www.pakwheels.com/used-cars/search/-/?sortby=model_year-desc&page=2987
2026-07-26 06:49:44 [pakwheels_full] INFO: Found 25 listings on https://www.pakwheels.com/used-cars/search/-/?sortby=model_year-desc&page=2988
2026-07-26 06:49:48 [scrapy.extensions.logstats] INFO: Crawled 54786 pages (at 160 pages/min), scraped 51798 items (at 152 items/min)
2026-07-26 06:49:51 [pakwheels_full] INFO: Found 25 listings on https://www.pakwheels.com/used-cars/search/-/?sortby=model_year-desc&page=2989
2026-07-26 06:49:58 [pakwheels_full] INFO: Found 25 listings on https://www.pakwheels.com/used-cars/search/-/?sortby=model_year-desc&page=2990
2026-07-26 06:50:05 [pakwheels_full] INFO: Found 25 listings on https://www.pakwheels.com/used-cars/search/-/?sortby=model_year-desc&page=2991
2026-07-26 06:50:11 [pakwheels_full] INFO: Found 25 listings on https://www.pakwheels.com/used-cars/search/-/?sortby=model_year-desc&page=2992
2026-07-26 06:50:17 [pakwheels_full] INFO: Found 25 listings on https://www.pakwheels.com/used-cars/search/-/?sortby=model_year-desc&page=2993
2026-07-26 06:50:24 [pakwheels_full] INFO: Found 25 listings on https://www.pakwheels.com/used-cars/search/-/?sortby=model_year-desc&page=2994
2026-07-26 06:50:30 [pakwheels_full] INFO: Found 25 listings on https://www.pakwheels.com/used-cars/search/-/?sortby=model_year-desc&page=2995
2026-07-26 06:50:39 [pakwheels_full] INFO: Found 25 listings on https://www.pakwheels.com/used-cars/search/-/?sortby=model_year-desc&page=2996
2026-07-26 06:50:46 [pakwheels_full] INFO: Found 25 listings on https://www.pakwheels.com/used-cars/search/-/?sortby=model_year-desc&page=2997
2026-07-26 06:50:48 [scrapy.extensions.logstats] INFO: Crawled 54945 pages (at 159 pages/min), scraped 51948 items (at 150 items/min)
2026-07-26 06:50:52 [pakwheels_full] INFO: Found 25 listings on https://www.pakwheels.com/used-cars/search/-/?sortby=model_year-desc&page=2998
2026-07-26 06:50:58 [pakwheels_full] INFO: Found 25 listings on https://www.pakwheels.com/used-cars/search/-/?sortby=model_year-desc&page=2999
2026-07-26 06:51:05 [pakwheels_full] INFO: Found 25 listings on https://www.pakwheels.com/used-cars/search/-/?sortby=model_year-desc&page=3000
2026-07-26 06:51:11 [pakwheels_full] INFO: Found 25 listings on https://www.pakwheels.com/used-cars/search/-/?sortby=model_year-desc&page=3001
2026-07-26 06:51:18 [pakwheels_full] INFO: Found 25 listings on https://www.pakwheels.com/used-cars/search/-/?sortby=model_year-desc&page=3002
2026-07-26 06:51:23 [pakwheels_full] INFO: Found 25 listings on https://www.pakwheels.com/used-cars/search/-/?sortby=model_year-desc&page=3003
2026-07-26 06:51:32 [pakwheels_full] INFO: Found 25 listings on https://www.pakwheels.com/used-cars/search/-/?sortby=model_year-desc&page=3004
2026-07-26 06:51:39 [pakwheels_full] INFO: Found 25 listings on https://www.pakwheels.com/used-cars/search/-/?sortby=model_year-desc&page=3005
2026-07-26 06:51:47 [pakwheels_full] INFO: Found 25 listings on https://www.pakwheels.com/used-cars/search/-/?sortby=model_year-desc&page=3006
2026-07-26 06:51:48 [scrapy.extensions.logstats] INFO: Crawled 55105 pages (at 160 pages/min), scraped 52098 items (at 150 items/min)
2026-07-26 06:51:55 [pakwheels_full] INFO: Found 25 listings on https://www.pakwheels.com/used-cars/search/-/?sortby=model_year-desc&page=3007
2026-07-26 06:52:00 [pakwheels_full] INFO: Found 25 listings on https://www.pakwheels.com/used-cars/search/-/?sortby=model_year-desc&page=3008
2026-07-26 06:52:07 [pakwheels_full] INFO: Found 25 listings on https://www.pakwheels.com/used-cars/search/-/?sortby=model_year-desc&page=3009
2026-07-26 06:52:13 [pakwheels_full] INFO: Found 25 listings on https://www.pakwheels.com/used-cars/search/-/?sortby=model_year-desc&page=3010
2026-07-26 06:52:19 [pakwheels_full] INFO: Found 25 listings on https://www.pakwheels.com/used-cars/search/-/?sortby=model_year-desc&page=3011
2026-07-26 06:52:26 [pakwheels_full] INFO: Found 25 listings on https://www.pakwheels.com/used-cars/search/-/?sortby=model_year-desc&page=3012
2026-07-26 06:52:33 [pakwheels_full] INFO: Found 25 listings on https://www.pakwheels.com/used-cars/search/-/?sortby=model_year-desc&page=3013
2026-07-26 06:52:40 [pakwheels_full] INFO: Found 25 listings on https://www.pakwheels.com/used-cars/search/-/?sortby=model_year-desc&page=3014
2026-07-26 06:52:47 [pakwheels_full] INFO: Found 25 listings on https://www.pakwheels.com/used-cars/search/-/?sortby=model_year-desc&page=3015
2026-07-26 06:52:48 [scrapy.extensions.logstats] INFO: Crawled 55274 pages (at 169 pages/min), scraped 52258 items (at 160 items/min)
2026-07-26 06:52:53 [pakwheels_full] INFO: Found 25 listings on https://www.pakwheels.com/used-cars/search/-/?sortby=model_year-desc&page=3016
2026-07-26 06:53:00 [pakwheels_full] INFO: Found 25 listings on https://www.pakwheels.com/used-cars/search/-/?sortby=model_year-desc&page=3017
2026-07-26 06:53:07 [pakwheels_full] INFO: Found 25 listings on https://www.pakwheels.com/used-cars/search/-/?sortby=model_year-desc&page=3018
2026-07-26 06:53:14 [pakwheels_full] INFO: Found 25 listings on https://www.pakwheels.com/used-cars/search/-/?sortby=model_year-desc&page=3019
2026-07-26 06:53:20 [pakwheels_full] INFO: Found 25 listings on https://www.pakwheels.com/used-cars/search/-/?sortby=model_year-desc&page=3020
2026-07-26 06:53:28 [pakwheels_full] INFO: Found 25 listings on https://www.pakwheels.com/used-cars/search/-/?sortby=model_year-desc&page=3021
2026-07-26 06:53:35 [pakwheels_full] INFO: Found 25 listings on https://www.pakwheels.com/used-cars/search/-/?sortby=model_year-desc&page=3022
2026-07-26 06:53:41 [pakwheels_full] INFO: Found 25 listings on https://www.pakwheels.com/used-cars/search/-/?sortby=model_year-desc&page=3023
2026-07-26 06:53:47 [pakwheels_full] INFO: Found 25 listings on https://www.pakwheels.com/used-cars/search/-/?sortby=model_year-desc&page=3024
2026-07-26 06:53:48 [scrapy.extensions.logstats] INFO: Crawled 55440 pages (at 166 pages/min), scraped 52416 items (at 158 items/min)
2026-07-26 06:53:53 [pakwheels_full] INFO: Found 25 listings on https://www.pakwheels.com/used-cars/search/-/?sortby=model_year-desc&page=3025
2026-07-26 06:54:00 [pakwheels_full] INFO: Found 25 listings on https://www.pakwheels.com/used-cars/search/-/?sortby=model_year-desc&page=3026
2026-07-26 06:54:07 [pakwheels_full] INFO: Found 25 listings on https://www.pakwheels.com/used-cars/search/-/?sortby=model_year-desc&page=3027
2026-07-26 06:54:13 [pakwheels_full] INFO: Found 25 listings on https://www.pakwheels.com/used-cars/search/-/?sortby=model_year-desc&page=3028
2026-07-26 06:54:19 [pakwheels_full] INFO: Found 25 listings on https://www.pakwheels.com/used-cars/search/-/?sortby=model_year-desc&page=3029
2026-07-26 06:54:25 [pakwheels_full] INFO: Found 25 listings on https://www.pakwheels.com/used-cars/search/-/?sortby=model_year-desc&page=3030
2026-07-26 06:54:31 [pakwheels_full] INFO: Found 25 listings on https://www.pakwheels.com/used-cars/search/-/?sortby=model_year-desc&page=3031
2026-07-26 06:54:38 [pakwheels_full] INFO: Found 25 listings on https://www.pakwheels.com/used-cars/search/-/?sortby=model_year-desc&page=3032
2026-07-26 06:54:44 [pakwheels_full] INFO: Found 25 listings on https://www.pakwheels.com/used-cars/search/-/?sortby=model_year-desc&page=3033
2026-07-26 06:54:48 [scrapy.extensions.logstats] INFO: Crawled 55610 pages (at 170 pages/min), scraped 52576 items (at 160 items/min)
2026-07-26 06:54:50 [pakwheels_full] INFO: Found 25 listings on https://www.pakwheels.com/used-cars/search/-/?sortby=model_year-desc&page=3034
2026-07-26 06:54:58 [pakwheels_full] INFO: Found 25 listings on https://www.pakwheels.com/used-cars/search/-/?sortby=model_year-desc&page=3035
2026-07-26 06:55:02 [pakwheels_full] INFO: Found 25 listings on https://www.pakwheels.com/used-cars/search/-/?sortby=model_year-desc&page=3036
2026-07-26 06:55:09 [pakwheels_full] INFO: Found 25 listings on https://www.pakwheels.com/used-cars/search/-/?sortby=model_year-desc&page=3037
2026-07-26 06:55:15 [pakwheels_full] INFO: Found 25 listings on https://www.pakwheels.com/used-cars/search/-/?sortby=model_year-desc&page=3038
2026-07-26 06:55:22 [pakwheels_full] INFO: Found 25 listings on https://www.pakwheels.com/used-cars/search/-/?sortby=model_year-desc&page=3039
2026-07-26 06:55:28 [pakwheels_full] INFO: Found 25 listings on https://www.pakwheels.com/used-cars/search/-/?sortby=model_year-desc&page=3040
2026-07-26 06:55:34 [pakwheels_full] INFO: Found 25 listings on https://www.pakwheels.com/used-cars/search/-/?sortby=model_year-desc&page=3041
2026-07-26 06:55:41 [pakwheels_full] INFO: Found 25 listings on https://www.pakwheels.com/used-cars/search/-/?sortby=model_year-desc&page=3042
2026-07-26 06:55:48 [scrapy.extensions.logstats] INFO: Crawled 55778 pages (at 168 pages/min), scraped 52735 items (at 159 items/min)
2026-07-26 06:55:49 [pakwheels_full] INFO: Found 25 listings on https://www.pakwheels.com/used-cars/search/-/?sortby=model_year-desc&page=3043
2026-07-26 06:55:55 [pakwheels_full] INFO: Found 25 listings on https://www.pakwheels.com/used-cars/search/-/?sortby=model_year-desc&page=3044
2026-07-26 06:56:02 [pakwheels_full] INFO: Found 25 listings on https://www.pakwheels.com/used-cars/search/-/?sortby=model_year-desc&page=3045
2026-07-26 06:56:08 [pakwheels_full] INFO: Found 25 listings on https://www.pakwheels.com/used-cars/search/-/?sortby=model_year-desc&page=3046
2026-07-26 06:56:16 [pakwheels_full] INFO: Found 25 listings on https://www.pakwheels.com/used-cars/search/-/?sortby=model_year-desc&page=3047
2026-07-26 06:56:23 [pakwheels_full] INFO: Found 25 listings on https://www.pakwheels.com/used-cars/search/-/?sortby=model_year-desc&page=3048
2026-07-26 06:56:29 [pakwheels_full] INFO: Found 25 listings on https://www.pakwheels.com/used-cars/search/-/?sortby=model_year-desc&page=3049
2026-07-26 06:56:35 [pakwheels_full] INFO: Found 25 listings on https://www.pakwheels.com/used-cars/search/-/?sortby=model_year-desc&page=3050
2026-07-26 06:56:41 [pakwheels_full] INFO: Found 25 listings on https://www.pakwheels.com/used-cars/search/-/?sortby=model_year-desc&page=3051
2026-07-26 06:56:47 [pakwheels_full] INFO: Found 25 listings on https://www.pakwheels.com/used-cars/search/-/?sortby=model_year-desc&page=3052
2026-07-26 06:56:49 [scrapy.extensions.logstats] INFO: Crawled 55945 pages (at 167 pages/min), scraped 52892 items (at 157 items/min)
2026-07-26 06:56:56 [pakwheels_full] INFO: Found 25 listings on https://www.pakwheels.com/used-cars/search/-/?sortby=model_year-desc&page=3053
2026-07-26 06:57:03 [pakwheels_full] INFO: Found 25 listings on https://www.pakwheels.com/used-cars/search/-/?sortby=model_year-desc&page=3054
2026-07-26 06:57:11 [pakwheels_full] INFO: Found 25 listings on https://www.pakwheels.com/used-cars/search/-/?sortby=model_year-desc&page=3055
2026-07-26 06:57:17 [pakwheels_full] INFO: Found 25 listings on https://www.pakwheels.com/used-cars/search/-/?sortby=model_year-desc&page=3056
2026-07-26 06:57:24 [pakwheels_full] INFO: Found 25 listings on https://www.pakwheels.com/used-cars/search/-/?sortby=model_year-desc&page=3057
2026-07-26 06:57:30 [pakwheels_full] INFO: Found 25 listings on https://www.pakwheels.com/used-cars/search/-/?sortby=model_year-desc&page=3058
2026-07-26 06:57:37 [pakwheels_full] INFO: Found 25 listings on https://www.pakwheels.com/used-cars/search/-/?sortby=model_year-desc&page=3059
2026-07-26 06:57:43 [pakwheels_full] INFO: Found 25 listings on https://www.pakwheels.com/used-cars/search/-/?sortby=model_year-desc&page=3060
2026-07-26 06:57:48 [scrapy.extensions.logstats] INFO: Crawled 56106 pages (at 161 pages/min), scraped 53045 items (at 153 items/min)
2026-07-26 06:57:50 [pakwheels_full] INFO: Found 25 listings on https://www.pakwheels.com/used-cars/search/-/?sortby=model_year-desc&page=3061
2026-07-26 06:57:57 [pakwheels_full] INFO: Found 25 listings on https://www.pakwheels.com/used-cars/search/-/?sortby=model_year-desc&page=3062
2026-07-26 06:58:03 [pakwheels_full] INFO: Found 25 listings on https://www.pakwheels.com/used-cars/search/-/?sortby=model_year-desc&page=3063
2026-07-26 06:58:08 [pakwheels_full] INFO: Found 25 listings on https://www.pakwheels.com/used-cars/search/-/?sortby=model_year-desc&page=3064
2026-07-26 06:58:15 [pakwheels_full] INFO: Found 25 listings on https://www.pakwheels.com/used-cars/search/-/?sortby=model_year-desc&page=3065
2026-07-26 06:58:20 [pakwheels_full] INFO: Found 25 listings on https://www.pakwheels.com/used-cars/search/-/?sortby=model_year-desc&page=3066
2026-07-26 06:58:26 [pakwheels_full] INFO: Found 25 listings on https://www.pakwheels.com/used-cars/search/-/?sortby=model_year-desc&page=3067
2026-07-26 06:58:32 [pakwheels_full] INFO: Found 25 listings on https://www.pakwheels.com/used-cars/search/-/?sortby=model_year-desc&page=3068
2026-07-26 06:58:39 [pakwheels_full] INFO: Found 25 listings on https://www.pakwheels.com/used-cars/search/-/?sortby=model_year-desc&page=3069
2026-07-26 06:58:45 [pakwheels_full] INFO: Found 25 listings on https://www.pakwheels.com/used-cars/search/-/?sortby=model_year-desc&page=3070
2026-07-26 06:58:48 [scrapy.extensions.logstats] INFO: Crawled 56282 pages (at 176 pages/min), scraped 53212 items (at 167 items/min)
2026-07-26 06:58:52 [pakwheels_full] INFO: Found 25 listings on https://www.pakwheels.com/used-cars/search/-/?sortby=model_year-desc&page=3071
2026-07-26 06:58:58 [pakwheels_full] INFO: Found 25 listings on https://www.pakwheels.com/used-cars/search/-/?sortby=model_year-desc&page=3072
2026-07-26 06:59:05 [pakwheels_full] INFO: Found 25 listings on https://www.pakwheels.com/used-cars/search/-/?sortby=model_year-desc&page=3073
2026-07-26 06:59:11 [pakwheels_full] INFO: Found 25 listings on https://www.pakwheels.com/used-cars/search/-/?sortby=model_year-desc&page=3074
2026-07-26 06:59:18 [pakwheels_full] INFO: Found 25 listings on https://www.pakwheels.com/used-cars/search/-/?sortby=model_year-desc&page=3075
2026-07-26 06:59:25 [pakwheels_full] INFO: Found 25 listings on https://www.pakwheels.com/used-cars/search/-/?sortby=model_year-desc&page=3076
2026-07-26 06:59:31 [pakwheels_full] INFO: Found 25 listings on https://www.pakwheels.com/used-cars/search/-/?sortby=model_year-desc&page=3077
2026-07-26 06:59:38 [pakwheels_full] INFO: Found 25 listings on https://www.pakwheels.com/used-cars/search/-/?sortby=model_year-desc&page=3078
2026-07-26 06:59:44 [pakwheels_full] INFO: Found 25 listings on https://www.pakwheels.com/used-cars/search/-/?sortby=model_year-desc&page=3079
2026-07-26 06:59:48 [scrapy.extensions.logstats] INFO: Crawled 56450 pages (at 168 pages/min), scraped 53371 items (at 159 items/min)
2026-07-26 06:59:51 [pakwheels_full] INFO: Found 25 listings on https://www.pakwheels.com/used-cars/search/-/?sortby=model_year-desc&page=3080
2026-07-26 06:59:57 [pakwheels_full] INFO: Found 25 listings on https://www.pakwheels.com/used-cars/search/-/?sortby=model_year-desc&page=3081
2026-07-26 07:00:04 [pakwheels_full] INFO: Found 25 listings on https://www.pakwheels.com/used-cars/search/-/?sortby=model_year-desc&page=3082
2026-07-26 07:00:11 [pakwheels_full] INFO: Found 25 listings on https://www.pakwheels.com/used-cars/search/-/?sortby=model_year-desc&page=3083
2026-07-26 07:00:17 [pakwheels_full] INFO: Found 25 listings on https://www.pakwheels.com/used-cars/search/-/?sortby=model_year-desc&page=3084
2026-07-26 07:00:24 [pakwheels_full] INFO: Found 25 listings on https://www.pakwheels.com/used-cars/search/-/?sortby=model_year-desc&page=3085
2026-07-26 07:00:30 [pakwheels_full] INFO: Found 25 listings on https://www.pakwheels.com/used-cars/search/-/?sortby=model_year-desc&page=3086
2026-07-26 07:00:37 [pakwheels_full] INFO: Found 25 listings on https://www.pakwheels.com/used-cars/search/-/?sortby=model_year-desc&page=3087
2026-07-26 07:00:45 [pakwheels_full] INFO: Found 25 listings on https://www.pakwheels.com/used-cars/search/-/?sortby=model_year-desc&page=3088
2026-07-26 07:00:48 [scrapy.extensions.logstats] INFO: Crawled 56619 pages (at 169 pages/min), scraped 53531 items (at 160 items/min)
2026-07-26 07:00:51 [pakwheels_full] INFO: Found 25 listings on https://www.pakwheels.com/used-cars/search/-/?sortby=model_year-desc&page=3089
2026-07-26 07:00:58 [pakwheels_full] INFO: Found 25 listings on https://www.pakwheels.com/used-cars/search/-/?sortby=model_year-desc&page=3090
2026-07-26 07:01:05 [pakwheels_full] INFO: Found 25 listings on https://www.pakwheels.com/used-cars/search/-/?sortby=model_year-desc&page=3091
2026-07-26 07:01:11 [pakwheels_full] INFO: Found 25 listings on https://www.pakwheels.com/used-cars/search/-/?sortby=model_year-desc&page=3092
2026-07-26 07:01:17 [pakwheels_full] INFO: Found 25 listings on https://www.pakwheels.com/used-cars/search/-/?sortby=model_year-desc&page=3093
2026-07-26 07:01:24 [pakwheels_full] INFO: Found 25 listings on https://www.pakwheels.com/used-cars/search/-/?sortby=model_year-desc&page=3094
2026-07-26 07:01:29 [pakwheels_full] INFO: Found 25 listings on https://www.pakwheels.com/used-cars/search/-/?sortby=model_year-desc&page=3095
2026-07-26 07:01:37 [pakwheels_full] INFO: Found 25 listings on https://www.pakwheels.com/used-cars/search/-/?sortby=model_year-desc&page=3096
2026-07-26 07:01:44 [pakwheels_full] INFO: Found 25 listings on https://www.pakwheels.com/used-cars/search/-/?sortby=model_year-desc&page=3097
2026-07-26 07:01:48 [scrapy.extensions.logstats] INFO: Crawled 56784 pages (at 165 pages/min), scraped 53686 items (at 155 items/min)
2026-07-26 07:01:50 [pakwheels_full] INFO: Found 25 listings on https://www.pakwheels.com/used-cars/search/-/?sortby=model_year-desc&page=3098
2026-07-26 07:01:56 [pakwheels_full] INFO: Found 25 listings on https://www.pakwheels.com/used-cars/search/-/?sortby=model_year-desc&page=3099
2026-07-26 07:02:04 [pakwheels_full] INFO: Found 25 listings on https://www.pakwheels.com/used-cars/search/-/?sortby=model_year-desc&page=3100
2026-07-26 07:02:14 [pakwheels_full] INFO: Found 25 listings on https://www.pakwheels.com/used-cars/search/-/?sortby=model_year-desc&page=3101
2026-07-26 07:02:21 [pakwheels_full] INFO: Found 25 listings on https://www.pakwheels.com/used-cars/search/-/?sortby=model_year-desc&page=3102
2026-07-26 07:02:26 [pakwheels_full] INFO: Found 25 listings on https://www.pakwheels.com/used-cars/search/-/?sortby=model_year-desc&page=3103
2026-07-26 07:02:32 [pakwheels_full] INFO: Found 25 listings on https://www.pakwheels.com/used-cars/search/-/?sortby=model_year-desc&page=3104
2026-07-26 07:02:40 [pakwheels_full] INFO: Found 25 listings on https://www.pakwheels.com/used-cars/search/-/?sortby=model_year-desc&page=3105
2026-07-26 07:02:46 [pakwheels_full] INFO: Found 4 listings on https://www.pakwheels.com/used-cars/search/-/?sortby=model_year-desc&page=3106
2026-07-26 07:02:48 [scrapy.extensions.logstats] INFO: Crawled 56940 pages (at 156 pages/min), scraped 53834 items (at 148 items/min)
2026-07-26 07:03:48 [scrapy.extensions.logstats] INFO: Crawled 57113 pages (at 173 pages/min), scraped 54004 items (at 170 items/min)
2026-07-26 07:04:48 [scrapy.extensions.logstats] INFO: Crawled 57279 pages (at 166 pages/min), scraped 54173 items (at 169 items/min)
2026-07-26 07:05:48 [scrapy.extensions.logstats] INFO: Crawled 57435 pages (at 156 pages/min), scraped 54328 items (at 155 items/min)
2026-07-26 07:06:48 [scrapy.extensions.logstats] INFO: Crawled 57593 pages (at 158 pages/min), scraped 54487 items (at 159 items/min)
2026-07-26 07:07:48 [scrapy.extensions.logstats] INFO: Crawled 57764 pages (at 171 pages/min), scraped 54658 items (at 171 items/min)
2026-07-26 07:08:48 [scrapy.extensions.logstats] INFO: Crawled 57921 pages (at 157 pages/min), scraped 54815 items (at 157 items/min)
2026-07-26 07:09:48 [scrapy.extensions.logstats] INFO: Crawled 58088 pages (at 167 pages/min), scraped 54981 items (at 166 items/min)
2026-07-26 07:10:48 [scrapy.extensions.logstats] INFO: Crawled 58242 pages (at 154 pages/min), scraped 55136 items (at 155 items/min)
2026-07-26 07:11:48 [scrapy.extensions.logstats] INFO: Crawled 58414 pages (at 172 pages/min), scraped 55308 items (at 172 items/min)
2026-07-26 07:12:48 [scrapy.extensions.logstats] INFO: Crawled 58578 pages (at 164 pages/min), scraped 55472 items (at 164 items/min)
2026-07-26 07:13:48 [scrapy.extensions.logstats] INFO: Crawled 58746 pages (at 168 pages/min), scraped 55640 items (at 168 items/min)
2026-07-26 07:14:48 [scrapy.extensions.logstats] INFO: Crawled 58918 pages (at 172 pages/min), scraped 55812 items (at 172 items/min)
2026-07-26 07:15:48 [scrapy.extensions.logstats] INFO: Crawled 59089 pages (at 171 pages/min), scraped 55983 items (at 171 items/min)
2026-07-26 07:16:48 [scrapy.extensions.logstats] INFO: Crawled 59266 pages (at 177 pages/min), scraped 56159 items (at 176 items/min)
2026-07-26 07:17:48 [scrapy.extensions.logstats] INFO: Crawled 59436 pages (at 170 pages/min), scraped 56329 items (at 170 items/min)
2026-07-26 07:18:48 [scrapy.extensions.logstats] INFO: Crawled 59598 pages (at 162 pages/min), scraped 56491 items (at 162 items/min)
2026-07-26 07:19:48 [scrapy.extensions.logstats] INFO: Crawled 59754 pages (at 156 pages/min), scraped 56647 items (at 156 items/min)
2026-07-26 07:20:48 [scrapy.extensions.logstats] INFO: Crawled 59916 pages (at 162 pages/min), scraped 56810 items (at 163 items/min)
2026-07-26 07:21:48 [scrapy.extensions.logstats] INFO: Crawled 60078 pages (at 162 pages/min), scraped 56972 items (at 162 items/min)
2026-07-26 07:22:48 [scrapy.extensions.logstats] INFO: Crawled 60247 pages (at 169 pages/min), scraped 57140 items (at 168 items/min)
2026-07-26 07:23:48 [scrapy.extensions.logstats] INFO: Crawled 60412 pages (at 165 pages/min), scraped 57305 items (at 165 items/min)
2026-07-26 07:24:48 [scrapy.extensions.logstats] INFO: Crawled 60568 pages (at 156 pages/min), scraped 57460 items (at 155 items/min)
2026-07-26 07:25:48 [scrapy.extensions.logstats] INFO: Crawled 60724 pages (at 156 pages/min), scraped 57618 items (at 158 items/min)
2026-07-26 07:26:48 [scrapy.extensions.logstats] INFO: Crawled 60894 pages (at 170 pages/min), scraped 57788 items (at 170 items/min)
2026-07-26 07:27:48 [scrapy.extensions.logstats] INFO: Crawled 61063 pages (at 169 pages/min), scraped 57957 items (at 169 items/min)
2026-07-26 07:28:48 [scrapy.extensions.logstats] INFO: Crawled 61227 pages (at 164 pages/min), scraped 58120 items (at 163 items/min)
2026-07-26 07:29:48 [scrapy.extensions.logstats] INFO: Crawled 61394 pages (at 167 pages/min), scraped 58288 items (at 168 items/min)
2026-07-26 07:30:48 [scrapy.extensions.logstats] INFO: Crawled 61555 pages (at 161 pages/min), scraped 58448 items (at 160 items/min)
2026-07-26 07:31:48 [scrapy.extensions.logstats] INFO: Crawled 61727 pages (at 172 pages/min), scraped 58621 items (at 173 items/min)
2026-07-26 07:32:48 [scrapy.extensions.logstats] INFO: Crawled 61901 pages (at 174 pages/min), scraped 58795 items (at 174 items/min)
2026-07-26 07:33:48 [scrapy.extensions.logstats] INFO: Crawled 62079 pages (at 178 pages/min), scraped 58972 items (at 177 items/min)
2026-07-26 07:34:48 [scrapy.extensions.logstats] INFO: Crawled 62243 pages (at 164 pages/min), scraped 59137 items (at 165 items/min)
2026-07-26 07:35:48 [scrapy.extensions.logstats] INFO: Crawled 62406 pages (at 163 pages/min), scraped 59300 items (at 163 items/min)
2026-07-26 07:36:48 [scrapy.extensions.logstats] INFO: Crawled 62557 pages (at 151 pages/min), scraped 59451 items (at 151 items/min)
2026-07-26 07:37:48 [scrapy.extensions.logstats] INFO: Crawled 62718 pages (at 161 pages/min), scraped 59611 items (at 160 items/min)
2026-07-26 07:38:48 [scrapy.extensions.logstats] INFO: Crawled 62882 pages (at 164 pages/min), scraped 59775 items (at 164 items/min)
2026-07-26 07:39:48 [scrapy.extensions.logstats] INFO: Crawled 63046 pages (at 164 pages/min), scraped 59939 items (at 164 items/min)
2026-07-26 07:40:48 [scrapy.extensions.logstats] INFO: Crawled 63196 pages (at 150 pages/min), scraped 60090 items (at 151 items/min)
2026-07-26 07:41:48 [scrapy.extensions.logstats] INFO: Crawled 63354 pages (at 158 pages/min), scraped 60247 items (at 157 items/min)
2026-07-26 07:42:48 [scrapy.extensions.logstats] INFO: Crawled 63505 pages (at 151 pages/min), scraped 60399 items (at 152 items/min)
2026-07-26 07:43:48 [scrapy.extensions.logstats] INFO: Crawled 63664 pages (at 159 pages/min), scraped 60557 items (at 158 items/min)
2026-07-26 07:44:48 [scrapy.extensions.logstats] INFO: Crawled 63818 pages (at 154 pages/min), scraped 60711 items (at 154 items/min)
2026-07-26 07:45:48 [scrapy.extensions.logstats] INFO: Crawled 63980 pages (at 162 pages/min), scraped 60874 items (at 163 items/min)
2026-07-26 07:46:48 [scrapy.extensions.logstats] INFO: Crawled 64139 pages (at 159 pages/min), scraped 61033 items (at 159 items/min)
2026-07-26 07:47:48 [scrapy.extensions.logstats] INFO: Crawled 64291 pages (at 152 pages/min), scraped 61184 items (at 151 items/min)
2026-07-26 07:48:48 [scrapy.extensions.logstats] INFO: Crawled 64446 pages (at 155 pages/min), scraped 61340 items (at 156 items/min)
2026-07-26 07:49:48 [scrapy.extensions.logstats] INFO: Crawled 64597 pages (at 151 pages/min), scraped 61490 items (at 150 items/min)
2026-07-26 07:50:48 [scrapy.extensions.logstats] INFO: Crawled 64750 pages (at 153 pages/min), scraped 61644 items (at 154 items/min)
2026-07-26 07:51:48 [scrapy.extensions.logstats] INFO: Crawled 64907 pages (at 157 pages/min), scraped 61800 items (at 156 items/min)
2026-07-26 07:52:48 [scrapy.extensions.logstats] INFO: Crawled 65046 pages (at 139 pages/min), scraped 61939 items (at 139 items/min)
2026-07-26 07:53:48 [scrapy.extensions.logstats] INFO: Crawled 65186 pages (at 140 pages/min), scraped 62080 items (at 141 items/min)
2026-07-26 07:54:48 [scrapy.extensions.logstats] INFO: Crawled 65340 pages (at 154 pages/min), scraped 62233 items (at 153 items/min)
2026-07-26 07:55:48 [scrapy.extensions.logstats] INFO: Crawled 65487 pages (at 147 pages/min), scraped 62381 items (at 148 items/min)
2026-07-26 07:56:48 [scrapy.extensions.logstats] INFO: Crawled 65636 pages (at 149 pages/min), scraped 62529 items (at 148 items/min)
2026-07-26 07:57:48 [scrapy.extensions.logstats] INFO: Crawled 65777 pages (at 141 pages/min), scraped 62671 items (at 142 items/min)
2026-07-26 07:58:48 [scrapy.extensions.logstats] INFO: Crawled 65924 pages (at 147 pages/min), scraped 62818 items (at 147 items/min)
2026-07-26 07:59:48 [scrapy.extensions.logstats] INFO: Crawled 66063 pages (at 139 pages/min), scraped 62957 items (at 139 items/min)
2026-07-26 08:00:48 [scrapy.extensions.logstats] INFO: Crawled 66214 pages (at 151 pages/min), scraped 63108 items (at 151 items/min)
2026-07-26 08:01:48 [scrapy.extensions.logstats] INFO: Crawled 66356 pages (at 142 pages/min), scraped 63250 items (at 142 items/min)
2026-07-26 08:02:48 [scrapy.extensions.logstats] INFO: Crawled 66501 pages (at 145 pages/min), scraped 63394 items (at 144 items/min)
2026-07-26 08:03:48 [scrapy.extensions.logstats] INFO: Crawled 66647 pages (at 146 pages/min), scraped 63541 items (at 147 items/min)
2026-07-26 08:04:48 [scrapy.extensions.logstats] INFO: Crawled 66798 pages (at 151 pages/min), scraped 63692 items (at 151 items/min)
2026-07-26 08:05:48 [scrapy.extensions.logstats] INFO: Crawled 66934 pages (at 136 pages/min), scraped 63826 items (at 134 items/min)
2026-07-26 08:06:48 [scrapy.extensions.logstats] INFO: Crawled 67072 pages (at 138 pages/min), scraped 63966 items (at 140 items/min)
2026-07-26 08:07:48 [scrapy.extensions.logstats] INFO: Crawled 67226 pages (at 154 pages/min), scraped 64119 items (at 153 items/min)
2026-07-26 08:08:04 [dealwheel_scraper.extractors] WARNING: No usable JSON-LD found on https://www.pakwheels.com/used-cars/jetour-t2-2026-for-sale-in-karachi-11742504 — falling back to spec-list/meta-description.
2026-07-26 08:08:48 [scrapy.extensions.logstats] INFO: Crawled 67361 pages (at 135 pages/min), scraped 64255 items (at 136 items/min)
2026-07-26 08:09:09 [dealwheel_scraper.extractors] WARNING: No usable JSON-LD found on https://www.pakwheels.com/used-cars/jaecoo-j7-2026-for-sale-in-bahawalpur-11690678 — falling back to spec-list/meta-description.
2026-07-26 08:09:48 [scrapy.extensions.logstats] INFO: Crawled 67514 pages (at 153 pages/min), scraped 64408 items (at 153 items/min)
2026-07-26 08:10:04 [scrapy.core.engine] INFO: Closing spider (finished)
2026-07-26 08:10:04 [pakwheels_full] INFO: Crawl finished: scraped=64449 new=63334 updated=1115 errors=0 duration=26415s
2026-07-26 08:10:04 [scrapy.statscollectors] INFO: Dumping Scrapy stats:
{'downloader/request_bytes': 75742137,
 'downloader/request_count': 67556,
 'downloader/request_method_count/GET': 67556,
 'downloader/response_bytes': 3226235465,
 'downloader/response_count': 67556,
 'downloader/response_status_count/200': 67555,
 'downloader/response_status_count/302': 1,
 'dupefilter/filtered': 13181,
 'elapsed_time_seconds': 26415.779426099994,
 'finish_reason': 'finished',
 'finish_time': datetime.datetime(2026, 7, 26, 3, 10, 4, 315115, tzinfo=datetime.timezone.utc),
 'httpcompression/response_bytes': 16024912191,
 'httpcompression/response_count': 67555,
 'item_scraped_count': 64449,
 'items_per_minute': 146.39182282793868,
 'log_count/INFO': 3550,
 'log_count/WARNING': 20,
 'request_depth_max': 3106,
 'response_received_count': 67555,
 'responses_per_minute': 153.44690516751845,
 'scheduler/dequeued': 67556,
 'scheduler/dequeued/memory': 67556,
 'scheduler/enqueued': 67556,
 'scheduler/enqueued/memory': 67556,
 'start_time': datetime.datetime(2026, 7, 25, 19, 49, 48, 535691, tzinfo=datetime.timezone.utc)}
2026-07-26 08:10:04 [scrapy.core.engine] INFO: Spider closed (finished)
